player_register_id,player,date_of_birth,birth_city,_strict,_loose,_dob,_birth_year,review_reason,date_of_birth_kbo,_strict_kbo,_dob_kbo,key_person,key_uuid,key_mlbam,key_retro,key_bbref,key_bbref_minors,key_fangraphs,name_last,name_first,name_given,birth_year,birth_month,birth_day,pro_played_first,pro_played_last,mlb_played_first,mlb_played_last,name,date_of_birth_mlb,_strict_mlb,_dob_mlb,match_tier,match_confidence
kim---012yon,Yong-soo Kim,1960-05-02,,KIM|sooyong,KIM|soyong,1960-05-02,1960,no_match,,,,,,,,,,,,,,,,,,,,,,,,,,
kim---037seo,Sung Rae Kim,1961-12-03,,KIM|raesung,KIM|lesong,1961-12-03,1961,no_match,,,,,,,,,,,,,,,,,,,,,,,,,,
lee---018san,Sang Kun Lee,1962-04-21,,LEE|kunsang,LEE|gonsang,1962-04-21,1962,no_match,,,,,,,,,,,,,,,,,,,,,,,,,,
kim---017jeo,Jeong Su Kim,1962-07-24,,KIM|jeongsu,KIM|jongso,1962-07-24,1962,no_match,,,,,,,,,,,,,,,,,,,,,,,,,,
cho---001gye,Kye Hyun Cho,1964-05-01,,CHO|hyunkye,CHO|gyehyon,1964-05-01,1964,no_match,,,,,,,,,,,,,,,,,,,,,,,,,,
lee---004gwa,Kwang Woo Lee,1965-03-14,,LEE|kwangwoo,LEE|gwangwo,1965-03-14,1965,no_match,,,,,,,,,,,,,,,,,,,,,,,,,,
han---000yon,Yong Duk Han,1965-06-02,,HAN|dukyong,HAN|dogyong,1965-06-02,1965,no_match,,,,,,,,,,,,,,,,,,,,,,,,,,
yan---001jul,Julian Yan,1965-07-24,"La Romana, La Romana, DO",|julianyan,|jolianyan,1965-07-24,1965,no_match,,,,,,,,,,,,,,,,,,,,,,,,,,
kim---012san,Sang-ho Kim,1965-10-19,,KIM|hosang,KIM|hosang,1965-10-19,1965,no_match,,,,,,,,,,,,,,,,,,,,,,,,,,
kim---009yeo,Yeong-hwa Kim,1965-11-20,,KIM|hwayeong,KIM|hwayong,1965-11-20,1965,no_match,,,,,,,,,,,,,,,,,,,,,,,,,,
kim---000weo,Eung Gook Kim,1966-01-14,,KIM|eunggook,KIM|gogong,1966-01-14,1966,no_match,,,,,,,,,,,,,,,,,,,,,,,,,,
song--000jin,Jin Woo Song,1966-02-16,,SONG|jinwoo,SONG|jinwo,1966-02-16,1966,no_match,,,,,,,,,,,,,,,,,,,,,,,,,,
rodrig001fer,Boi Rodriguez,1966-04-14,"Dorado Beach, PR",|boirodriguez,|boilodligoez,1966-04-14,1966,no_match,,,,,,,,,,,,,,,,,,,,,,,,,,
lee---001gan,Kang Chul Lee,1966-05-24,,LEE|chulkang,LEE|gangjol,1966-05-24,1966,no_match,,,,,,,,,,,,,,,,,,,,,,,,,,
jeong-000mye,Myung Won Chung,1966-06-14,,JUNG|myungwon,JUNG|myongwon,1966-06-14,1966,no_match,,,,,,,,,,,,,,,,,,,,,,,,,,
song--000yu-,Yu-seok Song,1966-07-16,,SONG|seokyu,SONG|sogyo,1966-07-16,1966,no_match,,,,,,,,,,,,,,,,,,,,,,,,,,
picota002len,Lenin Picota,1966-07-23,"Panama, Panama, PA",|leninpicota,|bigodalenin,1966-07-23,1966,no_match,,,,,,,,,,,,,,,,,,,,,,,,,,
kim---009jon,Jong-heon Kim,1966-07-27,,KIM|heonjong,KIM|honjong,1966-07-27,1966,no_match,,,,,,,,,,,,,,,,,,,,,,,,,,
lee---003mye,Myung Soo Lee,1966-07-29,,LEE|myungsoo,LEE|myongso,1966-07-29,1966,no_match,,,,,,,,,,,,,,,,,,,,,,,,,,
chou--002cha,Chang Ho Choi,1966-11-08,,CHOI|changho,CHOI|hojang,1966-11-08,1966,no_match,,,,,,,,,,,,,,,,,,,,,,,,,,
chou--000hun,Hoon Jae Choi,1967-01-21,,CHOI|hoonjae,CHOI|honje,1967-01-21,1967,no_match,,,,,,,,,,,,,,,,,,,,,,,,,,
kim---003in-,In Ho Kim,1967-01-26,,KIM|hoin,KIM|hoin,1967-01-26,1967,no_match,,,,,,,,,,,,,,,,,,,,,,,,,,
kim---016tae,Tae Seok Kim,1967-03-12,,KIM|seoktae,KIM|desog,1967-03-12,1967,no_match,,,,,,,,,,,,,,,,,,,,,,,,,,
chang-000gwa,Kwang Ho Chang,1967-04-14,,JANG|hokwang,JANG|gwangho,1967-04-14,1967,no_match,,,,,,,,,,,,,,,,,,,,,,,,,,
warren001bri,Brian Warren,1967-04-26,"Brockton, MA, US",|brianwarren,|blianwalen,1967-04-26,1967,no_match,,,,,,,,,,,,,,,,,,,,,,,,,,
kim---000ho-,Ho Kim,1967-05-03,,KIM|ho,KIM|ho,1967-05-03,1967,no_match,,,,,,,,,,,,,,,,,,,,,,,,,,
kim---026seo,Sun Jin Kim,1967-05-05,,KIM|jinsun,KIM|jinson,1967-05-05,1967,no_match,,,,,,,,,,,,,,,,,,,,,,,,,,
tanaka004yuk,Minoru Tanaka,1967-06-03,"Nishi Yodogawa Ward, Osaka, JP",|minorutanaka,|danagaminolo,1967-06-03,1967,no_match,,,,,,,,,,,,,,,,,,,,,,,,,,
iriki-001sat,Satoshi Iriki,1967-06-03,"Miyakonojo, Miyazaki, JP",|irikisatoshi,|iligisadosi,1967-06-03,1967,no_match,,,,,,,,,,,,,,,,,,,,,,,,,,
lee---004ho-,Ho-seong Lee,1967-07-17,,LEE|hoseong,LEE|hosong,1967-07-17,1967,no_match,,,,,,,,,,,,,,,,,,,,,,,,,,
kim---014tae,Tae Hyoung Kim,1967-09-12,,KIM|hyoungtae,KIM|dehyong,1967-09-12,1967,no_match,,,,,,,,,,,,,,,,,,,,,,,,,,
cho---001gyu,Kyu Jae Cho,1967-10-07,,CHO|jaekyu,CHO|gyoje,1967-10-07,1967,no_match,,,,,,,,,,,,,,,,,,,,,,,,,,
kong--000pil,Pill Sung Kong,1967-11-11,,GONG|pillsung,GONG|bilsong,1967-11-11,1967,no_match,,,,,,,,,,,,,,,,,,,,,,,,,,
kang--002seo,Seok Cheon Kang,1967-12-07,,KANG|cheonseok,KANG|jonsog,1967-12-07,1967,no_match,,,,,,,,,,,,,,,,,,,,,,,,,,
yang--000yon,Yong Mo Yang,1967-12-20,,YANG|moyong,YANG|moyong,1967-12-20,1967,no_match,,,,,,,,,,,,,,,,,,,,,,,,,,
evans-002dav,Dave Evans,1968-01-01,"Houston, TX, US",|daveevans,|daveevans,1968-01-01,1968,no_match,,,,,,,,,,,,,,,,,,,,,,,,,,
pak---001don,Dong-hyi Pak,1968-01-04,,PARK|donghyi,PARK|donghi,1968-01-04,1968,no_match,,,,,,,,,,,,,,,,,,,,,,,,,,
pak---001jin,Jin-seok Pak,1968-01-08,,PARK|jinseok,PARK|jinsog,1968-01-08,1968,no_match,,,,,,,,,,,,,,,,,,,,,,,,,,
kim---015tae,Tae Lyong Kim,1968-02-23,,KIM|lyongtae,KIM|delyong,1968-02-23,1968,no_match,,,,,,,,,,,,,,,,,,,,,,,,,,
yom---000gye,Kyoung Youb Youm,1968-03-01,,YEOM|kyoungyoub,YEOM|gyongyob,1968-03-01,1968,no_match,,,,,,,,,,,,,,,,,,,,,,,,,,
kim---009gye,Kyung Ki Kim,1968-04-05,,KIM|kikyung,KIM|gigyong,1968-04-05,1968,no_match,,,,,,,,,,,,,,,,,,,,,,,,,,
magee-001dan,Bo Magee,1968-04-09,"Biloxi, MS, US",|bomagee,|bomagi,1968-04-09,1968,no_match,,,,,,,,,,,,,,,,,,,,,,,,,,
chang-000jon,Jong Hoon Chang,1968-04-10,,JANG|hoonjong,JANG|honjong,1968-04-10,1968,no_match,,,,,,,,,,,,,,,,,,,,,,,,,,
kim---009gi-,Gi-deok Kim,1968-06-04,,KIM|deokgi,KIM|doggi,1968-06-04,1968,no_match,,,,,,,,,,,,,,,,,,,,,,,,,,
song--000gu-,Gu Hong Song,1968-06-23,,SONG|guhong,SONG|gohong,1968-06-23,1968,no_match,,,,,,,,,,,,,,,,,,,,,,,,,,
oh----000bon,Bong-Ok Oh,1968-07-08,,OH|bongok,OH|bongog,1968-07-08,1968,no_match,,,,,,,,,,,,,,,,,,,,,,,,,,
lim---000ju-,Ju-taek Lim,1968-09-25,,LIM|jutaek,LIM|degjo,1968-09-25,1968,no_match,,,,,,,,,,,,,,,,,,,,,,,,,,
chou--000hae,Hae-sik Chou,1968-09-30,,JOO|haesik,JOO|hesig,1968-09-30,1968,no_match,,,,,,,,,,,,,,,,,,,,,,,,,,
kim---008don,Dong Soo Kim,1968-10-27,,KIM|dongsoo,KIM|dongso,1968-10-27,1968,no_match,,,,,,,,,,,,,,,,,,,,,,,,,,
brinkl001dar,Darryl Brinkley,1968-12-23,"Stamford, CT, US",|brinkleydarryl,|blingleydalyl,1968-12-23,1968,no_match,,,,,,,,,,,,,,,,,,,,,,,,,,
pak---005jeo,Jeong-tae Pak,1969-01-27,,PARK|jeongtae,PARK|dejong,1969-01-27,1969,no_match,,,,,,,,,,,,,,,,,,,,,,,,,,
jeon--000jun,Jun Ho Jeon,1969-02-15,,JEON|hojun,JEON|hojon,1969-02-15,1969,no_match,,,,,,,,,,,,,,,,,,,,,,,,,,
kim---010min,Min Ho Kim,1969-03-19,,KIM|homin,KIM|homin,1969-03-19,1969,no_match,,,,,,,,,,,,,,,,,,,,,,,,,,
cha---001mye,Myung Suk Cha,1969-04-20,,CHA|myungsuk,CHA|myongsog,1969-04-20,1969,no_match,,,,,,,,,,,,,,,,,,,,,,,,,,
kim---012gi-,Ki Tai Kim,1969-05-23,,KIM|kitai,KIM|daigi,1969-05-23,1969,no_match,,,,,,,,,,,,,,,,,,,,,,,,,,
yang--000jun,Jun-hyeok Yang,1969-05-26,,YANG|hyeokjun,YANG|hyogjon,1969-05-26,1969,no_match,,,,,,,,,,,,,,,,,,,,,,,,,,
chang-001won,Won Jin Jang,1969-06-15,,JANG|jinwon,JANG|jinwon,1969-06-15,1969,no_match,,,,,,,,,,,,,,,,,,,,,,,,,,
pak---003jae,Jae Yong Park,1969-06-16,,PARK|jaeyong,PARK|jeyong,1969-06-16,1969,no_match,,,,,,,,,,,,,,,,,,,,,,,,,,
lim---000soo,Soo-hyeok Lim,1969-06-17,,LIM|hyeoksoo,LIM|hyogso,1969-06-17,1969,no_match,,,,,,,,,,,,,,,,,,,,,,,,,,
paul--001cor,Corey Paul,1969-06-21,"Chicago, IL, US",|coreypaul,|baolgoley,1969-06-21,1969,no_match,,,,,,,,,,,,,,,,,,,,,,,,,,
pak---004jeo,Jeong-hyeon Pak,1969-07-10,,PARK|hyeonjeong,PARK|hyonjong,1969-07-10,1969,no_match,,,,,,,,,,,,,,,,,,,,,,,,,,
ji----000yeo,Yeon Kyu Ji,1969-08-15,,JI|kyuyeon,JI|gyoyon,1969-08-15,1969,no_match,,,,,,,,,,,,,,,,,,,,,,,,,,
woods-001tyr,Ty Woods,1969-08-19,"Dade City, FL, US",|tywoods,|dywods,1969-08-19,1969,no_match,,,,,,,,,,,,,,,,,,,,,,,,,,
lee---001min,Min-ho Lee,1969-09-02,,LEE|homin,LEE|homin,1969-09-02,1969,no_match,,,,,,,,,,,,,,,,,,,,,,,,,,
ka----000deu,Deuk Yum Ka,1969-10-01,,YEOM|deukka,YEOM|dogga,1969-10-01,1969,no_match,,,,,,,,,,,,,,,,,,,,,,,,,,
kim---013tae,Tae Han Kim,1969-10-22,,KIM|hantae,KIM|dehan,1969-10-22,1969,no_match,,,,,,,,,,,,,,,,,,,,,,,,,,
kwon--000mye,Myung Chul Kwon,1969-10-28,,KWON|chulmyung,KWON|jolmyong,1969-10-28,1969,no_match,,,,,,,,,,,,,,,,,,,,,,,,,,
smith-014cha,Bubba Smith,1969-12-18,"Kernersville, NC, US",|bubbasmith,|bobasmid,1969-12-18,1969,no_match,,,,,,,,,,,,,,,,,,,,,,,,,,
kang--003seo,Sung Woo Kang,1970-01-05,,KANG|sungwoo,KANG|songwo,1970-01-05,1970,no_match,,,,,,,,,,,,,,,,,,,,,,,,,,
pak---001gye,Gye Won Park,1970-02-04,,PARK|gyewon,PARK|gyewon,1970-02-04,1970,no_match,,,,,,,,,,,,,,,,,,,,,,,,,,
an----001kyu,Kyung-hyun Ahn,1970-02-13,,AHN|hyunkyung,AHN|gyonghyon,1970-02-13,1970,no_match,,,,,,,,,,,,,,,,,,,,,,,,,,
chon--001min,Min Tae Chung,1970-03-01,,JUNG|mintae,JUNG|demin,1970-03-01,1970,no_match,,,,,,,,,,,,,,,,,,,,,,,,,,
kim---000chu,Chung-min Kim,1970-03-05,,KIM|chungmin,KIM|jongmin,1970-03-05,1970,no_match,,,,,,,,,,,,,,,,,,,,,,,,,,
kim---004jeo,Jung Min Kim,1970-03-15,,KIM|jungmin,KIM|jongmin,1970-03-15,1970,no_match,,,,,,,,,,,,,,,,,,,,,,,,,,
kim---016san,Sang Jin Kim,1970-03-15,,KIM|jinsang,KIM|jinsang,1970-03-15,1970,no_match,,,,,,,,,,,,,,,,,,,,,,,,,,
pak---000che,Cheol-hong Pak,1970-03-16,,PARK|cheolhong,PARK|hongjol,1970-03-16,1970,no_match,,,,,,,,,,,,,,,,,,,,,,,,,,
lee---006yon,Yong Ho Lee,1970-05-06,,LEE|hoyong,LEE|hoyong,1970-05-06,1970,no_match,,,,,,,,,,,,,,,,,,,,,,,,,,
kim---022san,Sang Yeop Kim,1970-05-11,,KIM|sangyeop,KIM|sangyob,1970-05-11,1970,no_match,,,,,,,,,,,,,,,,,,,,,,,,,,
ho----002jun,Jun Ho,1970-05-29,,JEON|ho,JEON|ho,1970-05-29,1970,no_match,,,,,,,,,,,,,,,,,,,,,,,,,,
pak---004san,Sang-geun Pak,1970-07-05,,PARK|geunsang,PARK|gonsang,1970-07-05,1970,no_match,,,,,,,,,,,,,,,,,,,,,,,,,,
kim---012hye,Hyun Uk Kim,1970-07-06,,KIM|hyunuk,KIM|hyonog,1970-07-06,1970,no_match,,,,,,,,,,,,,,,,,,,,,,,,,,
choo--000seo,Seong-geon Choo,1970-08-05,,JOO|geonseong,JOO|gonsong,1970-08-05,1970,no_match,,,,,,,,,,,,,,,,,,,,,,,,,,
son---000cha,Cha-hun Son,1970-08-11,,SON|chahun,SON|honja,1970-08-11,1970,no_match,,,,,,,,,,,,,,,,,,,,,,,,,,
ma----000hae,Hae-Yeong Ma,1970-08-14,,MA|haeyeong,MA|heyong,1970-08-14,1970,no_match,,,,,,,,,,,,,,,,,,,,,,,,,,
lee---003jon,Jong Beom Lee,1970-08-15,,LEE|beomjong,LEE|bomjong,1970-08-15,1970,no_match,,,,,,,,,,,,,,,,,,,,,,,,,,
chou--000tae,Tae Won Choi,1970-08-19,,CHOI|taewon,CHOI|dewon,1970-08-19,1970,no_match,,,,,,,,,,,,,,,,,,,,,,,,,,
pak---000chu,Chung-sik Pak,1970-09-03,,PARK|chungsik,PARK|jongsig,1970-09-03,1970,no_match,,,,,,,,,,,,,,,,,,,,,,,,,,
yu----000pil,Pil-seon Yu,1970-09-06,,RYU|pilseon,RYU|bilson,1970-09-06,1970,no_match,,,,,,,,,,,,,,,,,,,,,,,,,,
davis-008ger,Jay Davis,1970-10-03,"Chicago, IL, US",|davisjay,|davisjay,1970-10-03,1970,no_match,,,,,,,,,,,,,,,,,,,,,,,,,,
horne-001rog,Tyrone Horne,1970-11-02,"Troy, NC, US",|hornetyrone,|dyloneholne,1970-11-02,1970,no_match,,,,,,,,,,,,,,,,,,,,,,,,,,
jeong-000yeo,Yeong-gyu Jeong,1970-11-03,,JUNG|gyuyeong,JUNG|gyoyong,1970-11-03,1970,no_match,,,,,,,,,,,,,,,,,,,,,,,,,,
cho---000gye,Kyoung Taek Cho,1970-11-25,,CHO|kyoungtaek,CHO|deggyong,1970-11-25,1970,no_match,,,,,,,,,,,,,,,,,,,,,,,,,,
seo---000yon,Yong Bin Seo,1971-01-02,,SEO|binyong,SEO|binyong,1971-01-02,1971,no_match,,,,,,,,,,,,,,,,,,,,,,,,,,
kim---002hon,Hong-jip Kim,1971-01-30,,KIM|hongjip,KIM|hongjib,1971-01-30,1971,no_match,,,,,,,,,,,,,,,,,,,,,,,,,,
kim---004jon,Jong-seok Kim,1971-02-28,,KIM|jongseok,KIM|jongsog,1971-02-28,1971,no_match,,,,,,,,,,,,,,,,,,,,,,,,,,
song--000yeo,Yeong-jae Song,1971-03-09,,SONG|jaeyeong,SONG|jeyong,1971-03-09,1971,no_match,,,,,,,,,,,,,,,,,,,,,,,,,,
lee---003sun,Soong Yong Lee,1971-03-10,,LEE|soongyong,LEE|songyong,1971-03-10,1971,no_match,,,,,,,,,,,,,,,,,,,,,,,,,,
cho---000woo,Woong Chun Cho,1971-03-17,,CHO|chunwoong,CHO|jonwong,1971-03-17,1971,no_match,,,,,,,,,,,,,,,,,,,,,,,,,,
lee---008san,Sang-hun Lee,1971-03-21,,LEE|hunsang,LEE|honsang,1971-03-21,1971,no_match,,,,,,,,,,,,,,,,,,,,,,,,,,
han---000tae,Tae-gyun Han,1971-03-22,,HAN|gyuntae,HAN|degyon,1971-03-22,1971,no_match,,,,,,,,,,,,,,,,,,,,,,,,,,
yu----001hye,Hyeon-seung Yu,1971-03-27,,RYU|hyeonseung,RYU|hyonsong,1971-03-27,1971,no_match,,,,,,,,,,,,,,,,,,,,,,,,,,
choi--001hya,Hyang-Nam Choi,1971-03-28,"Kwangju, KR",CHOI|hyangnam,CHOI|hyangnam,1971-03-28,1971,no_match,,,,,,,,,,,,,,,,,,,,,,,,,,
ka----000nae,Nae-yeong Ka,1971-03-29,,|kanaeyeong,|ganeyong,1971-03-29,1971,no_match,,,,,,,,,,,,,,,,,,,,,,,,,,
choi--000san,Sang Duk Choi,1971-03-31,,CHOI|duksang,CHOI|dogsang,1971-03-31,1971,no_match,,,,,,,,,,,,,,,,,,,,,,,,,,
cho---000won,Won Woo Cho,1971-04-08,,CHO|wonwoo,CHO|wowon,1971-04-08,1971,no_match,,,,,,,,,,,,,,,,,,,,,,,,,,
lee---003san,Sang-Mok Lee,1971-04-25,,LEE|moksang,LEE|mogsang,1971-04-25,1971,no_match,,,,,,,,,,,,,,,,,,,,,,,,,,
kang--000tae,Tae-won Kang,1971-05-15,,KANG|taewon,KANG|dewon,1971-05-15,1971,no_match,,,,,,,,,,,,,,,,,,,,,,,,,,
lee---000bye,Byeong-seok Lee,1971-05-17,,LEE|byeongseok,LEE|byongsog,1971-05-17,1971,no_match,,,,,,,,,,,,,,,,,,,,,,,,,,
jang--002jae,Jea Jung Chang,1971-05-19,,JANG|jeajung,JANG|jeajong,1971-05-19,1971,no_match,,,,,,,,,,,,,,,,,,,,,,,,,,
yu----000ji-,Ji Hyun Ryu,1971-05-25,,RYU|hyunji,RYU|hyonji,1971-05-25,1971,no_match,,,,,,,,,,,,,,,,,,,,,,,,,,
gang--000san,Sang Soo Kang,1971-06-22,,KANG|sangsoo,KANG|sangso,1971-06-22,1971,no_match,,,,,,,,,,,,,,,,,,,,,,,,,,
kim---000in-,In-Cheol Kim,1971-07-14,,KIM|cheolin,KIM|injol,1971-07-14,1971,no_match,,,,,,,,,,,,,,,,,,,,,,,,,,
kim---007gye,Gyeong-won Kim,1971-08-18,,KIM|gyeongwon,KIM|gyongwon,1971-08-18,1971,no_match,,,,,,,,,,,,,,,,,,,,,,,,,,
kim---004tae,Tae Gyun Kim,1971-08-19,,KIM|gyuntae,KIM|degyon,1971-08-19,1971,no_match,,,,,,,,,,,,,,,,,,,,,,,,,,
choi--001don,Dong Su Choi,1971-09-11,,CHOI|dongsu,CHOI|dongso,1971-09-11,1971,no_match,,,,,,,,,,,,,,,,,,,,,,,,,,
yin---000hye,Hyeon-bae Yin,1971-10-04,,BAE|hyeonyin,BAE|hyonin,1971-10-04,1971,no_match,,,,,,,,,,,,,,,,,,,,,,,,,,
ryu---000tae,Taek Hyun Ryu,1971-10-23,,RYU|hyuntaek,RYU|deghyon,1971-10-23,1971,no_match,,,,,,,,,,,,,,,,,,,,,,,,,,
kim---000han,Han Soo Kim,1971-10-30,,KIM|hansoo,KIM|hanso,1971-10-30,1971,no_match,,,,,,,,,,,,,,,,,,,,,,,,,,
jun---000hye,Hyung Do Jeon,1971-10-30,,JEON|dohyung,JEON|dohyong,1971-10-30,1971,no_match,,,,,,,,,,,,,,,,,,,,,,,,,,
jeong-000jin,Jin Sik Joung,1971-11-15,,JUNG|jinsik,JUNG|jinsig,1971-11-15,1971,no_match,,,,,,,,,,,,,,,,,,,,,,,,,,
hong--000u-t,Woo Tae Hong,1971-11-19,,HONG|taewoo,HONG|dewo,1971-11-19,1971,no_match,,,,,,,,,,,,,,,,,,,,,,,,,,
lee---000il-,Il-ui Lee,1971-11-30,,LEE|ilui,LEE|iil,1971-11-30,1971,no_match,,,,,,,,,,,,,,,,,,,,,,,,,,
kwon--000jun,Jun-Heon Kwon,1971-12-01,,KWON|heonjun,KWON|honjon,1971-12-01,1971,no_match,,,,,,,,,,,,,,,,,,,,,,,,,,
giron-001emi,Emiliano Giron,1972-01-05,"Villa Mella, Santo Domingo, DO",|emilianogiron,|emilianogilon,1972-01-05,1972,no_match,,,,,,,,,,,,,,,,,,,,,,,,,,
kim---002jon,Jong Hoon Kim,1972-01-29,,KIM|hoonjong,KIM|honjong,1972-01-29,1972,no_match,,,,,,,,,,,,,,,,,,,,,,,,,,
chou--000ik-,Ik-seong Chou,1972-02-11,,JOO|ikseong,JOO|igsong,1972-02-11,1972,no_match,,,,,,,,,,,,,,,,,,,,,,,,,,
ho----000mun,Mun Hoe Her,1972-02-12,,HEO|hoemun,HEO|hemon,1972-02-12,1972,no_match,,,,,,,,,,,,,,,,,,,,,,,,,,
pak---002jon,Jong-il Pak,1972-03-09,,PARK|iljong,PARK|iljong,1972-03-09,1972,no_match,,,,,,,,,,,,,,,,,,,,,,,,,,
jeong-000min,Min Chul Jeong,1972-03-28,,JUNG|chulmin,JUNG|jolmin,1972-03-28,1972,no_match,,,,,,,,,,,,,,,,,,,,,,,,,,
kim---004yeo,Yeong-jin Kim,1972-04-09,,KIM|jinyeong,KIM|jinyong,1972-04-09,1972,no_match,,,,,,,,,,,,,,,,,,,,,,,,,,
mun---000don,Dong Hwan Mun,1972-05-08,,MOON|donghwan,MOON|donghwan,1972-05-08,1972,no_match,,,,,,,,,,,,,,,,,,,,,,,,,,
choi--001kyu,Ray Choi,1972-05-12,"Seoul, Seoul, KR",CHOI|ray,CHOI|lay,1972-05-12,1972,no_match,,,,,,,,,,,,,,,,,,,,,,,,,,
kang--000bye,Byeong-gyu Kang,1972-05-20,,KANG|byeonggyu,KANG|byonggyo,1972-05-20,1972,no_match,,,,,,,,,,,,,,,,,,,,,,,,,,
wi----000jae,Jae-Yeong Wi,1972-05-21,,|jaewiyeong,|jewiyong,1972-05-21,1972,no_match,,,,,,,,,,,,,,,,,,,,,,,,,,
chang-001jae,Jae-myeong Chang,1972-05-25,,JANG|jaemyeong,JANG|jemyong,1972-05-25,1972,no_match,,,,,,,,,,,,,,,,,,,,,,,,,,
kang--000pil,Pil-seon Kang,1972-05-31,,KANG|pilseon,KANG|bilson,1972-05-31,1972,no_match,,,,,,,,,,,,,,,,,,,,,,,,,,
jeon--000san,Sang Ryul Chun,1972-06-12,,JEON|ryulsang,JEON|lyolsang,1972-06-12,1972,no_match,,,,,,,,,,,,,,,,,,,,,,,,,,
lee---005won,Won-sik Lee,1972-06-15,,LEE|sikwon,LEE|sigwon,1972-06-15,1972,no_match,,,,,,,,,,,,,,,,,,,,,,,,,,
gang--000in-,In Kwon Kang,1972-06-26,,KANG|inkwon,KANG|gwonin,1972-06-26,1972,no_match,,,,,,,,,,,,,,,,,,,,,,,,,,
kim---001won,Won Hyong Kim,1972-07-05,,KIM|hyongwon,KIM|hyongwon,1972-07-05,1972,no_match,,,,,,,,,,,,,,,,,,,,,,,,,,
park--000kyu,Kyung Oan Park,1972-07-11,,PARK|kyungoan,PARK|gyongoan,1972-07-11,1972,no_match,,,,,,,,,,,,,,,,,,,,,,,,,,
park--000seo,Seok Jin Park,1972-07-19,,PARK|jinseok,PARK|jinsog,1972-07-19,1972,no_match,,,,,,,,,,,,,,,,,,,,,,,,,,
pak---000bo-,Bo-hyeon Pak,1972-07-19,,PARK|bohyeon,PARK|bohyon,1972-07-19,1972,no_match,,,,,,,,,,,,,,,,,,,,,,,,,,
chavez001car,Carlos Chavez,1972-08-25,"El Paso, TX, US",|carloschavez,|galosjavez,1972-08-25,1972,no_match,,,,,,,,,,,,,,,,,,,,,,,,,,
cho---001kyu,Kyeong Hwan Cho,1972-08-27,,CHO|hwankyeong,CHO|gyonghwan,1972-08-27,1972,no_match,,,,,,,,,,,,,,,,,,,,,,,,,,
kim---004jae,Jae Gul Kim,1972-09-07,KR,KIM|guljae,KIM|golje,1972-09-07,1972,no_match,,,,,,,,,,,,,,,,,,,,,,,,,,
park--001hyu,Hyun Seung Park,1972-09-12,,PARK|hyunseung,PARK|hyonsong,1972-09-12,1972,no_match,,,,,,,,,,,,,,,,,,,,,,,,,,
hong--000hye,Hyeon-u Hong,1972-09-28,,HONG|hyeonu,HONG|hyono,1972-09-28,1972,no_match,,,,,,,,,,,,,,,,,,,,,,,,,,
an----000hyi,Hyi-bong An,1972-10-03,,AHN|bonghyi,AHN|bonghi,1972-10-03,1972,no_match,,,,,,,,,,,,,,,,,,,,,,,,,,
shin--000jae,Jae-ung Shin,1972-10-10,,SHIN|jaeung,SHIN|jeong,1972-10-10,1972,no_match,,,,,,,,,,,,,,,,,,,,,,,,,,
jin---000pil,Pil Jung Jin,1972-10-13,,JIN|jungpil,JIN|biljong,1972-10-13,1972,no_match,,,,,,,,,,,,,,,,,,,,,,,,,,
rios--001edu,Eddie Rios,1972-10-13,"Caracas, Distrito Federal, VE",|eddierios,|edielios,1972-10-13,1972,no_match,,,,,,,,,,,,,,,,,,,,,,,,,,
shim--000jae,Jae Hak Shim,1972-10-18,,SHIM|hakjae,SHIM|hagje,1972-10-18,1972,no_match,,,,,,,,,,,,,,,,,,,,,,,,,,
shin--000guk,Guk-hwan Shin,1972-10-29,,SHIN|gukhwan,SHIN|goghwan,1972-10-29,1972,no_match,,,,,,,,,,,,,,,,,,,,,,,,,,
shin--000don,Dong Ju Shin,1972-12-14,,SHIN|dongju,SHIN|dongjo,1972-12-14,1972,no_match,,,,,,,,,,,,,,,,,,,,,,,,,,
lee---005jon,Jong-min Lee,1972-12-25,,LEE|jongmin,LEE|jongmin,1972-12-25,1972,no_match,,,,,,,,,,,,,,,,,,,,,,,,,,
kim---007min,Min Jae Kim,1973-01-03,KR,KIM|jaemin,KIM|jemin,1973-01-03,1973,no_match,,,,,,,,,,,,,,,,,,,,,,,,,,
kim---004seo,Seon-seop Kim,1973-01-16,,KIM|seonseop,KIM|sobson,1973-01-16,1973,no_match,,,,,,,,,,,,,,,,,,,,,,,,,,
lee---007jon,Jong-yeol Lee,1973-01-28,,LEE|jongyeol,LEE|jongyol,1973-01-28,1973,no_match,,,,,,,,,,,,,,,,,,,,,,,,,,
davis-003ray,Ray Davis,1973-02-06,"Gainesville, FL, US",|davisray,|davislay,1973-02-06,1973,no_match,,,,,,,,,,,,,,,,,,,,,,,,,,
an----000san,Sang Jun An,1973-02-13,,AHN|junsang,AHN|jonsang,1973-02-13,1973,no_match,,,,,,,,,,,,,,,,,,,,,,,,,,
shim--000seo,Seong-bo Shim,1973-02-16,,SHIM|boseong,SHIM|bosong,1973-02-16,1973,no_match,,,,,,,,,,,,,,,,,,,,,,,,,,
mun---000hyi,Hyi-Seong Moon,1973-02-22,,MOON|hyiseong,MOON|hisong,1973-02-22,1973,no_match,,,,,,,,,,,,,,,,,,,,,,,,,,
kwak--000cha,Chae-jin Kwak,1973-03-01,,KWAK|chaejin,KWAK|jejin,1973-03-01,1973,no_match,,,,,,,,,,,,,,,,,,,,,,,,,,
song--000ji-,Ji Man Song,1973-03-02,KR,SONG|jiman,SONG|jiman,1973-03-02,1973,no_match,,,,,,,,,,,,,,,,,,,,,,,,,,
choi--000won,Won Ho Choi,1973-03-13,,CHOI|howon,CHOI|howon,1973-03-13,1973,no_match,,,,,,,,,,,,,,,,,,,,,,,,,,
yom---000jon,Jong Seok Yeom,1973-03-20,,YEOM|jongseok,YEOM|jongsog,1973-03-20,1973,no_match,,,,,,,,,,,,,,,,,,,,,,,,,,
jun---001bye,Byung Ho Jun,1973-03-23,,JEON|byungho,JEON|byongho,1973-03-23,1973,no_match,,,,,,,,,,,,,,,,,,,,,,,,,,
lee---008don,Dong Soo Lee,1973-03-24,,LEE|dongsoo,LEE|dongso,1973-03-24,1973,no_match,,,,,,,,,,,,,,,,,,,,,,,,,,
chou--000jae,Jae-ho Chou,1973-03-27,,JOO|hojae,JOO|hoje,1973-03-27,1973,no_match,,,,,,,,,,,,,,,,,,,,,,,,,,
seo---000han,Han Kyu Seo,1973-03-28,,SEO|hankyu,SEO|gyohan,1973-03-28,1973,no_match,,,,,,,,,,,,,,,,,,,,,,,,,,
cho---001sun,Seong-Min Cho,1973-04-05,,CHO|minseong,CHO|minsong,1973-04-05,1973,no_match,,,,,,,,,,,,,,,,,,,,,,,,,,
chang-000jeo,Jung Suk Jang,1973-04-12,,JANG|jungsuk,JANG|jongsog,1973-04-12,1973,no_match,,,,,,,,,,,,,,,,,,,,,,,,,,
kim---002don,Jong Ho Kim,1973-05-24,,KIM|hojong,KIM|hojong,1973-05-24,1973,no_match,,,,,,,,,,,,,,,,,,,,,,,,,,
o-----000che,Cheol-Min Oh,1973-05-28,,OH|cheolmin,OH|jolmin,1973-05-28,1973,no_match,,,,,,,,,,,,,,,,,,,,,,,,,,
im----000su-,Soo-Min Lim,1973-05-31,,LIM|minsoo,LIM|minso,1973-05-31,1973,no_match,,,,,,,,,,,,,,,,,,,,,,,,,,
kim---000dai,Dai Ick Kim,1973-06-03,,KIM|daiick,KIM|daiig,1973-06-03,1973,no_match,,,,,,,,,,,,,,,,,,,,,,,,,,
choi--001cha,Chang Choi,1973-06-03,,CHOI|chang,CHOI|jang,1973-06-03,1973,no_match,,,,,,,,,,,,,,,,,,,,,,,,,,
hong--000won,Won Ki Hong,1973-06-05,,HONG|kiwon,HONG|giwon,1973-06-05,1973,no_match,,,,,,,,,,,,,,,,,,,,,,,,,,
kim---003min,Min-Beom Kim,1973-06-07,,KIM|beommin,KIM|bommin,1973-06-07,1973,no_match,,,,,,,,,,,,,,,,,,,,,,,,,,
choi--000ki-,Ki Moon Choi,1973-06-10,,CHOI|kimoon,CHOI|gimon,1973-06-10,1973,no_match,,,,,,,,,,,,,,,,,,,,,,,,,,
sol---000jon,Jong Jin Seol,1973-06-16,,JIN|jongseol,JIN|jongsol,1973-06-16,1973,no_match,,,,,,,,,,,,,,,,,,,,,,,,,,
kim---000cha,Chang Hee Kim,1973-07-03,,KIM|changhee,KIM|hijang,1973-07-03,1973,no_match,,,,,,,,,,,,,,,,,,,,,,,,,,
pak---000ju-,Joo On Park,1973-07-13,,PARK|jooon,PARK|joon,1973-07-13,1973,no_match,,,,,,,,,,,,,,,,,,,,,,,,,,
park--000jon,Jong Ho Park,1973-07-27,,PARK|hojong,PARK|hojong,1973-07-27,1973,no_match,,,,,,,,,,,,,,,,,,,,,,,,,,
kadoku001ken,Ken Kadokura,1973-07-29,"Iruma, Saitama, JP",|kadokuraken,|gadogolagen,1973-07-29,1973,no_match,,,,,,,,,,,,,,,,,,,,,,,,,,
son---000hye,Hyuk Son,1973-08-01,,SON|hyuk,SON|hyog,1973-08-01,1973,no_match,,,,,,,,,,,,,,,,,,,,,,,,,,
jeong-001won,Won-bae Jeong,1973-08-01,,JUNG|baewon,JUNG|bewon,1973-08-01,1973,no_match,,,,,,,,,,,,,,,,,,,,,,,,,,
oh----000gyu,Kyu Taek Oh,1973-08-01,,OH|kyutaek,OH|deggyo,1973-08-01,1973,no_match,,,,,,,,,,,,,,,,,,,,,,,,,,
lim---000sun,Seon-Dong Lim,1973-08-04,,LIM|dongseon,LIM|dongson,1973-08-04,1973,no_match,,,,,,,,,,,,,,,,,,,,,,,,,,
kwak--000hye,Hyun Hee Kwak,1973-08-06,,KWAK|heehyun,KWAK|hihyon,1973-08-06,1973,no_match,,,,,,,,,,,,,,,,,,,,,,,,,,
kim---000ji-,Ji Hoon Kim,1973-09-02,,KIM|hoonji,KIM|honji,1973-09-02,1973,no_match,,,,,,,,,,,,,,,,,,,,,,,,,,
park--000jae,Jae-hong Park,1973-09-07,,PARK|hongjae,PARK|hongje,1973-09-07,1973,no_match,,,,,,,,,,,,,,,,,,,,,,,,,,
kim---000jon,Jong Kook Kim,1973-09-14,KR,KIM|jongkook,KIM|gogjong,1973-09-14,1973,no_match,,,,,,,,,,,,,,,,,,,,,,,,,,
kim---003hye,Hyeon-min Kim,1973-09-15,,KIM|hyeonmin,KIM|hyonmin,1973-09-15,1973,no_match,,,,,,,,,,,,,,,,,,,,,,,,,,
cha---000mye,Myeong-Ju Cha,1973-09-22,,CHA|jumyeong,CHA|jomyong,1973-09-22,1973,no_match,,,,,,,,,,,,,,,,,,,,,,,,,,
an----002bye,Byung Won Ahn,1973-10-03,,AHN|byungwon,AHN|byongwon,1973-10-03,1973,no_match,,,,,,,,,,,,,,,,,,,,,,,,,,
lee---005yeo,Young Woo Lee,1973-11-27,,LEE|wooyoung,LEE|woyong,1973-11-27,1973,no_match,,,,,,,,,,,,,,,,,,,,,,,,,,
chung-000soo,Soo-Chan Chung,1973-12-01,,JUNG|chansoo,JUNG|janso,1973-12-01,1973,no_match,,,,,,,,,,,,,,,,,,,,,,,,,,
lee---003jae,Jae-ju Lee,1973-12-25,,LEE|jaeju,LEE|jejo,1973-12-25,1973,no_match,,,,,,,,,,,,,,,,,,,,,,,,,,
park--000you,Yeon-Soo Park,1974-01-14,,PARK|sooyeon,PARK|soyon,1974-01-14,1974,no_match,,,,,,,,,,,,,,,,,,,,,,,,,,
hwang-002seo,Seong-gwan Hwang,1974-01-15,,HWANG|gwanseong,HWANG|gwansong,1974-01-15,1974,no_match,,,,,,,,,,,,,,,,,,,,,,,,,,
cho---000hyo,Hyo-Sang Cho,1974-01-26,,CHO|hyosang,CHO|hyosang,1974-01-26,1974,no_match,,,,,,,,,,,,,,,,,,,,,,,,,,
keppen001jef,Jeff Keppen,1974-01-31,"Sioux Falls, SD, US",|jeffkeppen,|gebenjef,1974-01-31,1974,no_match,,,,,,,,,,,,,,,,,,,,,,,,,,
kang--000hyi,Hyi-seok Kang,1974-02-07,,KANG|hyiseok,KANG|hisog,1974-02-07,1974,no_match,,,,,,,,,,,,,,,,,,,,,,,,,,
lim---000bon,Bong-chun Lim,1974-02-10,,LIM|bongchun,LIM|bongjon,1974-02-10,1974,no_match,,,,,,,,,,,,,,,,,,,,,,,,,,
shin--000yeo,Yeong-gyun Shin,1974-02-16,,SHIN|gyunyeong,SHIN|gyonyong,1974-02-16,1974,no_match,,,,,,,,,,,,,,,,,,,,,,,,,,
chung-000kyo,Kyoung Bae Chung,1974-02-20,,BAE|chungkyoung,BAE|gyongjong,1974-02-20,1974,no_match,,,,,,,,,,,,,,,,,,,,,,,,,,
choi--000man,Man Ho Choi,1974-03-04,,CHOI|homan,CHOI|homan,1974-03-04,1974,no_match,,,,,,,,,,,,,,,,,,,,,,,,,,
no----000seu,Seung-Uk No,1974-03-10,,NOH|seunguk,NOH|ogsong,1974-03-10,1974,no_match,,,,,,,,,,,,,,,,,,,,,,,,,,
hwang-000yun,Yun-Seong Hwang,1974-03-14,,HWANG|seongyun,HWANG|songyon,1974-03-14,1974,no_match,,,,,,,,,,,,,,,,,,,,,,,,,,
song--000jae,Jae Ik Song,1974-03-27,,SONG|ikjae,SONG|igje,1974-03-27,1974,no_match,,,,,,,,,,,,,,,,,,,,,,,,,,
chang-001seo,Seong-guk Chang,1974-03-30,,JANG|gukseong,JANG|gogsong,1974-03-30,1974,no_match,,,,,,,,,,,,,,,,,,,,,,,,,,
kang--000don,Dong Woo Kang,1974-04-20,,KANG|dongwoo,KANG|dongwo,1974-04-20,1974,no_match,,,,,,,,,,,,,,,,,,,,,,,,,,
kim---002ji-,Ji-yeong Kim,1974-04-21,,KIM|jiyeong,KIM|jiyong,1974-04-21,1974,no_match,,,,,,,,,,,,,,,,,,,,,,,,,,
kim---002hye,Hyeok-seop Kim,1974-05-05,,KIM|hyeokseop,KIM|hyogsob,1974-05-05,1974,no_match,,,,,,,,,,,,,,,,,,,,,,,,,,
kang--000gyu,Gyu-cheol Kang,1974-05-05,,KANG|cheolgyu,KANG|gyojol,1974-05-05,1974,no_match,,,,,,,,,,,,,,,,,,,,,,,,,,
jin---000kap,Kap-yong Chin,1974-05-08,"Busan, KR",JIN|kapyong,JIN|gabyong,1974-05-08,1974,no_match,,,,,,,,,,,,,,,,,,,,,,,,,,
choi--001you,Young Pil Choi,1974-05-13,,CHOI|pilyoung,CHOI|bilyong,1974-05-13,1974,no_match,,,,,,,,,,,,,,,,,,,,,,,,,,
lee---005gye,Gyeong-pil Lee,1974-05-21,,LEE|gyeongpil,LEE|bilgyong,1974-05-21,1974,no_match,,,,,,,,,,,,,,,,,,,,,,,,,,
shiota001kaz,Kazuhiko Shiotani,1974-05-27,"Takasago, Hyogo, JP",|kazuhikoshiotani,|gazoigosiodani,1974-05-27,1974,no_match,,,,,,,,,,,,,,,,,,,,,,,,,,
lee---005dae,Dae Jin Lee,1974-06-09,,LEE|daejin,LEE|dejin,1974-06-09,1974,no_match,,,,,,,,,,,,,,,,,,,,,,,,,,
bass--001jay,Jayson Bass,1974-06-22,"Seattle, WA, US",|bassjayson,|basjayson,1974-06-22,1974,no_match,,,,,,,,,,,,,,,,,,,,,,,,,,
baek--000jae,Jae Ho Back,1974-06-30,,BAEK|hojae,BAEK|hoje,1974-06-30,1974,no_match,,,,,,,,,,,,,,,,,,,,,,,,,,
lee---011don,Dong Wook Lee,1974-07-17,,LEE|dongwook,LEE|dongwog,1974-07-17,1974,no_match,,,,,,,,,,,,,,,,,,,,,,,,,,
no----000jan,Jang-jin No,1974-08-10,,NOH|jangjin,NOH|jangjin,1974-08-10,1974,no_match,,,,,,,,,,,,,,,,,,,,,,,,,,
gang--000hye,Hyuk Kang,1974-08-25,,KANG|hyuk,KANG|hyog,1974-08-25,1974,no_match,,,,,,,,,,,,,,,,,,,,,,,,,,
an----000jae,Jae-Man Ahn,1974-10-02,,AHN|jaeman,AHN|jeman,1974-10-02,1974,no_match,,,,,,,,,,,,,,,,,,,,,,,,,,
oh----000san,Sang-min Oh,1974-10-20,,OH|minsang,OH|minsang,1974-10-20,1974,no_match,,,,,,,,,,,,,,,,,,,,,,,,,,
okamot001shi,Shinya Okamoto,1974-10-21,"Takeno-gun, Kyoto, JP",|okamotoshinya,|ogamodosinya,1974-10-21,1974,no_match,,,,,,,,,,,,,,,,,,,,,,,,,,
chang-000yon,Yong-dae Chang,1974-10-23,,JANG|daeyong,JANG|deyong,1974-10-23,1974,no_match,,,,,,,,,,,,,,,,,,,,,,,,,,
lee---001byu,Byung Kyu Lee,1974-10-25,,LEE|byungkyu,LEE|byonggyo,1974-10-25,1974,no_match,,,,,,,,,,,,,,,,,,,,,,,,,,
raybor001geo,Kenny Rayborn,1974-11-22,"Hattiesburg, MS, US",|kennyrayborn,|genylayboln,1974-11-22,1974,no_match,,,,,,,,,,,,,,,,,,,,,,,,,,
jun---000seu,Seung-nam Jun,1974-11-26,,JEON|namseung,JEON|namsong,1974-11-26,1974,no_match,,,,,,,,,,,,,,,,,,,,,,,,,,
chang-000mun,Mun-seok Chang,1974-12-15,,JANG|munseok,JANG|monsog,1974-12-15,1974,no_match,,,,,,,,,,,,,,,,,,,,,,,,,,
son---000min,Min Han Son,1975-01-02,"Busan, KR",SON|hanmin,SON|hanmin,1975-01-02,1975,no_match,,,,,,,,,,,,,,,,,,,,,,,,,,
kim---006yeo,Yeong-soo Kim,1975-01-15,,KIM|sooyeong,KIM|soyong,1975-01-15,1975,no_match,,,,,,,,,,,,,,,,,,,,,,,,,,
kim---000hae,Hae Nim Kim,1975-02-07,,KIM|haenim,KIM|henim,1975-02-07,1975,no_match,,,,,,,,,,,,,,,,,,,,,,,,,,
cho---000yu-,Yu-sin Cho,1975-02-07,,CHO|sinyu,CHO|sinyo,1975-02-07,1975,no_match,,,,,,,,,,,,,,,,,,,,,,,,,,
pak---000jin,Jin-cheol Pak,1975-02-28,,PARK|cheoljin,PARK|jinjol,1975-02-28,1975,no_match,,,,,,,,,,,,,,,,,,,,,,,,,,
kim---000san,Sang-ho Kim,1975-03-11,,KIM|hosang,KIM|hosang,1975-03-11,1975,no_match,,,,,,,,,,,,,,,,,,,,,,,,,,
son---000in-,In Ho Son,1975-04-03,,SON|hoin,SON|hoin,1975-04-03,1975,no_match,,,,,,,,,,,,,,,,,,,,,,,,,,
chang-002seo,Seong-jin Chang,1975-04-07,,JANG|jinseong,JANG|jinsong,1975-04-07,1975,no_match,,,,,,,,,,,,,,,,,,,,,,,,,,
jun---000joo,Joon-ho Jeon,1975-04-10,,JEON|hojoon,JEON|hojon,1975-04-10,1975,no_match,,,,,,,,,,,,,,,,,,,,,,,,,,
hong--000min,Min Koo Hong,1975-04-12,,HONG|koomin,HONG|gomin,1975-04-12,1975,no_match,,,,,,,,,,,,,,,,,,,,,,,,,,
park--000ji-,Ji-chol Park,1975-04-13,,PARK|cholji,PARK|jijol,1975-04-13,1975,no_match,,,,,,,,,,,,,,,,,,,,,,,,,,
shim--000jeo,Jeong-Soo Shim,1975-05-05,,SHIM|jeongsoo,SHIM|jongso,1975-05-05,1975,no_match,,,,,,,,,,,,,,,,,,,,,,,,,,
yun---000jae,Jae Kuk Yoon,1975-05-05,,YOON|jaekuk,YOON|gogje,1975-05-05,1975,no_match,,,,,,,,,,,,,,,,,,,,,,,,,,
aum---000jeo,Jeong-dae Aum,1975-05-10,,JUNG|aumdae,JUNG|aomde,1975-05-10,1975,no_match,,,,,,,,,,,,,,,,,,,,,,,,,,
shin--000yun,Yun Ho Shin,1975-05-15,,SHIN|hoyun,SHIN|hoyon,1975-05-15,1975,no_match,,,,,,,,,,,,,,,,,,,,,,,,,,
kim---000pil,Pil Joong Kim,1975-05-16,,KIM|joongpil,KIM|biljong,1975-05-16,1975,no_match,,,,,,,,,,,,,,,,,,,,,,,,,,
lee---000do-,Do Hyung Lee,1975-05-24,,LEE|dohyung,LEE|dohyong,1975-05-24,1975,no_match,,,,,,,,,,,,,,,,,,,,,,,,,,
cho---001in-,In Sung Cho,1975-05-25,"Seoul, KR",CHO|insung,CHO|insong,1975-05-25,1975,no_match,,,,,,,,,,,,,,,,,,,,,,,,,,
lee---001woo,Woo-Seok Lee,1975-06-12,,LEE|seokwoo,LEE|sogwo,1975-06-12,1975,no_match,,,,,,,,,,,,,,,,,,,,,,,,,,
moon--001cha,Chang Moon,1975-07-09,"Inchon, KR",MOON|chang,MOON|jang,1975-07-09,1975,no_match,,,,,,,,,,,,,,,,,,,,,,,,,,
kim---000soo,Soo-gwan Kim,1975-08-05,,KIM|gwansoo,KIM|gwanso,1975-08-05,1975,no_match,,,,,,,,,,,,,,,,,,,,,,,,,,
shim--001jae,Jae-yun Shim,1975-08-24,,SHIM|jaeyun,SHIM|jeyon,1975-08-24,1975,no_match,,,,,,,,,,,,,,,,,,,,,,,,,,
kim---000u-s,Woo Seok Kim,1975-09-02,,KIM|seokwoo,KIM|sogwo,1975-09-02,1975,no_match,,,,,,,,,,,,,,,,,,,,,,,,,,
kim---000jan,Jang-baek Kim,1975-09-23,,KIM|baekjang,KIM|begjang,1975-09-23,1975,no_match,,,,,,,,,,,,,,,,,,,,,,,,,,
cho---000moo,Moon-Sik Cho,1975-09-29,,CHO|moonsik,CHO|monsig,1975-09-29,1975,no_match,,,,,,,,,,,,,,,,,,,,,,,,,,
kim---010jae,Jae Hyun Kim,1975-10-02,,KIM|hyunjae,KIM|hyonje,1975-10-02,1975,no_match,,,,,,,,,,,,,,,,,,,,,,,,,,
leese-001bra,Brandon Leese,1975-10-08,"Lincolnshire, IL, US",|brandonleese,|blandonlise,1975-10-08,1975,no_match,,,,,,,,,,,,,,,,,,,,,,,,,,
inglin001jef,Jeff Inglin,1975-10-08,"Petaluma, CA, US",|inglinjeff,|inglinjef,1975-10-08,1975,no_match,,,,,,,,,,,,,,,,,,,,,,,,,,
kang--000min,Min-gyu Kang,1975-10-10,,KANG|gyumin,KANG|gyomin,1975-10-10,1975,no_match,,,,,,,,,,,,,,,,,,,,,,,,,,
chae--001jon,Jong Kook Chae,1975-10-24,,CHAE|jongkook,CHAE|gogjong,1975-10-24,1975,no_match,,,,,,,,,,,,,,,,,,,,,,,,,,
kim---006gye,Kyung Tae Kim,1975-11-06,,KIM|kyungtae,KIM|degyong,1975-11-06,1975,no_match,,,,,,,,,,,,,,,,,,,,,,,,,,
jun---000yeo,Yeong-sam Jun,1975-11-19,,JEON|samyeong,JEON|samyong,1975-11-19,1975,no_match,,,,,,,,,,,,,,,,,,,,,,,,,,
shin--001gye,Kyung Hyun Shin,1975-11-28,,SHIN|hyunkyung,SHIN|gyonghyon,1975-11-28,1975,no_match,,,,,,,,,,,,,,,,,,,,,,,,,,
lim---000gyo,Gyoung-Wan Lim,1975-12-28,KR,LIM|gyoungwan,LIM|gyongwan,1975-12-28,1975,no_match,,,,,,,,,,,,,,,,,,,,,,,,,,
aum---000bye,Byeong-yeol Aum,1976-01-12,,|aumbyeongyeol,|aombyongyol,1976-01-12,1976,no_match,,,,,,,,,,,,,,,,,,,,,,,,,,
kim---010seo,Seong-gyun Kim,1976-01-25,,KIM|gyunseong,KIM|gyonsong,1976-01-25,1976,no_match,,,,,,,,,,,,,,,,,,,,,,,,,,
kim---006don,Dong Joo Kim,1976-02-03,KR,KIM|dongjoo,KIM|dongjo,1976-02-03,1976,no_match,,,,,,,,,,,,,,,,,,,,,,,,,,
lee---001ho-,Ho Joon Lee,1976-02-08,,LEE|hojoon,LEE|hojon,1976-02-08,1976,no_match,,,,,,,,,,,,,,,,,,,,,,,,,,
cho---000jeo,Jeong-gwon Cho,1976-02-25,,CHO|gwonjeong,CHO|gwonjong,1976-02-25,1976,no_match,,,,,,,,,,,,,,,,,,,,,,,,,,
ju----000hye,Hyung Kwang Joo,1976-03-01,,JOO|hyungkwang,JOO|gwanghyong,1976-03-01,1976,no_match,,,,,,,,,,,,,,,,,,,,,,,,,,
kim---000seu,Seung Kwan Kim,1976-03-05,,KIM|kwanseung,KIM|gwansong,1976-03-05,1976,no_match,,,,,,,,,,,,,,,,,,,,,,,,,,
chang-000jae,Jae-hyeok Chang,1976-03-16,,JANG|hyeokjae,JANG|hyogje,1976-03-16,1976,no_match,,,,,,,,,,,,,,,,,,,,,,,,,,
park--000kyo,Gyeong-Jin Park,1976-03-22,,PARK|gyeongjin,PARK|gyongjin,1976-03-22,1976,no_match,,,,,,,,,,,,,,,,,,,,,,,,,,
beul--000lea,Leang-keu Beul,1976-04-05,,|beulkeuleang,|bolgoleang,1976-04-05,1976,no_match,,,,,,,,,,,,,,,,,,,,,,,,,,
yim---000jae,Jae Chul Lim,1976-04-08,,LIM|chuljae,LIM|jejol,1976-04-08,1976,no_match,,,,,,,,,,,,,,,,,,,,,,,,,,
kim---021san,Sang-Tae Kim,1976-04-19,,KIM|sangtae,KIM|desang,1976-04-19,1976,no_match,,,,,,,,,,,,,,,,,,,,,,,,,,
park--000jan,Jang-Hyi Park,1976-04-23,,PARK|hyijang,PARK|hijang,1976-04-23,1976,no_match,,,,,,,,,,,,,,,,,,,,,,,,,,
choi--000yon,Yong-Ho Choi,1976-04-30,,CHOI|hoyong,CHOI|hoyong,1976-04-30,1976,no_match,,,,,,,,,,,,,,,,,,,,,,,,,,
kim---001seu,Seung-Gwon Kim,1976-05-01,,KIM|gwonseung,KIM|gwonsong,1976-05-01,1976,no_match,,,,,,,,,,,,,,,,,,,,,,,,,,
choi--002yeo,Yeong-Wan Choi,1976-05-03,,CHOI|wanyeong,CHOI|wanyong,1976-05-03,1976,no_match,,,,,,,,,,,,,,,,,,,,,,,,,,
hwang-000u-g,U-gu Hwang,1976-05-03,,HWANG|guu,HWANG|goo,1976-05-03,1976,no_match,,,,,,,,,,,,,,,,,,,,,,,,,,
jang--000il-,Il-Hyeon Chang,1976-05-12,,JANG|hyeonil,JANG|hyonil,1976-05-12,1976,no_match,,,,,,,,,,,,,,,,,,,,,,,,,,
jeong-003seo,Seong-yeol Jeong,1976-05-16,,JUNG|seongyeol,JUNG|songyol,1976-05-16,1976,no_match,,,,,,,,,,,,,,,,,,,,,,,,,,
chang-000yeo,Yeong-gyun Chang,1976-05-20,,JANG|gyunyeong,JANG|gyonyong,1976-05-20,1976,no_match,,,,,,,,,,,,,,,,,,,,,,,,,,
park--003jeo,Jung Jin Park,1976-05-27,,PARK|jinjung,PARK|jinjong,1976-05-27,1976,no_match,,,,,,,,,,,,,,,,,,,,,,,,,,
oh----001cha,Chang-seon Oh,1976-06-02,,OH|changseon,OH|jangson,1976-06-02,1976,no_match,,,,,,,,,,,,,,,,,,,,,,,,,,
jeong-003won,Won-uk Jeong,1976-06-17,,JUNG|ukwon,JUNG|ogwon,1976-06-17,1976,no_match,,,,,,,,,,,,,,,,,,,,,,,,,,
kim---000yu-,Yu-bong Kim,1976-06-29,,KIM|bongyu,KIM|bongyo,1976-06-29,1976,no_match,,,,,,,,,,,,,,,,,,,,,,,,,,
yoon--000keu,Keun-Joo Yoon,1976-06-30,,YOON|jookeun,YOON|gonjo,1976-06-30,1976,no_match,,,,,,,,,,,,,,,,,,,,,,,,,,
lee---009seu,Seung-Jun Lee,1976-07-03,,LEE|junseung,LEE|jonsong,1976-07-03,1976,no_match,,,,,,,,,,,,,,,,,,,,,,,,,,
mae---000jon,Jon Mae,1976-07-26,,|jonmae,|jonme,1976-07-26,1976,no_match,,,,,,,,,,,,,,,,,,,,,,,,,,
cha---000jeo,Jeong-guk Cha,1976-08-07,,CHA|gukjeong,CHA|gogjong,1976-08-07,1976,no_match,,,,,,,,,,,,,,,,,,,,,,,,,,
kim---000hak,Hak-jae Kim,1976-08-11,,KIM|hakjae,KIM|hagje,1976-08-11,1976,no_match,,,,,,,,,,,,,,,,,,,,,,,,,,
lee---002seu,Seung Yuop Lee,1976-08-18,"Daegu, KR",LEE|seungyuop,LEE|songyoob,1976-08-18,1976,no_match,,,,,,,,,,,,,,,,,,,,,,,,,,
seo---002seo,Seong-min Seo,1976-08-22,,SEO|minseong,SEO|minsong,1976-08-22,1976,no_match,,,,,,,,,,,,,,,,,,,,,,,,,,
lee---004seu,Seung Ho Lee,1976-08-23,,LEE|hoseung,LEE|hosong,1976-08-23,1976,no_match,,,,,,,,,,,,,,,,,,,,,,,,,,
cho---000san,Sang-soo Cho,1976-08-24,,CHO|sangsoo,CHO|sangso,1976-08-24,1976,no_match,,,,,,,,,,,,,,,,,,,,,,,,,,
han---000gyu,Kyu Sik Han,1976-09-14,,HAN|kyusik,HAN|gyosig,1976-09-14,1976,no_match,,,,,,,,,,,,,,,,,,,,,,,,,,
cho---000hye,Hyeon Cho,1976-10-04,,CHO|hyeon,CHO|hyon,1976-10-04,1976,no_match,,,,,,,,,,,,,,,,,,,,,,,,,,
lee---002jun,Jun-ho Lee,1976-10-08,,LEE|hojun,LEE|hojon,1976-10-08,1976,no_match,,,,,,,,,,,,,,,,,,,,,,,,,,
shin--000won,Won-ju Shin,1976-10-14,,SHIN|juwon,SHIN|jowon,1976-10-14,1976,no_match,,,,,,,,,,,,,,,,,,,,,,,,,,
kim---000pun,Pung-cheol Kim,1976-10-20,,KIM|cheolpung,KIM|bongjol,1976-10-20,1976,no_match,,,,,,,,,,,,,,,,,,,,,,,,,,
lee---004yon,Yong-ju Lee,1976-10-31,,LEE|juyong,LEE|joyong,1976-10-31,1976,no_match,,,,,,,,,,,,,,,,,,,,,,,,,,
hwang-000doo,Doo Sung Hwang,1976-11-16,,HWANG|doosung,HWANG|dosong,1976-11-16,1976,no_match,,,,,,,,,,,,,,,,,,,,,,,,,,
kwon--000yon,Yong Kwan Kwon,1976-11-19,,KWON|kwanyong,KWON|gwanyong,1976-11-19,1976,no_match,,,,,,,,,,,,,,,,,,,,,,,,,,
kim---003mu-,Mu-seong Kim,1976-11-25,,KIM|museong,KIM|mosong,1976-11-25,1976,no_match,,,,,,,,,,,,,,,,,,,,,,,,,,
park--001jin,Jin Man Park,1976-11-30,"Seoul, KR",PARK|jinman,PARK|jinman,1976-11-30,1976,no_match,,,,,,,,,,,,,,,,,,,,,,,,,,
kim---001gi-,Gi-hwan Kim,1976-12-07,,KIM|gihwan,KIM|gihwan,1976-12-07,1976,no_match,,,,,,,,,,,,,,,,,,,,,,,,,,
lee---010san,Sang-hyeon Lee,1976-12-11,,LEE|hyeonsang,LEE|hyonsang,1976-12-11,1976,no_match,,,,,,,,,,,,,,,,,,,,,,,,,,
kim---003gye,Gyeong-Jin Kim,1976-12-21,,KIM|gyeongjin,KIM|gyongjin,1976-12-21,1976,no_match,,,,,,,,,,,,,,,,,,,,,,,,,,
cho---000seo,Sung Hwan Cho,1976-12-23,,CHO|hwansung,CHO|hwansong,1976-12-23,1976,no_match,,,,,,,,,,,,,,,,,,,,,,,,,,
guttor001ric,Rick Guttormson,1977-01-11,"Torrance, CA, US",|guttormsonrick,|godolmsonlig,1977-01-11,1977,no_match,,,,,,,,,,,,,,,,,,,,,,,,,,
kim---002jin,Jin-sam Kim,1977-01-13,,KIM|jinsam,KIM|jinsam,1977-01-13,1977,no_match,,,,,,,,,,,,,,,,,,,,,,,,,,
jeong-002soo,Soo-geun Chung,1977-01-20,,JUNG|geunsoo,JUNG|gonso,1977-01-20,1977,no_match,,,,,,,,,,,,,,,,,,,,,,,,,,
bang--000don,Dong-Min Pang,1977-01-20,,BANG|dongmin,BANG|dongmin,1977-01-20,1977,no_match,,,,,,,,,,,,,,,,,,,,,,,,,,
ra----000hye,Hyeong-jin Ra,1977-02-05,,NA|hyeongjin,NA|hyongjin,1977-02-05,1977,no_match,,,,,,,,,,,,,,,,,,,,,,,,,,
lee---016don,Dong-Weun Lee,1977-02-07,,LEE|dongweun,LEE|dongwon,1977-02-07,1977,no_match,,,,,,,,,,,,,,,,,,,,,,,,,,
lee---000gye,Gye-seong Lee,1977-02-08,,LEE|gyeseong,LEE|gyesong,1977-02-08,1977,no_match,,,,,,,,,,,,,,,,,,,,,,,,,,
yu----000don,Dong Hoon You,1977-02-12,,RYU|donghoon,RYU|donghon,1977-02-12,1977,no_match,,,,,,,,,,,,,,,,,,,,,,,,,,
randel001mat,Matt Randel,1977-02-15,,|mattrandel,|landelmad,1977-02-15,1977,no_match,,,,,,,,,,,,,,,,,,,,,,,,,,
vargas001mar,Martin Vargas,1977-02-22,"San Pedro de Macoris, San Pedro de Macoris, DO",|martinvargas,|maldinvalgas,1977-02-22,1977,no_match,,,,,,,,,,,,,,,,,,,,,,,,,,
hong--000seo,Sung Heon Hong,1977-02-28,KR,HONG|heonsung,HONG|honsong,1977-02-28,1977,no_match,,,,,,,,,,,,,,,,,,,,,,,,,,
song--000sin,Shin Young Song,1977-03-01,,SONG|shinyoung,SONG|sinyong,1977-03-01,1977,no_match,,,,,,,,,,,,,,,,,,,,,,,,,,
jeon--000geu,Geun-pyo Jeon,1977-03-05,,JEON|geunpyo,JEON|byogon,1977-03-05,1977,no_match,,,,,,,,,,,,,,,,,,,,,,,,,,
ku----000min,Min-ho Ku,1977-03-11,,KOO|homin,KOO|homin,1977-03-11,1977,no_match,,,,,,,,,,,,,,,,,,,,,,,,,,
burnsi001adr,Adrian Burnside,1977-03-15,"Alice Springs, Northern Territory, AU",|adrianburnside,|adlianbolnside,1977-03-15,1977,no_match,,,,,,,,,,,,,,,,,,,,,,,,,,
pak---002cha,Chang-won Pak,1977-03-17,,PARK|changwon,PARK|jangwon,1977-03-17,1977,no_match,,,,,,,,,,,,,,,,,,,,,,,,,,
park--001jun,Seung Min Park,1977-03-18,,PARK|minseung,PARK|minsong,1977-03-18,1977,no_match,,,,,,,,,,,,,,,,,,,,,,,,,,
jeong-002won,Won-seok Chung,1977-03-27,,JUNG|seokwon,JUNG|sogwon,1977-03-27,1977,no_match,,,,,,,,,,,,,,,,,,,,,,,,,,
kim---002bye,Byeong-jun Kim,1977-04-01,,KIM|byeongjun,KIM|byongjon,1977-04-01,1977,no_match,,,,,,,,,,,,,,,,,,,,,,,,,,
yun---000hye,Hyeon-sik Yun,1977-04-03,,YOON|hyeonsik,YOON|hyonsig,1977-04-03,1977,no_match,,,,,,,,,,,,,,,,,,,,,,,,,,
lim---000hak,Hak-soo Lim,1977-04-03,,LIM|haksoo,LIM|hagso,1977-04-03,1977,no_match,,,,,,,,,,,,,,,,,,,,,,,,,,
park--002jae,Jae-Hyeong Park,1977-04-09,,PARK|hyeongjae,PARK|hyongje,1977-04-09,1977,no_match,,,,,,,,,,,,,,,,,,,,,,,,,,
ha----000chu,Chun-dong Ha,1977-04-19,,HA|chundong,HA|dongjon,1977-04-19,1977,no_match,,,,,,,,,,,,,,,,,,,,,,,,,,
lee---014san,Sang Youl Lee,1977-04-20,,LEE|sangyoul,LEE|sangyol,1977-04-20,1977,no_match,,,,,,,,,,,,,,,,,,,,,,,,,,
kang--001bye,Byung Sik Kang,1977-04-23,,KANG|byungsik,KANG|byongsig,1977-04-23,1977,no_match,,,,,,,,,,,,,,,,,,,,,,,,,,
pak---000hyo,Hyo-sun Pak,1977-04-27,,PARK|hyosun,PARK|hyoson,1977-04-27,1977,no_match,,,,,,,,,,,,,,,,,,,,,,,,,,
cho---000hon,Hong-jun Cho,1977-04-27,,CHO|hongjun,CHO|hongjon,1977-04-27,1977,no_match,,,,,,,,,,,,,,,,,,,,,,,,,,
cho---000bye,Byeong-chan Cho,1977-05-17,,CHO|byeongchan,CHO|byongjan,1977-05-17,1977,no_match,,,,,,,,,,,,,,,,,,,,,,,,,,
kim---005min,Min-gi Kim,1977-05-19,,KIM|gimin,KIM|gimin,1977-05-19,1977,no_match,,,,,,,,,,,,,,,,,,,,,,,,,,
shin--000che,Cheol-in Shin,1977-05-22,,SHIN|cheolin,SHIN|injol,1977-05-22,1977,no_match,,,,,,,,,,,,,,,,,,,,,,,,,,
torres001mel,Melqui Torres,1977-05-27,"San Pedro de Macoris, San Pedro de Macoris, DO",|melquitorres,|dolesmelqi,1977-05-27,1977,no_match,,,,,,,,,,,,,,,,,,,,,,,,,,
kim---003soo,Soo-Yeon Kim,1977-05-28,,KIM|sooyeon,KIM|soyon,1977-05-28,1977,no_match,,,,,,,,,,,,,,,,,,,,,,,,,,
pak---000cha,Chan-hyeop Pak,1977-05-28,,PARK|chanhyeop,PARK|hyobjan,1977-05-28,1977,no_match,,,,,,,,,,,,,,,,,,,,,,,,,,
park--000myu,Myung Hwan Park,1977-06-07,KR,PARK|hwanmyung,PARK|hwanmyong,1977-06-07,1977,no_match,,,,,,,,,,,,,,,,,,,,,,,,,,
hwang-001seo,Seong-gi Hwang,1977-06-09,,HWANG|giseong,HWANG|gisong,1977-06-09,1977,no_match,,,,,,,,,,,,,,,,,,,,,,,,,,
lee---007gye,Gyeong-won Lee,1977-06-23,,LEE|gyeongwon,LEE|gyongwon,1977-06-23,1977,no_match,,,,,,,,,,,,,,,,,,,,,,,,,,
lee---002yon,Yong Hoon Lee,1977-07-14,,LEE|hoonyong,LEE|honyong,1977-07-14,1977,no_match,,,,,,,,,,,,,,,,,,,,,,,,,,
pak---000bon,Bong-soo Pak,1977-07-16,,PARK|bongsoo,PARK|bongso,1977-07-16,1977,no_match,,,,,,,,,,,,,,,,,,,,,,,,,,
lee---003joo,Joon Lee,1977-07-17,,LEE|joon,LEE|jon,1977-07-17,1977,no_match,,,,,,,,,,,,,,,,,,,,,,,,,,
kyeong000heo,Hun Ho Kyeong,1977-07-25,,|hohunkyeong,|gyonghohon,1977-07-25,1977,no_match,,,,,,,,,,,,,,,,,,,,,,,,,,
pang--000jin,Jin-ho Pang,1977-07-27,,BANG|hojin,BANG|hojin,1977-07-27,1977,no_match,,,,,,,,,,,,,,,,,,,,,,,,,,
nam---000gi-,Gi-heon Nam,1977-08-01,,NAM|giheon,NAM|gihon,1977-08-01,1977,no_match,,,,,,,,,,,,,,,,,,,,,,,,,,
shim--000gwa,Gwang-ho Shim,1977-08-01,,SHIM|gwangho,SHIM|gwangho,1977-08-01,1977,no_match,,,,,,,,,,,,,,,,,,,,,,,,,,
baerlo001rya,Ryan Baerlocher,1977-08-06,"Lewiston, ID, US",|baerlocherryan,|belojellyan,1977-08-06,1977,no_match,,,,,,,,,,,,,,,,,,,,,,,,,,
cho---000yoo,Yun-Chae Cho,1977-08-10,,CHO|chaeyun,CHO|jeyon,1977-08-10,1977,no_match,,,,,,,,,,,,,,,,,,,,,,,,,,
lim---000no-,No-byeong Lim,1977-08-27,,LIM|byeongno,LIM|byongno,1977-08-27,1977,no_match,,,,,,,,,,,,,,,,,,,,,,,,,,
chiava001ron,Ron Chiavacci,1977-09-05,"Scranton, PA, US",|chiavacciron,|jiavagilon,1977-09-05,1977,no_match,,,,,,,,,,,,,,,,,,,,,,,,,,
yun---002hye,Hyeong-Jin Yoon,1977-09-13,,YOON|hyeongjin,YOON|hyongjin,1977-09-13,1977,no_match,,,,,,,,,,,,,,,,,,,,,,,,,,
shin--000ju-,Ju-il Shin,1977-09-18,,SHIN|ilju,SHIN|iljo,1977-09-18,1977,no_match,,,,,,,,,,,,,,,,,,,,,,,,,,
lee---002jeo,Jung Hoon Lee,1977-10-09,,LEE|hoonjung,LEE|honjong,1977-10-09,1977,no_match,,,,,,,,,,,,,,,,,,,,,,,,,,
jang--002sun,Sung Ho Jang,1977-10-18,,JANG|hosung,JANG|hosong,1977-10-18,1977,no_match,,,,,,,,,,,,,,,,,,,,,,,,,,
yang--001hye,Hyeon-seok Yang,1977-10-20,,YANG|hyeonseok,YANG|hyonsog,1977-10-20,1977,no_match,,,,,,,,,,,,,,,,,,,,,,,,,,
park--002jeo,Jung Hwan Park,1977-10-23,,PARK|hwanjung,PARK|hwanjong,1977-10-23,1977,no_match,,,,,,,,,,,,,,,,,,,,,,,,,,
kim---001san,Sang Hoon Kim,1977-10-27,,KIM|hoonsang,KIM|honsang,1977-10-27,1977,no_match,,,,,,,,,,,,,,,,,,,,,,,,,,
jang--000gyo,Gyo-Seong Chang,1977-10-27,,JANG|gyoseong,JANG|gyosong,1977-10-27,1977,no_match,,,,,,,,,,,,,,,,,,,,,,,,,,
chung-002jin,Jin-Yong Chung,1977-12-01,,JUNG|jinyong,JUNG|jinyong,1977-12-01,1977,no_match,,,,,,,,,,,,,,,,,,,,,,,,,,
chae--000jon,Jong Bum Chae,1977-12-03,,CHAE|bumjong,CHAE|bomjong,1977-12-03,1977,no_match,,,,,,,,,,,,,,,,,,,,,,,,,,
jeong-001seo,Seong-hun Chung,1977-12-09,,JUNG|hunseong,JUNG|honsong,1977-12-09,1977,no_match,,,,,,,,,,,,,,,,,,,,,,,,,,
kang--000bon,Bong Kyu Kang,1978-01-12,,KANG|bongkyu,KANG|bonggyo,1978-01-12,1978,no_match,,,,,,,,,,,,,,,,,,,,,,,,,,
hong--000se-,Seo Owan Hong,1978-01-16,,HONG|owanseo,HONG|owanso,1978-01-16,1978,no_match,,,,,,,,,,,,,,,,,,,,,,,,,,
choi--000kil,Kil-sung Choi,1978-02-06,,CHOI|kilsung,CHOI|gilsong,1978-02-06,1978,no_match,,,,,,,,,,,,,,,,,,,,,,,,,,
kim---006jae,Jae-hak Kim,1978-02-18,,KIM|hakjae,KIM|hagje,1978-02-18,1978,no_match,,,,,,,,,,,,,,,,,,,,,,,,,,
choi--000seu,Seung Hwan Choi,1978-02-25,,CHOI|hwanseung,CHOI|hwansong,1978-02-25,1978,no_match,,,,,,,,,,,,,,,,,,,,,,,,,,
kim---002mu-,Mu-seong Kim,1978-03-02,,KIM|museong,KIM|mosong,1978-03-02,1978,no_match,,,,,,,,,,,,,,,,,,,,,,,,,,
jeong-003soo,Soo Sung Jung,1978-03-04,,JUNG|soosung,JUNG|sosong,1978-03-04,1978,no_match,,,,,,,,,,,,,,,,,,,,,,,,,,
lee---006sun,Sung-Soo Lee,1978-03-08,,LEE|soosung,LEE|sosong,1978-03-08,1978,no_match,,,,,,,,,,,,,,,,,,,,,,,,,,
kwon--000o-h,O-hyeon Kwon,1978-03-12,,KWON|hyeono,KWON|hyono,1978-03-12,1978,no_match,,,,,,,,,,,,,,,,,,,,,,,,,,
cho---000seu,Seung-Hyeon Cho,1978-04-05,,CHO|hyeonseung,CHO|hyonsong,1978-04-05,1978,no_match,,,,,,,,,,,,,,,,,,,,,,,,,,
oh----000tae,Tae Geun Oh,1978-04-05,,OH|geuntae,OH|degon,1978-04-05,1978,no_match,,,,,,,,,,,,,,,,,,,,,,,,,,
yun---000tae,Tae-soo Yun,1978-04-05,,YOON|sootae,YOON|deso,1978-04-05,1978,no_match,,,,,,,,,,,,,,,,,,,,,,,,,,
ko----000ji-,Ji-haeng Ko,1978-05-03,,KO|haengji,KO|hengji,1978-05-03,1978,no_match,,,,,,,,,,,,,,,,,,,,,,,,,,
pak---000u-h,U-ho Pak,1978-05-15,,PARK|hou,PARK|hoo,1978-05-15,1978,no_match,,,,,,,,,,,,,,,,,,,,,,,,,,
kim---001dae,Dae-won Kim,1978-05-18,,KIM|daewon,KIM|dewon,1978-05-18,1978,no_match,,,,,,,,,,,,,,,,,,,,,,,,,,
kim---005jae,Jae-Gu Kim,1978-05-31,,KIM|gujae,KIM|goje,1978-05-31,1978,no_match,,,,,,,,,,,,,,,,,,,,,,,,,,
seo---000cha,Chang-ho Seo,1978-06-03,,SEO|changho,SEO|hojang,1978-06-03,1978,no_match,,,,,,,,,,,,,,,,,,,,,,,,,,
ko----000san,Sang-cheon Ko,1978-06-10,,KO|cheonsang,KO|jonsang,1978-06-10,1978,no_match,,,,,,,,,,,,,,,,,,,,,,,,,,
lee---001geu,Geun-yong Lee,1978-06-16,,LEE|geunyong,LEE|gonyong,1978-06-16,1978,no_match,,,,,,,,,,,,,,,,,,,,,,,,,,
kim---002il-,Il Kyoung Kim,1978-07-01,,KIM|ilkyoung,KIM|gyongil,1978-07-01,1978,no_match,,,,,,,,,,,,,,,,,,,,,,,,,,
magran001jam,Jim Magrane,1978-07-23,"Ottumwa, IA, US",|jimmagrane,|jimmaglane,1978-07-23,1978,no_match,,,,,,,,,,,,,,,,,,,,,,,,,,
park--000man,Man-Chae Park,1978-08-02,,PARK|chaeman,PARK|jeman,1978-08-02,1978,no_match,,,,,,,,,,,,,,,,,,,,,,,,,,
kim---000gi-,Gi-dong Kim,1978-08-05,,KIM|donggi,KIM|donggi,1978-08-05,1978,no_match,,,,,,,,,,,,,,,,,,,,,,,,,,
shin--000mye,Myung Chul Shin,1978-08-06,,SHIN|chulmyung,SHIN|jolmyong,1978-08-06,1978,no_match,,,,,,,,,,,,,,,,,,,,,,,,,,
pak---002san,Sang-min Pak,1978-08-11,,PARK|minsang,PARK|minsang,1978-08-11,1978,no_match,,,,,,,,,,,,,,,,,,,,,,,,,,
kim---003deo,Deok-Yong Kim,1978-08-16,,KIM|deokyong,KIM|dogyong,1978-08-16,1978,no_match,,,,,,,,,,,,,,,,,,,,,,,,,,
ji----000seo,Seong-min Chi,1978-09-12,,JI|minseong,JI|minsong,1978-09-12,1978,no_match,,,,,,,,,,,,,,,,,,,,,,,,,,
kim---000won,Won Kim,1978-09-23,,KIM|won,KIM|won,1978-09-23,1978,no_match,,,,,,,,,,,,,,,,,,,,,,,,,,
shim--000je-,Je-hun Shim,1978-10-11,,SHIM|hunje,SHIM|honje,1978-10-11,1978,no_match,,,,,,,,,,,,,,,,,,,,,,,,,,
kim---001jan,Jang-hyeon Kim,1978-10-16,,KIM|hyeonjang,KIM|hyonjang,1978-10-16,1978,no_match,,,,,,,,,,,,,,,,,,,,,,,,,,
moon--000nam,Nam-Yeol Moon,1978-10-17,,MOON|namyeol,MOON|namyol,1978-10-17,1978,no_match,,,,,,,,,,,,,,,,,,,,,,,,,,
jang--000in-,In-Gyu Chang,1978-10-31,,JANG|gyuin,JANG|gyoin,1978-10-31,1978,no_match,,,,,,,,,,,,,,,,,,,,,,,,,,
chong-000tae,Tae-hyon Chung,1978-11-10,"Gunsan, KR",JUNG|hyontae,JUNG|dehyon,1978-11-10,1978,no_match,,,,,,,,,,,,,,,,,,,,,,,,,,
son---000ji-,Ji Hwan Son,1978-11-13,,SON|hwanji,SON|hwanji,1978-11-13,1978,no_match,,,,,,,,,,,,,,,,,,,,,,,,,,
jeong-002hye,Hyun Wook Jong,1978-12-02,,HYUN|jongwook,HYUN|jongwog,1978-12-02,1978,no_match,,,,,,,,,,,,,,,,,,,,,,,,,,
kim---002won,Won Sup Kim,1978-12-18,,KIM|supwon,KIM|sobwon,1978-12-18,1978,no_match,,,,,,,,,,,,,,,,,,,,,,,,,,
lee---000son,Song-yeong Lee,1979-01-17,,LEE|songyeong,LEE|songyong,1979-01-17,1979,no_match,,,,,,,,,,,,,,,,,,,,,,,,,,
chou--000gye,Gyeong-hun Chou,1979-01-22,,JOO|gyeonghun,JOO|gyonghon,1979-01-22,1979,no_match,,,,,,,,,,,,,,,,,,,,,,,,,,
kweon-001yoo,Yoon-Min Kweon,1979-01-22,"Inchon, KR",KWON|minyoon,KWON|minyon,1979-01-22,1979,no_match,,,,,,,,,,,,,,,,,,,,,,,,,,
lee---003jun,Jun-min Lee,1979-01-23,,LEE|junmin,LEE|jonmin,1979-01-23,1979,no_match,,,,,,,,,,,,,,,,,,,,,,,,,,
park--000han,Han Yi Park,1979-01-28,,PARK|hanyi,PARK|hani,1979-01-28,1979,no_match,,,,,,,,,,,,,,,,,,,,,,,,,,
oh----000u-j,U-jin Oh,1979-01-30,,OH|jinu,OH|jino,1979-01-30,1979,no_match,,,,,,,,,,,,,,,,,,,,,,,,,,
jeon--000ha-,Ha-Jin Jeon,1979-02-11,,JEON|hajin,JEON|hajin,1979-02-11,1979,no_match,,,,,,,,,,,,,,,,,,,,,,,,,,
an----001chi,Chi Yong An,1979-02-23,,AHN|chiyong,AHN|jiyong,1979-02-23,1979,no_match,,,,,,,,,,,,,,,,,,,,,,,,,,
lee---007jun,Jung-Min Lee,1979-03-02,"Busan, KR",LEE|jungmin,LEE|jongmin,1979-03-02,1979,no_match,,,,,,,,,,,,,,,,,,,,,,,,,,
lee---002hye,Hei Chun Lee,1979-03-12,"Busan, KR",LEE|chunhei,LEE|heijon,1979-03-12,1979,no_match,,,,,,,,,,,,,,,,,,,,,,,,,,
ma----000jeo,Jung Kil Ma,1979-03-13,,MA|jungkil,MA|giljong,1979-03-13,1979,no_match,,,,,,,,,,,,,,,,,,,,,,,,,,
cho---001yon,Yong-Joon Cho,1979-03-17,,CHO|joonyong,CHO|jonyong,1979-03-17,1979,no_match,,,,,,,,,,,,,,,,,,,,,,,,,,
pak---000yeo,Yeong-jin Pak,1979-03-19,,PARK|jinyeong,PARK|jinyong,1979-03-19,1979,no_match,,,,,,,,,,,,,,,,,,,,,,,,,,
kim---009min,Min Woo Kim,1979-03-21,,KIM|minwoo,KIM|minwo,1979-03-21,1979,no_match,,,,,,,,,,,,,,,,,,,,,,,,,,
kim---003jin,Jin Soo Kim,1979-04-19,,KIM|jinsoo,KIM|jinso,1979-04-19,1979,no_match,,,,,,,,,,,,,,,,,,,,,,,,,,
park--002yon,Yong Taik Park,1979-04-21,KR,PARK|taikyong,PARK|daigyong,1979-04-21,1979,no_match,,,,,,,,,,,,,,,,,,,,,,,,,,
yu----003jae,Jae-wong Yu,1979-05-20,,RYU|jaewong,RYU|jewong,1979-05-20,1979,no_match,,,,,,,,,,,,,,,,,,,,,,,,,,
song--000hye,Hyeok Song,1979-05-21,,SONG|hyeok,SONG|hyog,1979-05-21,1979,no_match,,,,,,,,,,,,,,,,,,,,,,,,,,
kim---003jeo,Jeong-hyeon Kim,1979-05-27,,KIM|hyeonjeong,KIM|hyonjong,1979-05-27,1979,no_match,,,,,,,,,,,,,,,,,,,,,,,,,,
lee---001dae,Dae Hwan Lee,1979-05-28,,LEE|daehwan,LEE|dehwan,1979-05-28,1979,no_match,,,,,,,,,,,,,,,,,,,,,,,,,,
lee---001seu,Seung Hak Lee,1979-06-02,"Namhae-Gun, KR",LEE|hakseung,LEE|hagsong,1979-06-02,1979,no_match,,,,,,,,,,,,,,,,,,,,,,,,,,
im----000don,Dong-gyu Lim,1979-06-03,,LIM|donggyu,LIM|donggyo,1979-06-03,1979,no_match,,,,,,,,,,,,,,,,,,,,,,,,,,
cho---000min,Min-cheol Cho,1979-06-08,,CHO|cheolmin,CHO|jolmin,1979-06-08,1979,no_match,,,,,,,,,,,,,,,,,,,,,,,,,,
pyon--000in-,In-jae Pyon,1979-06-11,,BYUN|injae,BYUN|inje,1979-06-11,1979,no_match,,,,,,,,,,,,,,,,,,,,,,,,,,
lee---007jae,Jae Young Lee,1979-06-13,,LEE|jaeyoung,LEE|jeyong,1979-06-13,1979,no_match,,,,,,,,,,,,,,,,,,,,,,,,,,
choi--000hwa,Hwan-In Choi,1979-06-15,,CHOI|hwanin,CHOI|hwanin,1979-06-15,1979,no_match,,,,,,,,,,,,,,,,,,,,,,,,,,
son---001yon,Yong-soo Son,1979-06-16,,SON|sooyong,SON|soyong,1979-06-16,1979,no_match,,,,,,,,,,,,,,,,,,,,,,,,,,
kim---006sun,Sung-Joon Kim,1979-06-20,,KIM|joonsung,KIM|jonsong,1979-06-20,1979,no_match,,,,,,,,,,,,,,,,,,,,,,,,,,
lee---003kye,Kyeong-Soo Lee,1979-06-23,,LEE|kyeongsoo,LEE|gyongso,1979-06-23,1979,no_match,,,,,,,,,,,,,,,,,,,,,,,,,,
cho---003hye,Hyeon-soo Cho,1979-06-27,,CHO|hyeonsoo,CHO|hyonso,1979-06-27,1979,no_match,,,,,,,,,,,,,,,,,,,,,,,,,,
kim---006jin,Jin-yu Kim,1979-07-01,,KIM|jinyu,KIM|jinyo,1979-07-01,1979,no_match,,,,,,,,,,,,,,,,,,,,,,,,,,
hyun--000jae,Jae Yoon Hyun,1979-07-08,,YOON|hyunjae,YOON|hyonje,1979-07-08,1979,no_match,,,,,,,,,,,,,,,,,,,,,,,,,,
seo---000seu,Seung-hwa Seo,1979-07-13,,SEO|hwaseung,SEO|hwasong,1979-07-13,1979,no_match,,,,,,,,,,,,,,,,,,,,,,,,,,
so----000so-,So-Gyeong So,1979-07-19,,SEO|gyeongso,SEO|gyongso,1979-07-19,1979,no_match,,,,,,,,,,,,,,,,,,,,,,,,,,
yun---001san,Sang-mu Yun,1979-07-20,,YOON|musang,YOON|mosang,1979-07-20,1979,no_match,,,,,,,,,,,,,,,,,,,,,,,,,,
kang--000che,Chul Min Kang,1979-07-22,,KANG|chulmin,KANG|jolmin,1979-07-22,1979,no_match,,,,,,,,,,,,,,,,,,,,,,,,,,
jung--001sun,Sung Ki Jung,1979-08-06,"Yeo Soo, KR",JUNG|kisung,JUNG|gisong,1979-08-06,1979,no_match,,,,,,,,,,,,,,,,,,,,,,,,,,
kang--000gui,Gui-tae Kang,1979-08-12,,KANG|guitae,KANG|degi,1979-08-12,1979,no_match,,,,,,,,,,,,,,,,,,,,,,,,,,
kwon--001oh-,Oh Won Kwon,1979-08-16,,KWON|ohwon,KWON|owon,1979-08-16,1979,no_match,,,,,,,,,,,,,,,,,,,,,,,,,,
kim---002soo,Soo-kyung Kim,1979-08-20,,KIM|kyungsoo,KIM|gyongso,1979-08-20,1979,no_match,,,,,,,,,,,,,,,,,,,,,,,,,,
yun---001hye,Hyeong-guk Yun,1979-08-20,,YOON|gukhyeong,YOON|goghyong,1979-08-20,1979,no_match,,,,,,,,,,,,,,,,,,,,,,,,,,
scobie001jas,Jason Scobie,1979-09-01,"Toledo, OH, US",|jasonscobie,|jasonsgobie,1979-09-01,1979,no_match,,,,,,,,,,,,,,,,,,,,,,,,,,
kim---011jae,Jae-hyeon Kim,1979-09-07,,KIM|hyeonjae,KIM|hyonje,1979-09-07,1979,no_match,,,,,,,,,,,,,,,,,,,,,,,,,,
o-----000se-,Se-Hak Oh,1979-09-09,,OH|hakse,OH|hagse,1979-09-09,1979,no_match,,,,,,,,,,,,,,,,,,,,,,,,,,
kim---003yon,Yong-woo Kim,1979-09-12,,KIM|wooyong,KIM|woyong,1979-09-12,1979,no_match,,,,,,,,,,,,,,,,,,,,,,,,,,
kim---000kwa,Gwang-U Kim,1979-09-12,,KIM|gwangu,KIM|gwango,1979-09-12,1979,no_match,,,,,,,,,,,,,,,,,,,,,,,,,,
chu---001seu,Seung Woo Choo,1979-09-24,,JOO|seungwoo,JOO|songwo,1979-09-24,1979,no_match,,,,,,,,,,,,,,,,,,,,,,,,,,
kim---001mun,Mun-soo Kim,1979-09-30,,KIM|munsoo,KIM|monso,1979-09-30,1979,no_match,,,,,,,,,,,,,,,,,,,,,,,,,,
chou--001don,Dong-yeon Chou,1979-09-30,,JOO|dongyeon,JOO|dongyon,1979-09-30,1979,no_match,,,,,,,,,,,,,,,,,,,,,,,,,,
kim---000se-,Se-jung Kim,1979-10-20,,KIM|jungse,KIM|jongse,1979-10-20,1979,no_match,,,,,,,,,,,,,,,,,,,,,,,,,,
song--000won,Won-guk Song,1979-10-26,,SONG|gukwon,SONG|gogwon,1979-10-26,1979,no_match,,,,,,,,,,,,,,,,,,,,,,,,,,
lee---007don,Dong-hyeon Lee,1979-11-15,,LEE|donghyeon,LEE|donghyon,1979-11-15,1979,no_match,,,,,,,,,,,,,,,,,,,,,,,,,,
chae--000san,Sang Byung Chae,1979-12-18,,CHAE|byungsang,CHAE|byongsang,1979-12-18,1979,no_match,,,,,,,,,,,,,,,,,,,,,,,,,,
ho----000il-,Il-sang Ho,1979-12-21,,|hoilsang,|hoilsang,1979-12-21,1979,no_match,,,,,,,,,,,,,,,,,,,,,,,,,,
jeong-003jae,Jae Hun Chung,1980-01-01,KR,JUNG|hunjae,JUNG|honje,1980-01-01,1980,no_match,,,,,,,,,,,,,,,,,,,,,,,,,,
cho---000jae,Jae-ho Cho,1980-01-10,,CHO|hojae,CHO|hoje,1980-01-10,1980,no_match,,,,,,,,,,,,,,,,,,,,,,,,,,
kim---002joo,Joo-Yong Kim,1980-01-17,,KIM|jooyong,KIM|joyong,1980-01-17,1980,no_match,,,,,,,,,,,,,,,,,,,,,,,,,,
lee---006jae,Jae Woo Lee,1980-02-09,,LEE|jaewoo,LEE|jewo,1980-02-09,1980,no_match,,,,,,,,,,,,,,,,,,,,,,,,,,
jeong-000jeo,Jeong-o Jeong,1980-02-10,,JUNG|jeongo,JUNG|jongo,1980-02-10,1980,no_match,,,,,,,,,,,,,,,,,,,,,,,,,,
kim---001il-,Il-yeop Kim,1980-02-15,"Taegu, KR",KIM|ilyeop,KIM|ilyob,1980-02-15,1980,no_match,,,,,,,,,,,,,,,,,,,,,,,,,,
kim---005jin,Jin-wong Kim,1980-02-20,,KIM|jinwong,KIM|jinwong,1980-02-20,1980,no_match,,,,,,,,,,,,,,,,,,,,,,,,,,
lee---003hye,Hyun Gon Lee,1980-02-21,,LEE|gonhyun,LEE|gonhyon,1980-02-21,1980,no_match,,,,,,,,,,,,,,,,,,,,,,,,,,
jeong-001hye,Hyun Taek Jung,1980-02-22,,JUNG|hyuntaek,JUNG|deghyon,1980-02-22,1980,no_match,,,,,,,,,,,,,,,,,,,,,,,,,,
lee---000min,Min-taek Lee,1980-02-23,,LEE|mintaek,LEE|degmin,1980-02-23,1980,no_match,,,,,,,,,,,,,,,,,,,,,,,,,,
kwon--000oh-,Oh Joon Kwon,1980-03-09,,KWON|joonoh,KWON|jono,1980-03-09,1980,no_match,,,,,,,,,,,,,,,,,,,,,,,,,,
shin--001don,Dong-min Shin,1980-03-14,,SHIN|dongmin,SHIN|dongmin,1980-03-14,1980,no_match,,,,,,,,,,,,,,,,,,,,,,,,,,
cho---001jae,Jae Yung Cho,1980-03-15,,CHO|jaeyung,CHO|jeyong,1980-03-15,1980,no_match,,,,,,,,,,,,,,,,,,,,,,,,,,
ko----000don,Dong Jin Ko,1980-04-01,,KO|dongjin,KO|dongjin,1980-04-01,1980,no_match,,,,,,,,,,,,,,,,,,,,,,,,,,
kim---004san,Tae-yeong Kim,1980-04-07,,KIM|taeyeong,KIM|deyong,1980-04-07,1980,no_match,,,,,,,,,,,,,,,,,,,,,,,,,,
kim---001sa-,Sa Yul Kim,1980-04-17,,KIM|sayul,KIM|sayol,1980-04-17,1980,no_match,,,,,,,,,,,,,,,,,,,,,,,,,,
lee---000seo,Seok-man Lee,1980-05-08,,LEE|manseok,LEE|mansog,1980-05-08,1980,no_match,,,,,,,,,,,,,,,,,,,,,,,,,,
paek--000seu,Seung-hun Paek,1980-05-16,,BAEK|hunseung,BAEK|honsong,1980-05-16,1980,no_match,,,,,,,,,,,,,,,,,,,,,,,,,,
kim---005hye,Hyeong-cheol Kim,1980-05-26,,KIM|cheolhyeong,KIM|hyongjol,1980-05-26,1980,no_match,,,,,,,,,,,,,,,,,,,,,,,,,,
han---000san,Sang Hun Han,1980-06-03,,HAN|hunsang,HAN|honsang,1980-06-03,1980,no_match,,,,,,,,,,,,,,,,,,,,,,,,,,
jeong-000jon,Jong-Soo Chung,1980-06-08,,JUNG|jongsoo,JUNG|jongso,1980-06-08,1980,no_match,,,,,,,,,,,,,,,,,,,,,,,,,,
lee---000jin,Jin-yeong Lee,1980-06-15,"Gunsan, KR",LEE|jinyeong,LEE|jinyong,1980-06-15,1980,no_match,,,,,,,,,,,,,,,,,,,,,,,,,,
lee---006jon,Jong Wook Lee,1980-06-18,,LEE|jongwook,LEE|jongwog,1980-06-18,1980,no_match,,,,,,,,,,,,,,,,,,,,,,,,,,
ku----000ja-,Ja-woon Koo,1980-06-19,,KOO|jawoon,KOO|jawon,1980-06-19,1980,no_match,,,,,,,,,,,,,,,,,,,,,,,,,,
song--000soo,Soo-geun Song,1980-06-26,,SONG|geunsoo,SONG|gonso,1980-06-26,1980,no_match,,,,,,,,,,,,,,,,,,,,,,,,,,
jeong-002seo,Seong Hoon Jeong,1980-06-27,,JUNG|hoonseong,JUNG|honsong,1980-06-27,1980,no_match,,,,,,,,,,,,,,,,,,,,,,,,,,
song--001seu,Seung Song,1980-06-29,"Pusan, KR",SONG|seung,SONG|song,1980-06-29,1980,no_match,,,,,,,,,,,,,,,,,,,,,,,,,,
lee---004tae,Taek Keun Lee,1980-07-10,,LEE|keuntaek,LEE|deggon,1980-07-10,1980,no_match,,,,,,,,,,,,,,,,,,,,,,,,,,
kim---005soo,Soo-Hoon Kim,1980-07-10,,KIM|hoonsoo,KIM|honso,1980-07-10,1980,no_match,,,,,,,,,,,,,,,,,,,,,,,,,,
park--000gan,Gang-Yoo Park,1980-07-19,,PARK|gangyoo,PARK|gangyo,1980-07-19,1980,no_match,,,,,,,,,,,,,,,,,,,,,,,,,,
lee---004dae,Dae-il Lee,1980-08-01,,LEE|daeil,LEE|deil,1980-08-01,1980,no_match,,,,,,,,,,,,,,,,,,,,,,,,,,
heo---000yeo,Yeon-Cheol Ho,1980-08-07,,|cheolhoyeon,|hojolyon,1980-08-07,1980,no_match,,,,,,,,,,,,,,,,,,,,,,,,,,
yun---000gye,Gyeong-yeong Yoon,1980-08-12,,YOON|gyeongyeong,YOON|gyongyong,1980-08-12,1980,no_match,,,,,,,,,,,,,,,,,,,,,,,,,,
lee---004yeo,Young Uk Lee,1980-08-13,,LEE|ukyoung,LEE|ogyong,1980-08-13,1980,no_match,,,,,,,,,,,,,,,,,,,,,,,,,,
cho---000in-,In-sin Cho,1980-08-14,,CHO|insin,CHO|insin,1980-08-14,1980,no_match,,,,,,,,,,,,,,,,,,,,,,,,,,
choi--002kyu,Kyung Chul Choi,1980-08-15,,CHOI|chulkyung,CHOI|gyongjol,1980-08-15,1980,no_match,,,,,,,,,,,,,,,,,,,,,,,,,,
kim---003gwa,Kwang Sam Kim,1980-08-15,,KIM|kwangsam,KIM|gwangsam,1980-08-15,1980,no_match,,,,,,,,,,,,,,,,,,,,,,,,,,
jeong-000bo-,Bo Myung Jung,1980-08-23,,JUNG|bomyung,JUNG|bomyong,1980-08-23,1980,no_match,,,,,,,,,,,,,,,,,,,,,,,,,,
lee---009san,Sang Hwa Lee,1980-09-15,,LEE|hwasang,LEE|hwasang,1980-09-15,1980,no_match,,,,,,,,,,,,,,,,,,,,,,,,,,
son---000si-,Si-heon Son,1980-10-19,"Seoul, KR",SON|heonsi,SON|honsi,1980-10-19,1980,no_match,,,,,,,,,,,,,,,,,,,,,,,,,,
gang--000mye,Myung Gu Kang,1980-10-25,,KANG|gumyung,KANG|gomyong,1980-10-25,1980,no_match,,,,,,,,,,,,,,,,,,,,,,,,,,
lee---000in-,In-gu Lee,1980-11-07,,LEE|guin,LEE|goin,1980-11-07,1980,no_match,,,,,,,,,,,,,,,,,,,,,,,,,,
kim---003san,Sang Hyun Kim,1980-11-12,,KIM|hyunsang,KIM|hyonsang,1980-11-12,1980,no_match,,,,,,,,,,,,,,,,,,,,,,,,,,
paek--000dae,Dae-un Paek,1980-11-21,,BAEK|daeun,BAEK|deon,1980-11-21,1980,no_match,,,,,,,,,,,,,,,,,,,,,,,,,,
mun---000yon,Yong-min Moon,1980-12-06,,MOON|minyong,MOON|minyong,1980-12-06,1980,no_match,,,,,,,,,,,,,,,,,,,,,,,,,,
shin--000min,Min Ki Shin,1980-12-11,,SHIN|kimin,SHIN|gimin,1980-12-11,1980,no_match,,,,,,,,,,,,,,,,,,,,,,,,,,
yang--000seo,Seong-je Yang,1980-12-16,,YANG|jeseong,YANG|jesong,1980-12-16,1980,no_match,,,,,,,,,,,,,,,,,,,,,,,,,,
chou--000don,Dong-rak Chou,1980-12-24,,JOO|dongrak,JOO|donglag,1980-12-24,1980,no_match,,,,,,,,,,,,,,,,,,,,,,,,,,
kim---003sun,Sung Bae Kim,1981-01-12,,KIM|baesung,KIM|besong,1981-01-12,1981,no_match,,,,,,,,,,,,,,,,,,,,,,,,,,
cha---000il-,Il Mok Cha,1981-01-26,,CHA|ilmok,CHA|ilmog,1981-01-26,1981,no_match,,,,,,,,,,,,,,,,,,,,,,,,,,
lee---000yan,Yang Ki Lee,1981-01-31,,LEE|kiyang,LEE|giyang,1981-01-31,1981,no_match,,,,,,,,,,,,,,,,,,,,,,,,,,
shim--000soo,Soo Chang Shim,1981-02-09,,JANG|shimsoo,JANG|simso,1981-02-09,1981,no_match,,,,,,,,,,,,,,,,,,,,,,,,,,
lee---001mye,Myeong-ho Lee,1981-02-10,,LEE|homyeong,LEE|homyong,1981-02-10,1981,no_match,,,,,,,,,,,,,,,,,,,,,,,,,,
kim---002seu,Seung Hye Kim,1981-02-11,,KIM|hyeseung,KIM|hyesong,1981-02-11,1981,no_match,,,,,,,,,,,,,,,,,,,,,,,,,,
kwon--000do-,Do Young Kwon,1981-02-11,,KWON|doyoung,KWON|doyong,1981-02-11,1981,no_match,,,,,,,,,,,,,,,,,,,,,,,,,,
jeong-000jae,Jae Bok Jung,1981-02-13,,JUNG|bokjae,JUNG|bogje,1981-02-13,1981,no_match,,,,,,,,,,,,,,,,,,,,,,,,,,
son---000ki-,Ki-Hyeon Son,1981-03-03,,SON|hyeonki,SON|gihyon,1981-03-03,1981,no_match,,,,,,,,,,,,,,,,,,,,,,,,,,
park--000jin,Jin-hwan Park,1981-03-10,,PARK|hwanjin,PARK|hwanjin,1981-03-10,1981,no_match,,,,,,,,,,,,,,,,,,,,,,,,,,
cho---001you,Young-min Cho,1981-03-11,,CHO|minyoung,CHO|minyong,1981-03-11,1981,no_match,,,,,,,,,,,,,,,,,,,,,,,,,,
cho---001don,Dong Hwa Cho,1981-03-22,,CHO|donghwa,CHO|donghwa,1981-03-22,1981,no_match,,,,,,,,,,,,,,,,,,,,,,,,,,
kim---001ju-,Joo Chan Kim,1981-03-25,,KIM|chanjoo,KIM|janjo,1981-03-25,1981,no_match,,,,,,,,,,,,,,,,,,,,,,,,,,
lee---005cha,Chang-hun Lee,1981-03-25,,LEE|changhun,LEE|honjang,1981-03-25,1981,no_match,,,,,,,,,,,,,,,,,,,,,,,,,,
choi--004hyu,Hyuk-gil Choi,1981-03-25,,CHOI|gilhyuk,CHOI|gilhyog,1981-03-25,1981,no_match,,,,,,,,,,,,,,,,,,,,,,,,,,
kim---000hyi,Geon Han Kim,1981-03-26,,KIM|geonhan,KIM|gonhan,1981-03-26,1981,no_match,,,,,,,,,,,,,,,,,,,,,,,,,,
lee---011san,Sang-Hyeon Lee,1981-04-05,,LEE|hyeonsang,LEE|hyonsang,1981-04-05,1981,no_match,,,,,,,,,,,,,,,,,,,,,,,,,,
yong--000deo,Deuk Han Yong,1981-04-09,,HAN|deukyong,HAN|dogyong,1981-04-09,1981,no_match,,,,,,,,,,,,,,,,,,,,,,,,,,
cho---000mun,Mun-gi Cho,1981-04-12,,CHO|gimun,CHO|gimon,1981-04-12,1981,no_match,,,,,,,,,,,,,,,,,,,,,,,,,,
kang--000gwa,Gwan-sik Kang,1981-04-12,,KANG|gwansik,KANG|gwansig,1981-04-12,1981,no_match,,,,,,,,,,,,,,,,,,,,,,,,,,
chang-000jun,Jun-Gwan Chang,1981-04-14,,JANG|gwanjun,JANG|gwanjon,1981-04-14,1981,no_match,,,,,,,,,,,,,,,,,,,,,,,,,,
kim---012seo,Seong-ho Kim,1981-04-30,,KIM|hoseong,KIM|hosong,1981-04-30,1981,no_match,,,,,,,,,,,,,,,,,,,,,,,,,,
bae---000you,Young Soo Bae,1981-05-04,KR,BAE|sooyoung,BAE|soyong,1981-05-04,1981,no_match,,,,,,,,,,,,,,,,,,,,,,,,,,
kim---004gwa,Kwang Soo Kim,1981-05-05,,KIM|kwangsoo,KIM|gwangso,1981-05-05,1981,no_match,,,,,,,,,,,,,,,,,,,,,,,,,,
hong--000ma-,Ma-tae Hong,1981-05-05,,HONG|matae,HONG|dema,1981-05-05,1981,no_match,,,,,,,,,,,,,,,,,,,,,,,,,,
chung-000jae,Jae-Hun Chung,1981-05-06,,JUNG|hunjae,JUNG|honje,1981-05-06,1981,no_match,,,,,,,,,,,,,,,,,,,,,,,,,,
lee---004don,Dong Hack Lee,1981-05-06,,LEE|donghack,LEE|donghag,1981-05-06,1981,no_match,,,,,,,,,,,,,,,,,,,,,,,,,,
lee---002yeo,Young Soo Lee,1981-05-09,,LEE|sooyoung,LEE|soyong,1981-05-09,1981,no_match,,,,,,,,,,,,,,,,,,,,,,,,,,
pang--000seu,Seung-jae Pang,1981-05-10,,BANG|jaeseung,BANG|jesong,1981-05-10,1981,no_match,,,,,,,,,,,,,,,,,,,,,,,,,,
min---001gye,Gyeong-su Min,1981-05-19,,MIN|gyeongsu,MIN|gyongso,1981-05-19,1981,no_match,,,,,,,,,,,,,,,,,,,,,,,,,,
hwang-000i-g,I-gap Hwang,1981-05-22,,HWANG|gapi,HWANG|gabi,1981-05-22,1981,no_match,,,,,,,,,,,,,,,,,,,,,,,,,,
ma----000il-,Il Young Ma,1981-05-28,,MA|ilyoung,MA|ilyong,1981-05-28,1981,no_match,,,,,,,,,,,,,,,,,,,,,,,,,,
gwon--000min,Min-Seong Kwon,1981-05-31,,KWON|minseong,KWON|minsong,1981-05-31,1981,no_match,,,,,,,,,,,,,,,,,,,,,,,,,,
park--000ki-,Ki Hyuk Park,1981-06-04,,PARK|hyukki,PARK|gihyog,1981-06-04,1981,no_match,,,,,,,,,,,,,,,,,,,,,,,,,,
kang--001you,Young Sik Kang,1981-06-17,,KANG|sikyoung,KANG|sigyong,1981-06-17,1981,no_match,,,,,,,,,,,,,,,,,,,,,,,,,,
eom---000jeo,Jung Wook Uhm,1981-06-18,,EOM|jungwook,EOM|jongwog,1981-06-18,1981,no_match,,,,,,,,,,,,,,,,,,,,,,,,,,
kim---003jon,Jong-Min Kim,1981-06-30,,KIM|jongmin,KIM|jongmin,1981-06-30,1981,no_match,,,,,,,,,,,,,,,,,,,,,,,,,,
yu----000han,Han Joon Yu,1981-07-01,KR,RYU|hanjoon,RYU|hanjon,1981-07-01,1981,no_match,,,,,,,,,,,,,,,,,,,,,,,,,,
kang--002min,Min-yeong Kang,1981-07-04,,KANG|minyeong,KANG|minyong,1981-07-04,1981,no_match,,,,,,,,,,,,,,,,,,,,,,,,,,
kwak--000don,Don-hun Kwak,1981-07-13,,KWAK|donhun,KWAK|donhon,1981-07-13,1981,no_match,,,,,,,,,,,,,,,,,,,,,,,,,,
ho----000jin,Jin-seok Ho,1981-07-19,,JIN|hoseok,JIN|hosog,1981-07-19,1981,no_match,,,,,,,,,,,,,,,,,,,,,,,,,,
heo---002jun,Joon Heo,1981-07-20,,HEO|joon,HEO|jon,1981-07-20,1981,no_match,,,,,,,,,,,,,,,,,,,,,,,,,,
park--001jeo,Jung Kwon Park,1981-07-21,,PARK|jungkwon,PARK|gwonjong,1981-07-21,1981,no_match,,,,,,,,,,,,,,,,,,,,,,,,,,
gang--000yu-,Yu-Sam Kang,1981-07-25,,KANG|samyu,KANG|samyo,1981-07-25,1981,no_match,,,,,,,,,,,,,,,,,,,,,,,,,,
lee---013san,Sang-u Lee,1981-08-13,,LEE|sangu,LEE|osang,1981-08-13,1981,no_match,,,,,,,,,,,,,,,,,,,,,,,,,,
park--001ki-,Ki Nam Park,1981-08-14,,PARK|kinam,PARK|ginam,1981-08-14,1981,no_match,,,,,,,,,,,,,,,,,,,,,,,,,,
lee---006dae,Dae Soo Lee,1981-08-21,,LEE|daesoo,LEE|deso,1981-08-21,1981,no_match,,,,,,,,,,,,,,,,,,,,,,,,,,
lee---002seo,Sung Woo Lee,1981-09-01,,LEE|sungwoo,LEE|songwo,1981-09-01,1981,no_match,,,,,,,,,,,,,,,,,,,,,,,,,,
oh----000yun,Yoon Oh,1981-09-08,,YOON|oh,YOON|o,1981-09-08,1981,no_match,,,,,,,,,,,,,,,,,,,,,,,,,,
lee---003seu,Seung Ho Lee,1981-09-09,,LEE|hoseung,LEE|hosong,1981-09-09,1981,no_match,,,,,,,,,,,,,,,,,,,,,,,,,,
cho---000kyu,Kyu-soo Cho,1981-09-15,,CHO|kyusoo,CHO|gyoso,1981-09-15,1981,no_match,,,,,,,,,,,,,,,,,,,,,,,,,,
song--001hye,Hyeon-woo Song,1981-09-16,,SONG|hyeonwoo,SONG|hyonwo,1981-09-16,1981,no_match,,,,,,,,,,,,,,,,,,,,,,,,,,
kim---010tae,Tae Wan Kim,1981-09-19,,KIM|taewan,KIM|dewan,1981-09-19,1981,no_match,,,,,,,,,,,,,,,,,,,,,,,,,,
yun---003seo,Sung Hwan Yun,1981-10-08,,YOON|hwansung,YOON|hwansong,1981-10-08,1981,no_match,,,,,,,,,,,,,,,,,,,,,,,,,,
lee---006jeo,Jung Sik Lee,1981-11-02,,LEE|jungsik,LEE|jongsig,1981-11-02,1981,no_match,,,,,,,,,,,,,,,,,,,,,,,,,,
gwon--000yeo,Yeong-Geun Kwon,1981-11-16,,KWON|geunyeong,KWON|gonyong,1981-11-16,1981,no_match,,,,,,,,,,,,,,,,,,,,,,,,,,
lee---001bum,Bum Ho Lee,1981-11-25,,LEE|bumho,LEE|bomho,1981-11-25,1981,no_match,,,,,,,,,,,,,,,,,,,,,,,,,,
park--000jun,Joon Seo Park,1981-12-11,,PARK|joonseo,PARK|jonso,1981-12-11,1981,no_match,,,,,,,,,,,,,,,,,,,,,,,,,,
ju----000cha,Chang-Hun Choo,1981-12-17,,JOO|changhun,JOO|honjang,1981-12-17,1981,no_match,,,,,,,,,,,,,,,,,,,,,,,,,,
seo---001jeo,Jeong-ho Seo,1981-12-24,,SEO|hojeong,SEO|hojong,1981-12-24,1981,no_match,,,,,,,,,,,,,,,,,,,,,,,,,,
lee---005don,Dong Hun Lee,1981-12-25,,LEE|donghun,LEE|donghon,1981-12-25,1981,no_match,,,,,,,,,,,,,,,,,,,,,,,,,,
kim---019seo,Sung Tae Kim,1982-01-03,,KIM|sungtae,KIM|desong,1982-01-03,1982,no_match,,,,,,,,,,,,,,,,,,,,,,,,,,
seo---000min,Min-uk Seo,1982-01-09,,SEO|minuk,SEO|minog,1982-01-09,1982,no_match,,,,,,,,,,,,,,,,,,,,,,,,,,
ho----000yon,Yong Ho,1982-02-03,,|hoyong,|hoyong,1982-02-03,1982,no_match,,,,,,,,,,,,,,,,,,,,,,,,,,
hong--001seo,Seong-Soo Hong,1982-02-05,,HONG|seongsoo,HONG|sosong,1982-02-05,1982,no_match,,,,,,,,,,,,,,,,,,,,,,,,,,
song--000min,Min-guk Song,1982-02-09,,SONG|gukmin,SONG|gogmin,1982-02-09,1982,no_match,,,,,,,,,,,,,,,,,,,,,,,,,,
bae---000hon,Hong-Cheol Bae,1982-02-24,,BAE|cheolhong,BAE|hongjol,1982-02-24,1982,no_match,,,,,,,,,,,,,,,,,,,,,,,,,,
lee---000yun,Yun-Hak Lee,1982-02-25,,LEE|hakyun,LEE|hagyon,1982-02-25,1982,no_match,,,,,,,,,,,,,,,,,,,,,,,,,,
yu----003yeo,Yeong-Min Yu,1982-03-01,,RYU|minyeong,RYU|minyong,1982-03-01,1982,no_match,,,,,,,,,,,,,,,,,,,,,,,,,,
son---000seu,Seung-rak Son,1982-03-04,"Daegu, KR",SON|rakseung,SON|lagsong,1982-03-04,1982,no_match,,,,,,,,,,,,,,,,,,,,,,,,,,
kim---001don,Dong-geon Kim,1982-03-07,,KIM|donggeon,KIM|donggon,1982-03-07,1982,no_match,,,,,,,,,,,,,,,,,,,,,,,,,,
hwang-000jun,Jun-Yeong Hwang,1982-03-11,,HWANG|junyeong,HWANG|jonyong,1982-03-11,1982,no_match,,,,,,,,,,,,,,,,,,,,,,,,,,
wright001mat,Matt Wright,1982-03-13,"Waco, TX, US",|mattwright,|madwlighd,1982-03-13,1982,no_match,,,,,,,,,,,,,,,,,,,,,,,,,,
kim---004min,Min-cheol Kim,1982-03-14,,KIM|cheolmin,KIM|jolmin,1982-03-14,1982,no_match,,,,,,,,,,,,,,,,,,,,,,,,,,
sin---000jae,Jae Woong Shin,1982-03-28,,SHIN|jaewoong,SHIN|jewong,1982-03-28,1982,no_match,,,,,,,,,,,,,,,,,,,,,,,,,,
yun---000san,Yo Sup Yoon,1982-03-30,,YOON|supyo,YOON|sobyo,1982-03-30,1982,no_match,,,,,,,,,,,,,,,,,,,,,,,,,,
kim---023jae,Jae-Bin Kim,1982-03-31,,KIM|binjae,KIM|binje,1982-03-31,1982,no_match,,,,,,,,,,,,,,,,,,,,,,,,,,
park--002jun,Jung-bae Park,1982-04-01,"Gongju, KR",PARK|baejung,PARK|bejong,1982-04-01,1982,no_match,,,,,,,,,,,,,,,,,,,,,,,,,,
jae---000chu,Chun Mo Je,1982-04-05,,JEON|jemo,JEON|jemo,1982-04-05,1982,no_match,,,,,,,,,,,,,,,,,,,,,,,,,,
son---000san,Sang-Jeong Son,1982-04-07,,SON|jeongsang,SON|jongsang,1982-04-07,1982,no_match,,,,,,,,,,,,,,,,,,,,,,,,,,
park--003jon,Jong Yoon Park,1982-04-11,,PARK|jongyoon,PARK|jongyon,1982-04-11,1982,no_match,,,,,,,,,,,,,,,,,,,,,,,,,,
kim---000deo,Deok-Yun Kim,1982-04-21,,KIM|deokyun,KIM|dogyon,1982-04-21,1982,no_match,,,,,,,,,,,,,,,,,,,,,,,,,,
park--000jeo,Jeong-Geun Park,1982-04-23,,PARK|geunjeong,PARK|gonjong,1982-04-23,1982,no_match,,,,,,,,,,,,,,,,,,,,,,,,,,
park--001yon,Yong-jin Park,1982-04-24,,PARK|jinyong,PARK|jinyong,1982-04-24,1982,no_match,,,,,,,,,,,,,,,,,,,,,,,,,,
chae--000bye,Byung Yong Chei,1982-04-25,,|byungcheiyong,|byongjeiyong,1982-04-25,1982,no_match,,,,,,,,,,,,,,,,,,,,,,,,,,
lee---001jeo,Jung Ho Lee,1982-04-27,,LEE|hojung,LEE|hojong,1982-04-27,1982,no_match,,,,,,,,,,,,,,,,,,,,,,,,,,
lee---005seu,Seung-Hwa Lee,1982-05-04,"Busan, KR",LEE|hwaseung,LEE|hwasong,1982-05-04,1982,no_match,,,,,,,,,,,,,,,,,,,,,,,,,,
kim---002ju-,Ju-Cheol Kim,1982-05-05,,KIM|cheolju,KIM|jojol,1982-05-05,1982,no_match,,,,,,,,,,,,,,,,,,,,,,,,,,
chang-000gi-,Min Seok Jang,1982-05-09,,JANG|minseok,JANG|minsog,1982-05-09,1982,no_match,,,,,,,,,,,,,,,,,,,,,,,,,,
kim---002jan,Jang-Joon Kim,1982-05-11,,KIM|jangjoon,KIM|jangjon,1982-05-11,1982,no_match,,,,,,,,,,,,,,,,,,,,,,,,,,
choi--000hoo,Hoon-rak Choi,1982-05-12,,CHOI|hoonrak,CHOI|honlag,1982-05-12,1982,no_match,,,,,,,,,,,,,,,,,,,,,,,,,,
paek--000jun,Jun-Yeong Paek,1982-05-18,,BAEK|junyeong,BAEK|jonyong,1982-05-18,1982,no_match,,,,,,,,,,,,,,,,,,,,,,,,,,
kim---001tae,Tae-Kyun Kim,1982-05-29,,KIM|kyuntae,KIM|degyon,1982-05-29,1982,no_match,,,,,,,,,,,,,,,,,,,,,,,,,,
jeong-000won,Won Chung,1982-06-01,,JUNG|won,JUNG|won,1982-06-01,1982,no_match,,,,,,,,,,,,,,,,,,,,,,,,,,
lee---002mye,Myung Woo Lee,1982-06-03,,LEE|myungwoo,LEE|myongwo,1982-06-03,1982,no_match,,,,,,,,,,,,,,,,,,,,,,,,,,
lee---002dae,Dae-Hyeon Lee,1982-06-09,,LEE|daehyeon,LEE|dehyon,1982-06-09,1982,no_match,,,,,,,,,,,,,,,,,,,,,,,,,,
yeo---000seu,Seung-Hyeon Yo,1982-06-11,,YEO|hyeonseung,YEO|hyonsong,1982-06-11,1982,no_match,,,,,,,,,,,,,,,,,,,,,,,,,,
lim---001seo,Seong-Min Lim,1982-06-18,,LIM|minseong,LIM|minsong,1982-06-18,1982,no_match,,,,,,,,,,,,,,,,,,,,,,,,,,
yu----000hye,Hye-jeong Yu,1982-06-20,,RYU|hyejeong,RYU|hyejong,1982-06-20,1982,no_match,,,,,,,,,,,,,,,,,,,,,,,,,,
baek--000jeo,Jeong-Hun Paek,1982-06-24,,BAEK|hunjeong,BAEK|honjong,1982-06-24,1982,no_match,,,,,,,,,,,,,,,,,,,,,,,,,,
song--000san,San Song,1982-07-02,,SONG|san,SONG|san,1982-07-02,1982,no_match,,,,,,,,,,,,,,,,,,,,,,,,,,
son---000seo,Seong-hyun Son,1982-07-08,,SON|hyunseong,SON|hyonsong,1982-07-08,1982,no_match,,,,,,,,,,,,,,,,,,,,,,,,,,
cho---002hyu,Hyeong-Sik Cho,1982-07-09,,CHO|hyeongsik,CHO|hyongsig,1982-07-09,1982,no_match,,,,,,,,,,,,,,,,,,,,,,,,,,
johnso004jer,Jeremy Johnson,1982-07-19,"Concord, NC, US",|jeremyjohnson,|jelemyjohnson,1982-07-19,1982,no_match,,,,,,,,,,,,,,,,,,,,,,,,,,
park--001jae,Jae Sang Park,1982-07-20,,PARK|jaesang,PARK|jesang,1982-07-20,1982,no_match,,,,,,,,,,,,,,,,,,,,,,,,,,
oh----001seu,Jae-pil Oh,1982-07-27,,OH|jaepil,OH|bilje,1982-07-27,1982,no_match,,,,,,,,,,,,,,,,,,,,,,,,,,
o-----000seu,Seung-jun O,1982-08-06,,OH|junseung,OH|jonsong,1982-08-06,1982,no_match,,,,,,,,,,,,,,,,,,,,,,,,,,
jeong-000hyi,Hyi-sang Chung,1982-08-13,,JUNG|hyisang,JUNG|hisang,1982-08-13,1982,no_match,,,,,,,,,,,,,,,,,,,,,,,,,,
paek--001seu,Seung Ryong Baek,1982-08-16,,BAEK|ryongseung,BAEK|lyongsong,1982-08-16,1982,no_match,,,,,,,,,,,,,,,,,,,,,,,,,,
kim---000gan,Kang Min Kim,1982-09-13,,KIM|kangmin,KIM|gangmin,1982-09-13,1982,no_match,,,,,,,,,,,,,,,,,,,,,,,,,,
park--001sun,Sung Hoon Park,1982-09-19,,PARK|hoonsung,PARK|honsong,1982-09-19,1982,no_match,,,,,,,,,,,,,,,,,,,,,,,,,,
kim---022tae,Tae-Soo Kim,1982-09-27,,KIM|sootae,KIM|deso,1982-09-27,1982,no_match,,,,,,,,,,,,,,,,,,,,,,,,,,
jeong-000geu,Geun-woo Chung,1982-10-02,"Busan, KR",JUNG|geunwoo,JUNG|gonwo,1982-10-02,1982,no_match,,,,,,,,,,,,,,,,,,,,,,,,,,
chae--000tae,Tae In Chae,1982-10-11,,CHAE|intae,CHAE|dein,1982-10-11,1982,no_match,,,,,,,,,,,,,,,,,,,,,,,,,,
kim---000bae,Baek-man Kim,1982-10-12,,KIM|baekman,KIM|begman,1982-10-12,1982,no_match,,,,,,,,,,,,,,,,,,,,,,,,,,
jukich001ben,Ben Jukich,1982-10-17,"Duluth, MN, US",|benjukich,|benjogij,1982-10-17,1982,no_match,,,,,,,,,,,,,,,,,,,,,,,,,,
cho---000you,Young Hun Cho,1982-11-12,,CHO|hunyoung,CHO|honyong,1982-11-12,1982,no_match,,,,,,,,,,,,,,,,,,,,,,,,,,
cha---001jeo,Jeong-min Cha,1982-11-23,,CHA|jeongmin,CHA|jongmin,1982-11-23,1982,no_match,,,,,,,,,,,,,,,,,,,,,,,,,,
lee---011seu,Seung-Yeop Lee,1982-11-28,,LEE|seungyeop,LEE|songyob,1982-11-28,1982,no_match,,,,,,,,,,,,,,,,,,,,,,,,,,
kim---000gye,Kyeong Eon Kim,1982-12-07,,KIM|eonkyeong,KIM|gyongon,1982-12-07,1982,no_match,,,,,,,,,,,,,,,,,,,,,,,,,,
cho---000joo,Joong Keun Cho,1982-12-20,,CHO|joongkeun,CHO|gonjong,1982-12-20,1982,no_match,,,,,,,,,,,,,,,,,,,,,,,,,,
jeong-000san,Sang Ho Chung,1982-12-24,,JUNG|hosang,JUNG|hosang,1982-12-24,1982,no_match,,,,,,,,,,,,,,,,,,,,,,,,,,
baldir001aar,Aarom Baldiris,1983-01-05,"Caracas, Distrito Federal, VE",|aarombaldiris,|alombaldilis,1983-01-05,1983,no_match,,,,,,,,,,,,,,,,,,,,,,,,,,
yun---000seu,Seung-Gyun Yoon,1983-01-07,,YOON|gyunseung,YOON|gyonsong,1983-01-07,1983,no_match,,,,,,,,,,,,,,,,,,,,,,,,,,
lee---006don,Dong Hyun Lee,1983-01-12,,LEE|donghyun,LEE|donghyon,1983-01-12,1983,no_match,,,,,,,,,,,,,,,,,,,,,,,,,,
kim---001yon,Yong-seop Kim,1983-01-18,,KIM|seopyong,KIM|sobyong,1983-01-18,1983,no_match,,,,,,,,,,,,,,,,,,,,,,,,,,
kwak--000yon,Yong Sup Kwak,1983-02-03,,KWAK|supyong,KWAK|sobyong,1983-02-03,1983,no_match,,,,,,,,,,,,,,,,,,,,,,,,,,
ko----000hyo,Hyo Jun Ko,1983-02-08,,KO|hyojun,KO|hyojon,1983-02-08,1983,no_match,,,,,,,,,,,,,,,,,,,,,,,,,,
choi--000jun,Jun-suk Choi,1983-02-15,,CHOI|junsuk,CHOI|jonsog,1983-02-15,1983,no_match,,,,,,,,,,,,,,,,,,,,,,,,,,
park--005cha,Chang-Keun Park,1983-02-25,,PARK|changkeun,PARK|gonjang,1983-02-25,1983,no_match,,,,,,,,,,,,,,,,,,,,,,,,,,
kim---004jin,Jin-U Kim,1983-03-07,"Gwangju, KR",KIM|jinu,KIM|jino,1983-03-07,1983,no_match,,,,,,,,,,,,,,,,,,,,,,,,,,
chang-000tae,Tae-jong Chang,1983-03-08,,JANG|jongtae,JANG|dejong,1983-03-08,1983,no_match,,,,,,,,,,,,,,,,,,,,,,,,,,
pak---000du-,Du-il Pak,1983-03-25,,PARK|duil,PARK|doil,1983-03-25,1983,no_match,,,,,,,,,,,,,,,,,,,,,,,,,,
kim---000hyo,Hyo-nam Kim,1983-03-26,,KIM|hyonam,KIM|hyonam,1983-03-26,1983,no_match,,,,,,,,,,,,,,,,,,,,,,,,,,
park--001you,Do Hyun Park,1983-04-12,,PARK|dohyun,PARK|dohyon,1983-04-12,1983,no_match,,,,,,,,,,,,,,,,,,,,,,,,,,
park--001geo,Geong-gyu Park,1983-04-17,,PARK|geonggyu,PARK|gonggyo,1983-04-17,1983,no_match,,,,,,,,,,,,,,,,,,,,,,,,,,
lee---000woo,Woo Sun Lee,1983-04-19,,LEE|sunwoo,LEE|sonwo,1983-04-19,1983,no_match,,,,,,,,,,,,,,,,,,,,,,,,,,
kim---004gi-,Ki Pyo Kim,1983-04-25,,KIM|kipyo,KIM|byogi,1983-04-25,1983,no_match,,,,,,,,,,,,,,,,,,,,,,,,,,
hwang-000deo,Duck Gyoon Hwang,1983-04-28,,HWANG|duckgyoon,HWANG|doggyon,1983-04-28,1983,no_match,,,,,,,,,,,,,,,,,,,,,,,,,,
lee---000kye,Kyeong-hwan Lee,1983-05-21,,LEE|hwankyeong,LEE|gyonghwan,1983-05-21,1983,no_match,,,,,,,,,,,,,,,,,,,,,,,,,,
jeong-000hon,Hong-jun Chung,1983-05-25,,JUNG|hongjun,JUNG|hongjon,1983-05-25,1983,no_match,,,,,,,,,,,,,,,,,,,,,,,,,,
jeong-000bye,Byeong-hyi Chung,1983-05-25,,JUNG|byeonghyi,JUNG|byonghi,1983-05-25,1983,no_match,,,,,,,,,,,,,,,,,,,,,,,,,,
perez-001one,Oneli Perez,1983-05-26,"Bonao, Monsenor Nouel, DO",|oneliperez,|belezoneli,1983-05-26,1983,no_match,,,,,,,,,,,,,,,,,,,,,,,,,,
cho---000tae,Tae-soo Cho,1983-05-29,,CHO|sootae,CHO|deso,1983-05-29,1983,no_match,,,,,,,,,,,,,,,,,,,,,,,,,,
mun---000hye,Soo-Ho Moon,1983-06-04,,MOON|hosoo,MOON|hoso,1983-06-04,1983,no_match,,,,,,,,,,,,,,,,,,,,,,,,,,
jang--000won,Won-sam Chang,1983-06-09,"Changwon, KR",JANG|samwon,JANG|samwon,1983-06-09,1983,no_match,,,,,,,,,,,,,,,,,,,,,,,,,,
lee---007seu,Seung Jae Lee,1983-06-09,,LEE|jaeseung,LEE|jesong,1983-06-09,1983,no_match,,,,,,,,,,,,,,,,,,,,,,,,,,
seo---001seo,Seong-jong Seo,1983-06-17,,SEO|jongseong,SEO|jongsong,1983-06-17,1983,no_match,,,,,,,,,,,,,,,,,,,,,,,,,,
song--000gwa,Kwang Min Song,1983-06-24,,SONG|kwangmin,SONG|gwangmin,1983-06-24,1983,no_match,,,,,,,,,,,,,,,,,,,,,,,,,,
hankin001der,Derek Hankins,1983-07-01,"Effingham, IL, US",|derekhankins,|deleghangins,1983-07-01,1983,no_match,,,,,,,,,,,,,,,,,,,,,,,,,,
hwang-003seo,Dong Chae Hwang,1983-07-04,,HWANG|chaedong,HWANG|dongje,1983-07-04,1983,no_match,,,,,,,,,,,,,,,,,,,,,,,,,,
moon--001kyu,Kyu-Hyun Moon,1983-07-05,"Busan, KR",MOON|hyunkyu,MOON|gyohyon,1983-07-05,1983,no_match,,,,,,,,,,,,,,,,,,,,,,,,,,
park--000hyi,Hyi-su Park,1983-07-13,"Daejeon, KR",PARK|hyisu,PARK|hiso,1983-07-13,1983,no_match,,,,,,,,,,,,,,,,,,,,,,,,,,
yang--000you,Young Dong Yang,1983-07-16,,YANG|dongyoung,YANG|dongyong,1983-07-16,1983,no_match,,,,,,,,,,,,,,,,,,,,,,,,,,
hong--000yu-,Yu-Taek Hong,1983-07-16,,HONG|taekyu,HONG|degyo,1983-07-16,1983,no_match,,,,,,,,,,,,,,,,,,,,,,,,,,
lee---003dae,Dae Hyung Lee,1983-07-19,,LEE|daehyung,LEE|dehyong,1983-07-19,1983,no_match,,,,,,,,,,,,,,,,,,,,,,,,,,
kim---001gwa,Gwang-hyi Kim,1983-07-23,,KIM|gwanghyi,KIM|gwanghi,1983-07-23,1983,no_match,,,,,,,,,,,,,,,,,,,,,,,,,,
cho---000don,Dong Chan Cho,1983-07-27,,CHO|chandong,CHO|dongjan,1983-07-27,1983,no_match,,,,,,,,,,,,,,,,,,,,,,,,,,
lee---003don,Dong Kul Lee,1983-08-12,,LEE|dongkul,LEE|donggol,1983-08-12,1983,no_match,,,,,,,,,,,,,,,,,,,,,,,,,,
sin---000seu,Seung Hyoun Sin,1983-08-13,,SHIN|hyounseung,SHIN|hyonsong,1983-08-13,1983,no_match,,,,,,,,,,,,,,,,,,,,,,,,,,
cedeno002jua,Juan Cedeño,1983-08-19,"Higuey, La Altagracia, DO",|cedenojuan,|gedenojoan,1983-08-19,1983,no_match,,,,,,,,,,,,,,,,,,,,,,,,,,
kim---005gye,Gyeong-seon Kim,1983-08-20,,KIM|gyeongseon,KIM|gyongson,1983-08-20,1983,no_match,,,,,,,,,,,,,,,,,,,,,,,,,,
lim---000sae,Sae-Eop Lim,1983-09-01,,LIM|eopsae,LIM|obse,1983-09-01,1983,no_match,,,,,,,,,,,,,,,,,,,,,,,,,,
an----000yeo,Yeong-Jin Ahn,1983-09-03,,AHN|jinyeong,AHN|jinyong,1983-09-03,1983,no_match,,,,,,,,,,,,,,,,,,,,,,,,,,
no----000bye,Byung Oh Noh,1983-09-07,,NOH|byungoh,NOH|byongo,1983-09-07,1983,no_match,,,,,,,,,,,,,,,,,,,,,,,,,,
sin---000yon,Yong Woon Shin,1983-09-08,,SHIN|woonyong,SHIN|wonyong,1983-09-08,1983,no_match,,,,,,,,,,,,,,,,,,,,,,,,,,
yeon--000gye,Gyeong-heum Yeon,1983-09-14,,|gyeongheumyeon,|gyonghomyon,1983-09-14,1983,no_match,,,,,,,,,,,,,,,,,,,,,,,,,,
jeong-001min,Min Hyuk Jung,1983-09-14,,JUNG|hyukmin,JUNG|hyogmin,1983-09-14,1983,no_match,,,,,,,,,,,,,,,,,,,,,,,,,,
heo---000woo,Woong Hur,1983-09-17,,HEO|woong,HEO|wong,1983-09-17,1983,no_match,,,,,,,,,,,,,,,,,,,,,,,,,,
yun---000gil,Kil Hyoun Yun,1983-09-23,,YOON|hyounkil,YOON|gilhyon,1983-09-23,1983,no_match,,,,,,,,,,,,,,,,,,,,,,,,,,
lee---000tae,Tae-Ho Lee,1983-09-24,,LEE|hotae,LEE|deho,1983-09-24,1983,no_match,,,,,,,,,,,,,,,,,,,,,,,,,,
an----000ji-,Ji Man An,1983-10-01,,AHN|jiman,AHN|jiman,1983-10-01,1983,no_match,,,,,,,,,,,,,,,,,,,,,,,,,,
lee---002byu,Byung Kyu Lee,1983-10-09,,LEE|byungkyu,LEE|byonggyo,1983-10-09,1983,no_match,,,,,,,,,,,,,,,,,,,,,,,,,,
lee---004hye,Hyeon-seung Lee,1983-10-11,"Incheon, KR",LEE|hyeonseung,LEE|hyonsong,1983-10-11,1983,no_match,,,,,,,,,,,,,,,,,,,,,,,,,,
cho---000sun,Sun-Gwon Cho,1983-10-28,,CHO|gwonsun,CHO|gwonson,1983-10-28,1983,no_match,,,,,,,,,,,,,,,,,,,,,,,,,,
kwon--000hye,Hyuk Kwon,1983-11-06,,KWON|hyuk,KWON|hyog,1983-11-06,1983,no_match,,,,,,,,,,,,,,,,,,,,,,,,,,
chu---000gye,Gyeong-sik Chu,1983-11-19,,JOO|gyeongsik,JOO|gyongsig,1983-11-19,1983,no_match,,,,,,,,,,,,,,,,,,,,,,,,,,
son---000ju-,Joo In Son,1983-12-01,,SON|injoo,SON|injo,1983-12-01,1983,no_match,,,,,,,,,,,,,,,,,,,,,,,,,,
bae---000him,Him Chan Bae,1983-12-08,,BAE|chanhim,BAE|himjan,1983-12-08,1983,no_match,,,,,,,,,,,,,,,,,,,,,,,,,,
yu----002jae,Eun-jae Ryu,1983-12-13,,RYU|eunjae,RYU|jeon,1983-12-13,1983,no_match,,,,,,,,,,,,,,,,,,,,,,,,,,
choi--000hyo,Hyoung Woo Choi,1983-12-16,,CHOI|hyoungwoo,CHOI|hyongwo,1983-12-16,1983,no_match,,,,,,,,,,,,,,,,,,,,,,,,,,
lee---000han,Han-jin Lee,1983-12-20,,LEE|hanjin,LEE|hanjin,1983-12-20,1983,no_match,,,,,,,,,,,,,,,,,,,,,,,,,,
shin--000jon,Jong Gil Shin,1983-12-31,,SHIN|giljong,SHIN|giljong,1983-12-31,1983,no_match,,,,,,,,,,,,,,,,,,,,,,,,,,
lee---000gan,Gang-Seo Lee,1984-01-10,,LEE|gangseo,LEE|gangso,1984-01-10,1984,no_match,,,,,,,,,,,,,,,,,,,,,,,,,,
yang--000seu,Seung-hak Yang,1984-01-20,,YANG|hakseung,YANG|hagsong,1984-01-20,1984,no_match,,,,,,,,,,,,,,,,,,,,,,,,,,
kim---002jeo,Jeong-Hwan Kim,1984-01-21,,KIM|hwanjeong,KIM|hwanjong,1984-01-21,1984,no_match,,,,,,,,,,,,,,,,,,,,,,,,,,
park--000yon,Yong Keun Park,1984-01-21,,PARK|keunyong,PARK|gonyong,1984-01-21,1984,no_match,,,,,,,,,,,,,,,,,,,,,,,,,,
kim---011tae,Tae Wan Kim,1984-01-27,,KIM|taewan,KIM|dewan,1984-01-27,1984,no_match,,,,,,,,,,,,,,,,,,,,,,,,,,
lee---000yeo,Yeo Sang Lee,1984-02-01,,LEE|sangyeo,LEE|sangyo,1984-02-01,1984,no_match,,,,,,,,,,,,,,,,,,,,,,,,,,
ko----000yeo,Young Min Ko,1984-02-08,,KO|minyoung,KO|minyong,1984-02-08,1984,no_match,,,,,,,,,,,,,,,,,,,,,,,,,,
sin---000ju-,Ju-yeong Shin,1984-02-15,,SHIN|juyeong,SHIN|joyong,1984-02-15,1984,no_match,,,,,,,,,,,,,,,,,,,,,,,,,,
lim---001jae,Jae-Cheong Lim,1984-02-21,,LIM|cheongjae,LIM|jejong,1984-02-21,1984,no_match,,,,,,,,,,,,,,,,,,,,,,,,,,
jeong-000hye,Hyun Suk Jung,1984-03-01,,JUNG|hyunsuk,JUNG|hyonsog,1984-03-01,1984,no_match,,,,,,,,,,,,,,,,,,,,,,,,,,
kim---001jun,Jun-ho Kim,1984-03-03,,KIM|hojun,KIM|hojon,1984-03-03,1984,no_match,,,,,,,,,,,,,,,,,,,,,,,,,,
song--000su-,Soo Song,1984-03-04,,SONG|soo,SONG|so,1984-03-04,1984,no_match,,,,,,,,,,,,,,,,,,,,,,,,,,
noh---000kyu,Kyung Eun Noh,1984-03-11,"Seoul, KR",NOH|eunkyung,NOH|gyongon,1984-03-11,1984,no_match,,,,,,,,,,,,,,,,,,,,,,,,,,
choi--000yeo,Yeon-oh Choi,1984-03-14,,CHOI|ohyeon,CHOI|oyon,1984-03-14,1984,no_match,,,,,,,,,,,,,,,,,,,,,,,,,,
chi---000seo,Seok Hoon Chi,1984-03-17,,JI|hoonseok,JI|honsog,1984-03-17,1984,no_match,,,,,,,,,,,,,,,,,,,,,,,,,,
song--000eun,Eun Beom Song,1984-03-17,,SONG|beomeun,SONG|bomon,1984-03-17,1984,no_match,,,,,,,,,,,,,,,,,,,,,,,,,,
seo---001don,Dong Wook Seo,1984-03-21,,SEO|dongwook,SEO|dongwog,1984-03-21,1984,no_match,,,,,,,,,,,,,,,,,,,,,,,,,,
park--001kyu,Kyung Su Park,1984-03-31,,PARK|kyungsu,PARK|gyongso,1984-03-31,1984,no_match,,,,,,,,,,,,,,,,,,,,,,,,,,
kim---003ju-,Ju-Ho Kim,1984-04-01,,KIM|hoju,KIM|hojo,1984-04-01,1984,no_match,,,,,,,,,,,,,,,,,,,,,,,,,,
choi--000min,Min-Jun Choi,1984-04-05,,CHOI|junmin,CHOI|jonmin,1984-04-05,1984,no_match,,,,,,,,,,,,,,,,,,,,,,,,,,
lee---008seu,Seung-ju Lee,1984-04-13,,LEE|juseung,LEE|josong,1984-04-13,1984,no_match,,,,,,,,,,,,,,,,,,,,,,,,,,
ohara-001hei,Heishu Ohara,1984-04-16,"Osaka, Osaka, JP",|heishuohara,|heisoohala,1984-04-16,1984,no_match,,,,,,,,,,,,,,,,,,,,,,,,,,
seo---000jeo,Jeong Seo,1984-04-16,,SEO|jeong,SEO|jong,1984-04-16,1984,no_match,,,,,,,,,,,,,,,,,,,,,,,,,,
lee---003ho-,Ho Sin Lee,1984-05-19,,LEE|hosin,LEE|hosin,1984-05-19,1984,no_match,,,,,,,,,,,,,,,,,,,,,,,,,,
oh----000cha,Jang Hoon Oh,1984-05-19,,JANG|hoonoh,JANG|hono,1984-05-19,1984,no_match,,,,,,,,,,,,,,,,,,,,,,,,,,
yu----000deo,Deok-hyeong Yu,1984-05-26,,RYU|deokhyeong,RYU|doghyong,1984-05-26,1984,no_match,,,,,,,,,,,,,,,,,,,,,,,,,,
kim---001jon,Jong Ho Kim,1984-05-31,,KIM|hojong,KIM|hojong,1984-05-31,1984,no_match,,,,,,,,,,,,,,,,,,,,,,,,,,
na----000ju-,Ju Hwan Na,1984-06-14,,NA|hwanju,NA|hwanjo,1984-06-14,1984,no_match,,,,,,,,,,,,,,,,,,,,,,,,,,
kim---000yi-,Yi-seul Kim,1984-06-15,,KIM|seulyi,KIM|isol,1984-06-15,1984,no_match,,,,,,,,,,,,,,,,,,,,,,,,,,
park--003jun,Jeong Jun Park,1984-06-26,,PARK|jeongjun,PARK|jonjong,1984-06-26,1984,no_match,,,,,,,,,,,,,,,,,,,,,,,,,,
no----000hwa,Hwan-soo No,1984-06-30,,NOH|hwansoo,NOH|hwanso,1984-06-30,1984,no_match,,,,,,,,,,,,,,,,,,,,,,,,,,
lee---005jeo,Jeong-sang Lee,1984-07-11,,LEE|jeongsang,LEE|jongsang,1984-07-11,1984,no_match,,,,,,,,,,,,,,,,,,,,,,,,,,
lee---003seo,Sung Yul Lee,1984-07-13,,LEE|sungyul,LEE|songyol,1984-07-13,1984,no_match,,,,,,,,,,,,,,,,,,,,,,,,,,
oh----000jun,Joon Hyeong Oh,1984-07-21,,OH|hyeongjoon,OH|hyongjon,1984-07-21,1984,no_match,,,,,,,,,,,,,,,,,,,,,,,,,,
kim---000man,Man-Yun Kim,1984-07-23,,KIM|manyun,KIM|manyon,1984-07-23,1984,no_match,,,,,,,,,,,,,,,,,,,,,,,,,,
kim---002dae,Dae Woo Kim,1984-07-26,,KIM|daewoo,KIM|dewo,1984-07-26,1984,no_match,,,,,,,,,,,,,,,,,,,,,,,,,,
yun---000gyu,Kyu Jin Yun,1984-07-28,,YOON|jinkyu,YOON|gyojin,1984-07-28,1984,no_match,,,,,,,,,,,,,,,,,,,,,,,,,,
kim---000hui,Hui-gon Kim,1984-07-28,,KIM|gonhui,KIM|gonhi,1984-07-28,1984,no_match,,,,,,,,,,,,,,,,,,,,,,,,,,
hur---000do-,Do Hwan Hur,1984-07-31,,HEO|dohwan,HEO|dohwan,1984-07-31,1984,no_match,,,,,,,,,,,,,,,,,,,,,,,,,,
lee---004gye,Gyeong-Min Lee,1984-07-31,,LEE|gyeongmin,LEE|gyongmin,1984-07-31,1984,no_match,,,,,,,,,,,,,,,,,,,,,,,,,,
jeong-004jae,Jae Won Jung,1984-08-11,,JUNG|jaewon,JUNG|jewon,1984-08-11,1984,no_match,,,,,,,,,,,,,,,,,,,,,,,,,,
choi--001jin,Jin-ho Choi,1984-08-26,,CHOI|hojin,CHOI|hojin,1984-08-26,1984,no_match,,,,,,,,,,,,,,,,,,,,,,,,,,
maeng-000jin,Jin-guk Maeng,1984-08-28,,JIN|gukmaeng,JIN|gogmeng,1984-08-28,1984,no_match,,,,,,,,,,,,,,,,,,,,,,,,,,
lee---014cha,Chang Wook Lee,1984-08-28,,LEE|changwook,LEE|jangwog,1984-08-28,1984,no_match,,,,,,,,,,,,,,,,,,,,,,,,,,
yim---000jun,Jun Hyuk Im,1984-10-09,,LIM|hyukjun,LIM|hyogjon,1984-10-09,1984,no_match,,,,,,,,,,,,,,,,,,,,,,,,,,
jun---000bye,Byung Doo Jun,1984-10-14,KR,JEON|byungdoo,JEON|byongdo,1984-10-14,1984,no_match,,,,,,,,,,,,,,,,,,,,,,,,,,
ko----000woo,Woo-seok Ko,1984-11-03,,KO|seokwoo,KO|sogwo,1984-11-03,1984,no_match,,,,,,,,,,,,,,,,,,,,,,,,,,
kwon--000yeo,Yeong-Jin Kwon,1984-11-18,,KWON|jinyeong,KWON|jinyong,1984-11-18,1984,no_match,,,,,,,,,,,,,,,,,,,,,,,,,,
an----000you,Young Myung An,1984-11-19,,AHN|myungyoung,AHN|myongyong,1984-11-19,1984,no_match,,,,,,,,,,,,,,,,,,,,,,,,,,
lee---006cha,Chang-seok Lee,1984-12-15,,LEE|changseok,LEE|jangsog,1984-12-15,1984,no_match,,,,,,,,,,,,,,,,,,,,,,,,,,
ha----000chi,Chi-ho Ha,1984-12-16,,HA|chiho,HA|hoji,1984-12-16,1984,no_match,,,,,,,,,,,,,,,,,,,,,,,,,,
santia001mar,Mario Santiago,1984-12-16,"Guayama, PR",|mariosantiago,|maliosandiago,1984-12-16,1984,no_match,,,,,,,,,,,,,,,,,,,,,,,,,,
ko----000cha,Chang-Sung Ko,1984-12-21,KR,KO|changsung,KO|jangsong,1984-12-21,1984,no_match,,,,,,,,,,,,,,,,,,,,,,,,,,
kim---000yeo,Yeun Hun Kim,1984-12-23,,KIM|hunyeun,KIM|honyon,1984-12-23,1984,no_match,,,,,,,,,,,,,,,,,,,,,,,,,,
lowey-001jos,Josh Lowey,1984-12-26,"Fort Walton Beach, FL, US",|joshlowey,|joslowey,1984-12-26,1984,no_match,,,,,,,,,,,,,,,,,,,,,,,,,,
kim---000hye,Hye-Gyeom Kim,1985-01-05,,KIM|gyeomhye,KIM|gyomhye,1985-01-05,1985,no_match,,,,,,,,,,,,,,,,,,,,,,,,,,
choi--002hyu,Hyuk-kwon Choi,1985-01-16,,CHOI|hyukkwon,CHOI|gwonhyog,1985-01-16,1985,no_match,,,,,,,,,,,,,,,,,,,,,,,,,,
wu----000gyu,Kyu Min Woo,1985-01-21,"Seoul, KR",WOO|kyumin,WOO|gyomin,1985-01-21,1985,no_match,,,,,,,,,,,,,,,,,,,,,,,,,,
oh----001jae,Jae-won Oh,1985-02-09,KR,OH|jaewon,OH|jewon,1985-02-09,1985,no_match,,,,,,,,,,,,,,,,,,,,,,,,,,
kim---001yeo,Yeong-Bok Kim,1985-02-17,,KIM|bokyeong,KIM|bogyong,1985-02-17,1985,no_match,,,,,,,,,,,,,,,,,,,,,,,,,,
lee---002hak,Si Chan Lee,1985-02-25,,LEE|chansi,LEE|jansi,1985-02-25,1985,no_match,,,,,,,,,,,,,,,,,,,,,,,,,,
kim---015jin,Jin Sung Kim,1985-03-07,,KIM|jinsung,KIM|jinsong,1985-03-07,1985,no_match,,,,,,,,,,,,,,,,,,,,,,,,,,
lee---003gye,Gyeong-Min Lee,1985-03-07,,LEE|gyeongmin,LEE|gyongmin,1985-03-07,1985,no_match,,,,,,,,,,,,,,,,,,,,,,,,,,
jeong-000dae,Dae Hoon Jung,1985-03-08,,JUNG|daehoon,JUNG|dehon,1985-03-08,1985,no_match,,,,,,,,,,,,,,,,,,,,,,,,,,
lee---000sun,Sung-ho Lee,1985-03-09,,LEE|hosung,LEE|hosong,1985-03-09,1985,no_match,,,,,,,,,,,,,,,,,,,,,,,,,,
ahn---002tae,Tae Young Ahn,1985-03-15,,AHN|taeyoung,AHN|deyong,1985-03-15,1985,no_match,,,,,,,,,,,,,,,,,,,,,,,,,,
kim---007jae,Jae-ho Kim,1985-03-21,KR,KIM|hojae,KIM|hoje,1985-03-21,1985,no_match,,,,,,,,,,,,,,,,,,,,,,,,,,
song--000cha,Chang Sik Song,1985-03-25,,SONG|changsik,SONG|jangsig,1985-03-25,1985,no_match,,,,,,,,,,,,,,,,,,,,,,,,,,
kim---001soo,Soo-hyeong Kim,1985-03-27,,KIM|hyeongsoo,KIM|hyongso,1985-03-27,1985,no_match,,,,,,,,,,,,,,,,,,,,,,,,,,
park--003jin,Jin-yeong Park,1985-03-27,,PARK|jinyeong,PARK|jinyong,1985-03-27,1985,no_match,,,,,,,,,,,,,,,,,,,,,,,,,,
tatusk001rya,Ryan Tatusko,1985-03-27,"Merrillville, IN, US",|ryantatusko,|dadosgolyan,1985-03-27,1985,no_match,,,,,,,,,,,,,,,,,,,,,,,,,,
kim---007tae,Tae-hwan Kim,1985-03-30,,KIM|hwantae,KIM|dehwan,1985-03-30,1985,no_match,,,,,,,,,,,,,,,,,,,,,,,,,,
oh----002jae,Ju Won Oh,1985-03-31,,OH|juwon,OH|jowon,1985-03-31,1985,no_match,,,,,,,,,,,,,,,,,,,,,,,,,,
kim---009don,Dong-yeong Kim,1985-04-02,,KIM|dongyeong,KIM|dongyong,1985-04-02,1985,no_match,,,,,,,,,,,,,,,,,,,,,,,,,,
park--001don,Dong Wook Park,1985-04-06,,PARK|dongwook,PARK|dongwog,1985-04-06,1985,no_match,,,,,,,,,,,,,,,,,,,,,,,,,,
yang--000ji-,Ji-hun Yang,1985-04-15,,YANG|hunji,YANG|honji,1985-04-15,1985,no_match,,,,,,,,,,,,,,,,,,,,,,,,,,
oh----000doo,Doo-cheol Oh,1985-04-25,,OH|cheoldoo,OH|dojol,1985-04-25,1985,no_match,,,,,,,,,,,,,,,,,,,,,,,,,,
lee---004mye,Myung Hwan Lee,1985-04-26,,LEE|hwanmyung,LEE|hwanmyong,1985-04-26,1985,no_match,,,,,,,,,,,,,,,,,,,,,,,,,,
cho---002jun,Jung Hoon Cho,1985-05-03,,CHO|hoonjung,CHO|honjong,1985-05-03,1985,no_match,,,,,,,,,,,,,,,,,,,,,,,,,,
mo----000cha,Chang Min Mo,1985-05-08,,JANG|minmo,JANG|minmo,1985-05-08,1985,no_match,,,,,,,,,,,,,,,,,,,,,,,,,,
lee---007san,Sang-hun Lee,1985-05-10,,LEE|hunsang,LEE|honsang,1985-05-10,1985,no_match,,,,,,,,,,,,,,,,,,,,,,,,,,
yun---000hyi,Hi Sang Yoon,1985-05-17,,YOON|hisang,YOON|hisang,1985-05-17,1985,no_match,,,,,,,,,,,,,,,,,,,,,,,,,,
choi--000dae,Dae Sung Choi,1985-05-17,,CHOI|daesung,CHOI|desong,1985-05-17,1985,no_match,,,,,,,,,,,,,,,,,,,,,,,,,,
na----000ji-,Ji Wan Na,1985-05-19,,NA|jiwan,NA|jiwan,1985-05-19,1985,no_match,,,,,,,,,,,,,,,,,,,,,,,,,,
kim---009seo,Seong-gye Kim,1985-05-23,,KIM|gyeseong,KIM|gyesong,1985-05-23,1985,no_match,,,,,,,,,,,,,,,,,,,,,,,,,,
jeong-000woo,Woo Ram Chung,1985-06-01,,JUNG|ramwoo,JUNG|lamwo,1985-06-01,1985,no_match,,,,,,,,,,,,,,,,,,,,,,,,,,
maestr001ale,Alessandro Maestri,1985-06-01,"Cesena, Emilia-Romagna, IT",|alessandromaestri,|alesandlomesdli,1985-06-01,1985,no_match,,,,,,,,,,,,,,,,,,,,,,,,,,
lee---000hui,Hee Keun Lee,1985-06-07,,LEE|heekeun,LEE|gonhi,1985-06-07,1985,no_match,,,,,,,,,,,,,,,,,,,,,,,,,,
jang--000cha,Chan Chang,1985-06-12,,JANG|chan,JANG|jan,1985-06-12,1985,no_match,,,,,,,,,,,,,,,,,,,,,,,,,,
hwang-000mok,Chi Seung Hwangmok,1985-06-21,,JI|hwangmokseung,JI|hwangmogsong,1985-06-21,1985,no_match,,,,,,,,,,,,,,,,,,,,,,,,,,
park--000sok,Sok-min Park,1985-06-22,KR,PARK|minsok,PARK|minsog,1985-06-22,1985,no_match,,,,,,,,,,,,,,,,,,,,,,,,,,
lim---000seo,Seong-heon Lim,1985-06-22,,LIM|heonseong,LIM|honsong,1985-06-22,1985,no_match,,,,,,,,,,,,,,,,,,,,,,,,,,
choi--002hye,Hyeon-jong Choi,1985-07-08,,CHOI|hyeonjong,CHOI|hyonjong,1985-07-08,1985,no_match,,,,,,,,,,,,,,,,,,,,,,,,,,
lee---002won,Won-hyi Lee,1985-07-15,,LEE|hyiwon,LEE|hiwon,1985-07-15,1985,no_match,,,,,,,,,,,,,,,,,,,,,,,,,,
oh----000hyu,Hyoun Taek Oh,1985-07-17,,OH|hyountaek,OH|deghyon,1985-07-17,1985,no_match,,,,,,,,,,,,,,,,,,,,,,,,,,
im----000hun,Hoon Lim,1985-07-17,,LIM|hoon,LIM|hon,1985-07-17,1985,no_match,,,,,,,,,,,,,,,,,,,,,,,,,,
lee---005jun,Jung-dong Lee,1985-07-17,,LEE|dongjung,LEE|dongjong,1985-07-17,1985,no_match,,,,,,,,,,,,,,,,,,,,,,,,,,
kim---002you,Ji Sung Kim,1985-07-20,,KIM|jisung,KIM|jisong,1985-07-20,1985,no_match,,,,,,,,,,,,,,,,,,,,,,,,,,
chang-000won,Won-jun Chang,1985-07-31,"Busan, KR",JANG|junwon,JANG|jonwon,1985-07-31,1985,no_match,,,,,,,,,,,,,,,,,,,,,,,,,,
kim---007jun,Jeong Hyeok Kim,1985-08-03,,KIM|hyeokjeong,KIM|hyogjong,1985-08-03,1985,no_match,,,,,,,,,,,,,,,,,,,,,,,,,,
cho---000pye,Pyeong Ho Cho,1985-08-07,,CHO|hopyeong,CHO|byongho,1985-08-07,1985,no_match,,,,,,,,,,,,,,,,,,,,,,,,,,
park--000kwo,Kwon-soo Park,1985-08-12,,PARK|kwonsoo,PARK|gwonso,1985-08-12,1985,no_match,,,,,,,,,,,,,,,,,,,,,,,,,,
choi--000jin,Jin Hang Choi,1985-08-17,,CHOI|hangjin,CHOI|hangjin,1985-08-17,1985,no_match,,,,,,,,,,,,,,,,,,,,,,,,,,
park--000no-,No-min Park,1985-08-18,,PARK|minno,PARK|minno,1985-08-18,1985,no_match,,,,,,,,,,,,,,,,,,,,,,,,,,
kang--001min,Min-ho Kang,1985-08-18,"Jeju City, KR",KANG|homin,KANG|homin,1985-08-18,1985,no_match,,,,,,,,,,,,,,,,,,,,,,,,,,
kim---002yon,Yong Eui Kim,1985-08-20,,KIM|euiyong,KIM|iyong,1985-08-20,1985,no_match,,,,,,,,,,,,,,,,,,,,,,,,,,
park--004jun,Geun Hong Park,1985-08-22,,PARK|geunhong,PARK|gonhong,1985-08-22,1985,no_match,,,,,,,,,,,,,,,,,,,,,,,,,,
lim---003cha,Chang Min Lim,1985-08-25,,LIM|changmin,LIM|jangmin,1985-08-25,1985,no_match,,,,,,,,,,,,,,,,,,,,,,,,,,
lee---001yon,Yong Kyu Lee,1985-08-26,"Gunsan, KR",LEE|kyuyong,LEE|gyoyong,1985-08-26,1985,no_match,,,,,,,,,,,,,,,,,,,,,,,,,,
choi--000you,Yong Kyu Choi,1985-08-31,,CHOI|kyuyong,CHOI|gyoyong,1985-08-31,1985,no_match,,,,,,,,,,,,,,,,,,,,,,,,,,
yun---001seo,Suk Min Yoon,1985-09-04,,YOON|minsuk,YOON|minsog,1985-09-04,1985,no_match,,,,,,,,,,,,,,,,,,,,,,,,,,
kim---006mu-,Mu-Hak Kim,1985-09-04,,KIM|hakmu,KIM|hagmo,1985-09-04,1985,no_match,,,,,,,,,,,,,,,,,,,,,,,,,,
yim---000do-,Do-hyun Lim,1985-09-06,,LIM|dohyun,LIM|dohyon,1985-09-06,1985,no_match,,,,,,,,,,,,,,,,,,,,,,,,,,
kim---001kan,Kang-seok Kim,1985-09-08,,KIM|kangseok,KIM|gangsog,1985-09-08,1985,no_match,,,,,,,,,,,,,,,,,,,,,,,,,,
kim---019don,Dong Ho Kim,1985-09-10,,KIM|dongho,KIM|dongho,1985-09-10,1985,no_match,,,,,,,,,,,,,,,,,,,,,,,,,,
oh----000hye,Hyun Keun Oh,1985-09-12,,OH|hyunkeun,OH|gonhyon,1985-09-12,1985,no_match,,,,,,,,,,,,,,,,,,,,,,,,,,
han---000yoo,Yoon Sep Han,1985-09-12,,YOON|hansep,YOON|hanseb,1985-09-12,1985,no_match,,,,,,,,,,,,,,,,,,,,,,,,,,
kim---000da-,Da-won Kim,1985-09-17,,KIM|dawon,KIM|dawon,1985-09-17,1985,no_match,,,,,,,,,,,,,,,,,,,,,,,,,,
kim---001cha,Chang Hoon Kim,1985-10-03,,KIM|changhoon,KIM|honjang,1985-10-03,1985,no_match,,,,,,,,,,,,,,,,,,,,,,,,,,
kim---005jon,Jong-Seong Kim,1985-10-03,,KIM|jongseong,KIM|jongsong,1985-10-03,1985,no_match,,,,,,,,,,,,,,,,,,,,,,,,,,
kang--001seo,Seung Hyun Kang,1985-10-06,,KANG|hyunseung,KANG|hyonsong,1985-10-06,1985,no_match,,,,,,,,,,,,,,,,,,,,,,,,,,
kim---000jun,Jun Kim,1985-10-08,,KIM|jun,KIM|jon,1985-10-08,1985,no_match,,,,,,,,,,,,,,,,,,,,,,,,,,
lee---003yeo,Young Wook Lee,1985-10-11,,LEE|wookyoung,LEE|wogyong,1985-10-11,1985,no_match,,,,,,,,,,,,,,,,,,,,,,,,,,
shirek001cha,Charles Shirek,1985-10-25,"Minot, ND, US",|charlesshirek,|jalessileg,1985-10-25,1985,no_match,,,,,,,,,,,,,,,,,,,,,,,,,,
oh----001seo,Seong-Min Oh,1985-11-06,,OH|minseong,OH|minsong,1985-11-06,1985,no_match,,,,,,,,,,,,,,,,,,,,,,,,,,
lee---001seo,Seong-jae Lee,1985-11-20,,LEE|jaeseong,LEE|jesong,1985-11-20,1985,no_match,,,,,,,,,,,,,,,,,,,,,,,,,,
cho---002hye,Hyun Kun Jo,1985-11-21,,CHO|hyunkun,CHO|gonhyon,1985-11-21,1985,no_match,,,,,,,,,,,,,,,,,,,,,,,,,,
kim---002hui,Hea Sung Kim,1985-12-04,,KIM|heasung,KIM|heasong,1985-12-04,1985,no_match,,,,,,,,,,,,,,,,,,,,,,,,,,
heo---001jun,Jun Hyeok Heo,1985-12-15,"Masan, KR",HEO|hyeokjun,HEO|hyogjon,1985-12-15,1985,no_match,,,,,,,,,,,,,,,,,,,,,,,,,,
kim---005ju-,Ju Hyung Kim,1985-12-15,,KIM|hyungju,KIM|hyongjo,1985-12-15,1985,no_match,,,,,,,,,,,,,,,,,,,,,,,,,,
lee---001beo,Beom-seok Lee,1985-12-29,,LEE|beomseok,LEE|bomsog,1985-12-29,1985,no_match,,,,,,,,,,,,,,,,,,,,,,,,,,
kim---000su-,Su-hwa Kim,1986-01-12,,KIM|hwasu,KIM|hwaso,1986-01-12,1986,no_match,,,,,,,,,,,,,,,,,,,,,,,,,,
son---000jeo,Jung Hoon Son,1986-01-14,,SON|hoonjung,SON|honjong,1986-01-14,1986,no_match,,,,,,,,,,,,,,,,,,,,,,,,,,
kim---003don,Joo-hyeon Kim,1986-01-22,,KIM|hyeonjoo,KIM|hyonjo,1986-01-22,1986,no_match,,,,,,,,,,,,,,,,,,,,,,,,,,
chang-001jin,Jin Yong Jang,1986-01-28,,JANG|jinyong,JANG|jinyong,1986-01-28,1986,no_match,,,,,,,,,,,,,,,,,,,,,,,,,,
banwar001tra,Travis Banwart,1986-02-14,"Wichita, KS, US",|banwarttravis,|banwalddlavis,1986-02-14,1986,no_match,,,,,,,,,,,,,,,,,,,,,,,,,,
jee---000hun,Hun Chi,1986-02-22,,JI|hun,JI|hon,1986-02-22,1986,no_match,,,,,,,,,,,,,,,,,,,,,,,,,,
jun---000jun,Jun-woo Jeon,1986-02-25,"Gyeongju, KR",JEON|junwoo,JEON|jonwo,1986-02-25,1986,no_match,,,,,,,,,,,,,,,,,,,,,,,,,,
chae--000hye,Hyeong-jik Chae,1986-02-26,,CHAE|hyeongjik,CHAE|hyongjig,1986-02-26,1986,no_match,,,,,,,,,,,,,,,,,,,,,,,,,,
lee---003ji-,Ji Young Lee,1986-02-27,"Incheon, KR",LEE|jiyoung,LEE|jiyong,1986-02-27,1986,no_match,,,,,,,,,,,,,,,,,,,,,,,,,,
ho----000seo,Seung Min Hur,1986-02-28,,HEO|minseung,HEO|minsong,1986-02-28,1986,no_match,,,,,,,,,,,,,,,,,,,,,,,,,,
kwak--000jeo,Jeong Cheol Gwak,1986-03-14,,KWAK|cheoljeong,KWAK|joljong,1986-03-14,1986,no_match,,,,,,,,,,,,,,,,,,,,,,,,,,
kim---006jeo,Jeong-Soo Kim,1986-03-15,,KIM|jeongsoo,KIM|jongso,1986-03-15,1986,no_match,,,,,,,,,,,,,,,,,,,,,,,,,,
lee---002tae,Tae-won Lee,1986-03-17,,LEE|taewon,LEE|dewon,1986-03-17,1986,no_match,,,,,,,,,,,,,,,,,,,,,,,,,,
cha---000hwa,Hwa-Jun Cha,1986-03-20,,CHA|hwajun,CHA|hwajon,1986-03-20,1986,no_match,,,,,,,,,,,,,,,,,,,,,,,,,,
seo---000don,Dong Hwan Seo,1986-03-27,,SEO|donghwan,SEO|donghwan,1986-03-27,1986,no_match,,,,,,,,,,,,,,,,,,,,,,,,,,
kim---015yon,Yong-Ho Kim,1986-03-29,,KIM|hoyong,KIM|hoyong,1986-03-29,1986,no_match,,,,,,,,,,,,,,,,,,,,,,,,,,
kim---019jon,Jong Min Kim,1986-03-30,,KIM|jongmin,KIM|jongmin,1986-03-30,1986,no_match,,,,,,,,,,,,,,,,,,,,,,,,,,
kim---001hui,Hui-gwon Kim,1986-04-10,,KIM|gwonhui,KIM|gwonhi,1986-04-10,1986,no_match,,,,,,,,,,,,,,,,,,,,,,,,,,
hwang-000jae,Jae Gyu Hwang,1986-04-16,,HWANG|gyujae,HWANG|gyoje,1986-04-16,1986,no_match,,,,,,,,,,,,,,,,,,,,,,,,,,
kim---003seo,Sun Kyu Kim,1986-04-20,,KIM|kyusun,KIM|gyoson,1986-04-20,1986,no_match,,,,,,,,,,,,,,,,,,,,,,,,,,
lee---000bo-,Bo Geun Lee,1986-04-30,,LEE|bogeun,LEE|bogon,1986-04-30,1986,no_match,,,,,,,,,,,,,,,,,,,,,,,,,,
kim---002yu-,Yu-sin Kim,1986-05-01,,KIM|sinyu,KIM|sinyo,1986-05-01,1986,no_match,,,,,,,,,,,,,,,,,,,,,,,,,,
yun---000geu,Keun Young Yoon,1986-05-07,,YOON|keunyoung,YOON|gonyong,1986-05-07,1986,no_match,,,,,,,,,,,,,,,,,,,,,,,,,,
lee---004jon,Jong Hwan Lee,1986-05-08,,LEE|hwanjong,LEE|hwanjong,1986-05-08,1986,no_match,,,,,,,,,,,,,,,,,,,,,,,,,,
bae---000woo,Woo Yul Bae,1986-05-19,,BAE|wooyul,BAE|woyol,1986-05-19,1986,no_match,,,,,,,,,,,,,,,,,,,,,,,,,,
riorda001cor,Cory Riordan,1986-05-25,"Killingworth, CT, US",|coryriordan,|golylioldan,1986-05-25,1986,no_match,,,,,,,,,,,,,,,,,,,,,,,,,,
lee---000wan,Wang-Gi Lee,1986-05-28,,LEE|giwang,LEE|giwang,1986-05-28,1986,no_match,,,,,,,,,,,,,,,,,,,,,,,,,,
yang--000hun,Hoon Yang,1986-05-29,,YANG|hoon,YANG|hon,1986-05-29,1986,no_match,,,,,,,,,,,,,,,,,,,,,,,,,,
yu----000hui,Hee Kwan Yoo,1986-06-01,KR,RYU|heekwan,RYU|gwanhi,1986-06-01,1986,no_match,,,,,,,,,,,,,,,,,,,,,,,,,,
kwon--001yeo,Yeong-Joon Kwon,1986-06-04,,KWON|joonyeong,KWON|jonyong,1986-06-04,1986,no_match,,,,,,,,,,,,,,,,,,,,,,,,,,
yu----000yon,Yong-mok Yu,1986-06-10,,RYU|mokyong,RYU|mogyong,1986-06-10,1986,no_match,,,,,,,,,,,,,,,,,,,,,,,,,,
yu----000won,Won Sang Yoo,1986-06-17,,RYU|sangwon,RYU|sangwon,1986-06-17,1986,no_match,,,,,,,,,,,,,,,,,,,,,,,,,,
yun---000jin,Jin Ho Yoon,1986-06-23,,YOON|hojin,YOON|hojin,1986-06-23,1986,no_match,,,,,,,,,,,,,,,,,,,,,,,,,,
won---000yon,Yong Muk Won,1986-06-25,,WON|mukyong,WON|mogyong,1986-06-25,1986,no_match,,,,,,,,,,,,,,,,,,,,,,,,,,
chin--000min,Hae Soo Jin,1986-06-26,,JIN|haesoo,JIN|heso,1986-06-26,1986,no_match,,,,,,,,,,,,,,,,,,,,,,,,,,
bae---000yeo,Young Seop Bae,1986-06-27,,BAE|seopyoung,BAE|sobyong,1986-06-27,1986,no_match,,,,,,,,,,,,,,,,,,,,,,,,,,
park--000sun,Sung-ho Park,1986-07-04,,PARK|hosung,PARK|hosong,1986-07-04,1986,no_match,,,,,,,,,,,,,,,,,,,,,,,,,,
jeon--000hye,Hyeon-tae Jeon,1986-07-09,,JEON|hyeontae,JEON|dehyon,1986-07-09,1986,no_match,,,,,,,,,,,,,,,,,,,,,,,,,,
yoon--000suk,Suk-min Yoon,1986-07-24,"Guri, KR",YOON|minsuk,YOON|minsog,1986-07-24,1986,no_match,,,,,,,,,,,,,,,,,,,,,,,,,,
jeong-000ui-,Eui Yoon Jung,1986-07-25,,YOON|euijung,YOON|ijong,1986-07-25,1986,no_match,,,,,,,,,,,,,,,,,,,,,,,,,,
lee---002ho-,Ho-Seong Lee,1986-08-15,,LEE|hoseong,LEE|hosong,1986-08-15,1986,no_match,,,,,,,,,,,,,,,,,,,,,,,,,,
yu----000seo,Sun Jung Yoo,1986-08-21,,RYU|jungsun,RYU|jongson,1986-08-21,1986,no_match,,,,,,,,,,,,,,,,,,,,,,,,,,
kim---001ji-,Jo Soo Kim,1986-08-23,,KIM|josoo,KIM|joso,1986-08-23,1986,no_match,,,,,,,,,,,,,,,,,,,,,,,,,,
kim---000ha-,Ha-ram Kim,1986-09-11,,KIM|haram,KIM|halam,1986-09-11,1986,no_match,,,,,,,,,,,,,,,,,,,,,,,,,,
yeo---000geo,Geon Wook Yeo,1986-09-16,,YEO|geonwook,YEO|gonwog,1986-09-16,1986,no_match,,,,,,,,,,,,,,,,,,,,,,,,,,
park--000hyu,Hyun-jun Park,1986-09-22,,PARK|hyunjun,PARK|hyonjon,1986-09-22,1986,no_match,,,,,,,,,,,,,,,,,,,,,,,,,,
romero001dei,Deibinson Romero,1986-09-24,"Perdernales, DO",|deibinsonromero,|deibinsonlomelo,1986-09-24,1986,no_match,,,,,,,,,,,,,,,,,,,,,,,,,,
oh----000jeo,Jeong Bok Oh,1986-10-13,,OH|bokjeong,OH|bogjong,1986-10-13,1986,no_match,,,,,,,,,,,,,,,,,,,,,,,,,,
lee---000kyu,Kyu-dae Lee,1986-10-20,,LEE|daekyu,LEE|degyo,1986-10-20,1986,no_match,,,,,,,,,,,,,,,,,,,,,,,,,,
lee---004won,Won Seok Lee,1986-10-21,,LEE|seokwon,LEE|sogwon,1986-10-21,1986,no_match,,,,,,,,,,,,,,,,,,,,,,,,,,
oh----000jae,Jae Il Oh,1986-10-29,,OH|iljae,OH|ilje,1986-10-29,1986,no_match,,,,,,,,,,,,,,,,,,,,,,,,,,
lee---001ji-,Ji-Mo Lee,1986-10-30,KR,LEE|jimo,LEE|jimo,1986-10-30,1986,no_match,,,,,,,,,,,,,,,,,,,,,,,,,,
geum--000min,Min Cheol Keum,1986-11-07,,MIN|cheolkeum,MIN|gomjol,1986-11-07,1986,no_match,,,,,,,,,,,,,,,,,,,,,,,,,,
park--000ga-,Ga-ram Park,1986-11-07,,PARK|garam,PARK|galam,1986-11-07,1986,no_match,,,,,,,,,,,,,,,,,,,,,,,,,,
ho----000yu-,Yu Kang Heo,1986-11-16,,HEO|kangyu,HEO|gangyo,1986-11-16,1986,no_match,,,,,,,,,,,,,,,,,,,,,,,,,,
hwang-001soo,Soo Beom Hwang,1986-11-17,,HWANG|beomsoo,HWANG|bomso,1986-11-17,1986,no_match,,,,,,,,,,,,,,,,,,,,,,,,,,
hong--004sun,Seong Yong Hong,1986-11-18,,HONG|seongyong,HONG|songyong,1986-11-18,1986,no_match,,,,,,,,,,,,,,,,,,,,,,,,,,
kim---005jeo,Jeong-nam Kim,1986-11-22,,KIM|jeongnam,KIM|jongnam,1986-11-22,1986,no_match,,,,,,,,,,,,,,,,,,,,,,,,,,
jeon--000seu,Yu Soo Jun,1986-11-29,,JEON|sooyu,JEON|soyo,1986-11-29,1986,no_match,,,,,,,,,,,,,,,,,,,,,,,,,,
chang-001tae,Tae-sung Chang,1986-12-15,,JANG|sungtae,JANG|desong,1986-12-15,1986,no_match,,,,,,,,,,,,,,,,,,,,,,,,,,
mcgreg002sco,Scott McGregor,1986-12-19,"Cincinnati, OH, US",|mcgregorscott,|mglegolsgod,1986-12-19,1986,no_match,,,,,,,,,,,,,,,,,,,,,,,,,,
choi--000byu,Byong Yeon Choi,1986-12-21,,CHOI|byongyeon,CHOI|byongyon,1986-12-21,1986,no_match,,,,,,,,,,,,,,,,,,,,,,,,,,
ahn---000don,Dong-Hyeon Ahn,1986-12-24,,AHN|donghyeon,AHN|donghyon,1986-12-24,1986,no_match,,,,,,,,,,,,,,,,,,,,,,,,,,
kang--003bye,Byeong-woo Kang,1986-12-26,,KANG|byeongwoo,KANG|byongwo,1986-12-26,1986,no_match,,,,,,,,,,,,,,,,,,,,,,,,,,
park--000heo,Hun Do Park,1987-01-01,,PARK|dohun,PARK|dohon,1987-01-01,1987,no_match,,,,,,,,,,,,,,,,,,,,,,,,,,
mo----000san,Sang Ki Mo,1987-01-03,,|kimosang,|gimosang,1987-01-03,1987,no_match,,,,,,,,,,,,,,,,,,,,,,,,,,
min---000mye,Myeong-je Kim,1987-01-05,,KIM|jemyeong,KIM|jemyong,1987-01-05,1987,no_match,,,,,,,,,,,,,,,,,,,,,,,,,,
hong--000mye,Myung Chan Hong,1987-01-19,,HONG|chanmyung,HONG|janmyong,1987-01-19,1987,no_match,,,,,,,,,,,,,,,,,,,,,,,,,,
kwon--000deo,Deok-jun Kwon,1987-01-20,,KWON|deokjun,KWON|dogjon,1987-01-20,1987,no_match,,,,,,,,,,,,,,,,,,,,,,,,,,
shin--000jun,Jung-Ik Shin,1987-02-04,,SHIN|ikjung,SHIN|igjong,1987-02-04,1987,no_match,,,,,,,,,,,,,,,,,,,,,,,,,,
jung--000hoe,Hwi Chan Jung,1987-02-07,,JUNG|chanhwi,JUNG|hwijan,1987-02-07,1987,no_match,,,,,,,,,,,,,,,,,,,,,,,,,,
koo---000bon,Bon-beom Koo,1987-02-08,,KOO|beombon,KOO|bombon,1987-02-08,1987,no_match,,,,,,,,,,,,,,,,,,,,,,,,,,
hwang-000seo,Seon Il Hwang,1987-02-17,,HWANG|ilseon,HWANG|ilson,1987-02-17,1987,no_match,,,,,,,,,,,,,,,,,,,,,,,,,,
choi--000jeo,Jeong Choi,1987-02-28,"Incheon, KR",CHOI|jeong,CHOI|jong,1987-02-28,1987,no_match,,,,,,,,,,,,,,,,,,,,,,,,,,
kim---017don,Dong-Kil Kim,1987-03-01,,KIM|dongkil,KIM|donggil,1987-03-01,1987,no_match,,,,,,,,,,,,,,,,,,,,,,,,,,
yoon--000don,Dong-Geon Yoon,1987-03-04,,YOON|donggeon,YOON|donggon,1987-03-04,1987,no_match,,,,,,,,,,,,,,,,,,,,,,,,,,
kim---014seo,Sung Hyun Kim,1987-03-09,,KIM|hyunsung,KIM|hyonsong,1987-03-09,1987,no_match,,,,,,,,,,,,,,,,,,,,,,,,,,
min---000bye,Byeong-heon Min,1987-03-10,"Duksoo, KR",MIN|byeongheon,MIN|byonghon,1987-03-10,1987,no_match,,,,,,,,,,,,,,,,,,,,,,,,,,
lee---007cha,Chang Seob Lee,1987-03-10,,LEE|changseob,LEE|jangsob,1987-03-10,1987,no_match,,,,,,,,,,,,,,,,,,,,,,,,,,
lee---012san,Sang Baek Lee,1987-03-10,,LEE|baeksang,LEE|begsang,1987-03-10,1987,no_match,,,,,,,,,,,,,,,,,,,,,,,,,,
park--002jin,Jin-won Park,1987-03-17,,PARK|jinwon,PARK|jinwon,1987-03-17,1987,no_match,,,,,,,,,,,,,,,,,,,,,,,,,,
shin--001cha,Chang Ho Shin,1987-03-18,,SHIN|changho,SHIN|hojang,1987-03-18,1987,no_match,,,,,,,,,,,,,,,,,,,,,,,,,,
jeong-000beo,Beom Mo Jeong,1987-03-26,,JUNG|beommo,JUNG|bommo,1987-03-26,1987,no_match,,,,,,,,,,,,,,,,,,,,,,,,,,
choi--000yoo,Youn Suk Choi,1987-03-28,,CHOI|sukyoun,CHOI|sogyon,1987-03-28,1987,no_match,,,,,,,,,,,,,,,,,,,,,,,,,,
na----000seu,Seung Hyun Na,1987-04-06,,NA|hyunseung,NA|hyonsong,1987-04-06,1987,no_match,,,,,,,,,,,,,,,,,,,,,,,,,,
son---000yon,Yong-seok Son,1987-04-13,,SON|seokyong,SON|sogyong,1987-04-13,1987,no_match,,,,,,,,,,,,,,,,,,,,,,,,,,
yang--001seu,Seung-jin Yang,1987-04-19,,YANG|jinseung,YANG|jinsong,1987-04-19,1987,no_match,,,,,,,,,,,,,,,,,,,,,,,,,,
son---001yeo,Young Min Son,1987-04-28,,SON|minyoung,SON|minyong,1987-04-28,1987,no_match,,,,,,,,,,,,,,,,,,,,,,,,,,
choi--001won,Won Jae Choi,1987-04-29,,CHOI|jaewon,CHOI|jewon,1987-04-29,1987,no_match,,,,,,,,,,,,,,,,,,,,,,,,,,
han---000gi-,Ki Joo Han,1987-04-29,,HAN|jooki,HAN|gijo,1987-04-29,1987,no_match,,,,,,,,,,,,,,,,,,,,,,,,,,
lee---006san,Sang Hoon Lee,1987-05-04,,LEE|hoonsang,LEE|honsang,1987-05-04,1987,no_match,,,,,,,,,,,,,,,,,,,,,,,,,,
kim---013seo,Seong-Hun Kim,1987-05-08,,KIM|hunseong,KIM|honsong,1987-05-08,1987,no_match,,,,,,,,,,,,,,,,,,,,,,,,,,
kim---002gi-,Ki Hyun Kim,1987-05-09,,KIM|hyunki,KIM|gihyon,1987-05-09,1987,no_match,,,,,,,,,,,,,,,,,,,,,,,,,,
hong--000jae,Jae Ho Hong,1987-05-10,,HONG|hojae,HONG|hoje,1987-05-10,1987,no_match,,,,,,,,,,,,,,,,,,,,,,,,,,
kim---006gi-,Ki Tae Kim,1987-05-11,,KIM|kitae,KIM|degi,1987-05-11,1987,no_match,,,,,,,,,,,,,,,,,,,,,,,,,,
lee---000hae,Hae Chang Lee,1987-05-11,,LEE|changhae,LEE|hejang,1987-05-11,1987,no_match,,,,,,,,,,,,,,,,,,,,,,,,,,
sin---000jun,Jung Rak Shin,1987-05-13,,SHIN|jungrak,SHIN|jonglag,1987-05-13,1987,no_match,,,,,,,,,,,,,,,,,,,,,,,,,,
yim---000jin,Jin Woo Im,1987-05-13,,LIM|jinwoo,LIM|jinwo,1987-05-13,1987,no_match,,,,,,,,,,,,,,,,,,,,,,,,,,
byeon-000yon,Yong-sun Byeon,1987-05-17,,BYUN|sunyong,BYUN|sonyong,1987-05-17,1987,no_match,,,,,,,,,,,,,,,,,,,,,,,,,,
kim---004jun,Jung Hoon Kim,1987-05-23,,KIM|hoonjung,KIM|honjong,1987-05-23,1987,no_match,,,,,,,,,,,,,,,,,,,,,,,,,,
kim---001hye,Hyeok Min Kim,1987-05-24,,KIM|hyeokmin,KIM|hyogmin,1987-05-24,1987,no_match,,,,,,,,,,,,,,,,,,,,,,,,,,
cha---000woo,Woo-chan Cha,1987-05-31,"Gunsan, KR",CHA|chanwoo,CHA|janwo,1987-05-31,1987,no_match,,,,,,,,,,,,,,,,,,,,,,,,,,
yang--000ui-,Ui-ji Yang,1987-06-05,"Kwangju, KR",YANG|jiui,YANG|iji,1987-06-05,1987,no_match,,,,,,,,,,,,,,,,,,,,,,,,,,
kim---002sa-,Sa Hoon Kim,1987-06-18,,KIM|hoonsa,KIM|honsa,1987-06-18,1987,no_match,,,,,,,,,,,,,,,,,,,,,,,,,,
kim---000mun,Moon Ho Kim,1987-06-22,,KIM|homoon,KIM|homon,1987-06-22,1987,no_match,,,,,,,,,,,,,,,,,,,,,,,,,,
bae---000jan,Jang Ho Bae,1987-06-25,,BAE|hojang,BAE|hojang,1987-06-25,1987,no_match,,,,,,,,,,,,,,,,,,,,,,,,,,
black-001dan,Dan Black,1987-07-02,"Indianapolis, IN, US",|blackdan,|blagdan,1987-07-02,1987,no_match,,,,,,,,,,,,,,,,,,,,,,,,,,
paek--000jeo,Jung Hyun Baek,1987-07-13,,BAEK|hyunjung,BAEK|hyonjong,1987-07-13,1987,no_match,,,,,,,,,,,,,,,,,,,,,,,,,,
yim---000han,Han-yong Lim,1987-07-15,,LIM|hanyong,LIM|hanyong,1987-07-15,1987,no_match,,,,,,,,,,,,,,,,,,,,,,,,,,
jung--000hoo,Hoon Jung,1987-07-18,,JUNG|hoon,JUNG|hon,1987-07-18,1987,no_match,,,,,,,,,,,,,,,,,,,,,,,,,,
kim---016jon,Jong-Chan Kim,1987-07-22,,KIM|chanjong,KIM|janjong,1987-07-22,1987,no_match,,,,,,,,,,,,,,,,,,,,,,,,,,
park--001min,Min-ju Park,1987-07-23,,PARK|jumin,PARK|jomin,1987-07-23,1987,no_match,,,,,,,,,,,,,,,,,,,,,,,,,,
won---000jon,Jong-hyeon Won,1987-07-31,"Gunsan, KR",WON|hyeonjong,WON|hyonjong,1987-07-31,1987,no_match,,,,,,,,,,,,,,,,,,,,,,,,,,
nam---001yoo,Yoon-Hee Nam,1987-08-04,"Seoul, KR",NAM|heeyoon,NAM|hiyon,1987-08-04,1987,no_match,,,,,,,,,,,,,,,,,,,,,,,,,,
kim---005yeo,Se Hyun Kim,1987-08-07,,KIM|hyunse,KIM|hyonse,1987-08-07,1987,no_match,,,,,,,,,,,,,,,,,,,,,,,,,,
park--000gye,Kyung Tae Park,1987-09-02,,PARK|kyungtae,PARK|degyong,1987-09-02,1987,no_match,,,,,,,,,,,,,,,,,,,,,,,,,,
lee---000joo,Joon-Ho Lee,1987-09-07,,LEE|hojoon,LEE|hojon,1987-09-07,1987,no_match,,,,,,,,,,,,,,,,,,,,,,,,,,
kim---017jin,Jin Gon Kim,1987-09-10,,KIM|gonjin,KIM|gonjin,1987-09-10,1987,no_match,,,,,,,,,,,,,,,,,,,,,,,,,,
kim---005tae,Tae-hoon Kim,1987-09-28,,KIM|hoontae,KIM|dehon,1987-09-28,1987,no_match,,,,,,,,,,,,,,,,,,,,,,,,,,
cho---000yon,Yong-hun Cho,1987-10-29,,CHO|hunyong,CHO|honyong,1987-10-29,1987,no_match,,,,,,,,,,,,,,,,,,,,,,,,,,
jang--000jon,Jong-duk Chang,1987-10-29,,JANG|dukjong,JANG|dogjong,1987-10-29,1987,no_match,,,,,,,,,,,,,,,,,,,,,,,,,,
jang--000hyo,See-hwan Chang,1987-11-01,"Taean, South Chungcheong, KR",JANG|hwansee,JANG|hwansi,1987-11-01,1987,no_match,,,,,,,,,,,,,,,,,,,,,,,,,,
sin---000hye,Hyun Chul Shin,1987-11-02,,SHIN|chulhyun,SHIN|hyonjol,1987-11-02,1987,no_match,,,,,,,,,,,,,,,,,,,,,,,,,,
kim---009jae,Jae Hyun Kim,1987-11-07,,KIM|hyunjae,KIM|hyonje,1987-11-07,1987,no_match,,,,,,,,,,,,,,,,,,,,,,,,,,
moon--000gwa,Kwang Eun Moon,1987-11-09,,MOON|eunkwang,MOON|gwangon,1987-11-09,1987,no_match,,,,,,,,,,,,,,,,,,,,,,,,,,
lee---002kye,Kyung Woo Lee,1987-11-09,,LEE|kyungwoo,LEE|gyongwo,1987-11-09,1987,no_match,,,,,,,,,,,,,,,,,,,,,,,,,,
paek--000in-,Chung Hoon Baek,1987-11-19,,BAEK|chunghoon,BAEK|honjong,1987-11-19,1987,no_match,,,,,,,,,,,,,,,,,,,,,,,,,,
yu----001jae,Jae Sin Yu,1987-11-21,,RYU|jaesin,RYU|jesin,1987-11-21,1987,no_match,,,,,,,,,,,,,,,,,,,,,,,,,,
sin---000hae,Hae-su Shin,1987-11-30,,SHIN|haesu,SHIN|heso,1987-11-30,1987,no_match,,,,,,,,,,,,,,,,,,,,,,,,,,
addito001nic,Nick Additon,1987-12-16,"Davie, FL, US",|additonnick,|adidonnig,1987-12-16,1987,no_match,,,,,,,,,,,,,,,,,,,,,,,,,,
lee---000mye,Myung Ki Lee,1987-12-26,,LEE|kimyung,LEE|gimyong,1987-12-26,1987,no_match,,,,,,,,,,,,,,,,,,,,,,,,,,
kim---007san,Sang Su Kim,1988-01-02,,KIM|sangsu,KIM|sangso,1988-01-02,1988,no_match,,,,,,,,,,,,,,,,,,,,,,,,,,
paek--000san,Sang Won Back,1988-01-02,,BAEK|sangwon,BAEK|sangwon,1988-01-02,1988,no_match,,,,,,,,,,,,,,,,,,,,,,,,,,
na----001sun,Sung Yong Na,1988-01-05,,NA|sungyong,NA|songyong,1988-01-05,1988,no_match,,,,,,,,,,,,,,,,,,,,,,,,,,
choi--001seu,Seung Jun Choi,1988-01-11,,CHOI|junseung,CHOI|jonsong,1988-01-11,1988,no_match,,,,,,,,,,,,,,,,,,,,,,,,,,
kim---000hyu,Hyun Woo Kim,1988-01-21,,KIM|hyunwoo,KIM|hyonwo,1988-01-21,1988,no_match,,,,,,,,,,,,,,,,,,,,,,,,,,
kim---016yon,Keon Kuk Kim,1988-02-02,,KIM|keonkuk,KIM|goggon,1988-02-02,1988,no_match,,,,,,,,,,,,,,,,,,,,,,,,,,
lee---005min,Min Jae Lee,1988-02-05,,LEE|jaemin,LEE|jemin,1988-02-05,1988,no_match,,,,,,,,,,,,,,,,,,,,,,,,,,
cho---002sun,Sung-woo Cho,1988-02-08,,CHO|sungwoo,CHO|songwo,1988-02-08,1988,no_match,,,,,,,,,,,,,,,,,,,,,,,,,,
clay--001cal,Caleb Clay,1988-02-15,"Birmingham, AL, US",|calebclay,|galebglay,1988-02-15,1988,no_match,,,,,,,,,,,,,,,,,,,,,,,,,,
kim---003ji-,Ji Yong Kim,1988-02-20,,KIM|jiyong,KIM|jiyong,1988-02-20,1988,no_match,,,,,,,,,,,,,,,,,,,,,,,,,,
lee---005jae,Jae Won Lee,1988-02-24,,LEE|jaewon,LEE|jewon,1988-02-24,1988,no_match,,,,,,,,,,,,,,,,,,,,,,,,,,
choi--000ju-,Joo Hwan Choi,1988-02-28,,CHOI|hwanjoo,CHOI|hwanjo,1988-02-28,1988,no_match,,,,,,,,,,,,,,,,,,,,,,,,,,
lee---002san,Sang-Hwa Lee,1988-03-01,KR,LEE|hwasang,LEE|hwasang,1988-03-01,1988,no_match,,,,,,,,,,,,,,,,,,,,,,,,,,
park--000yun,Yun Park,1988-03-07,,PARK|yun,PARK|yon,1988-03-07,1988,no_match,,,,,,,,,,,,,,,,,,,,,,,,,,
lee---000hee,Hee-Seong Lee,1988-03-09,,LEE|heeseong,LEE|hisong,1988-03-09,1988,no_match,,,,,,,,,,,,,,,,,,,,,,,,,,
yoon--000jee,Ji Woong Yoon,1988-03-11,,YOON|jiwoong,YOON|jiwong,1988-03-11,1988,no_match,,,,,,,,,,,,,,,,,,,,,,,,,,
lim---001ik-,Ik-jun Lim,1988-03-15,,LIM|ikjun,LIM|igjon,1988-03-15,1988,no_match,,,,,,,,,,,,,,,,,,,,,,,,,,
lee---000du-,Du-hwan Lee,1988-03-16,,LEE|duhwan,LEE|dohwan,1988-03-16,1988,no_match,,,,,,,,,,,,,,,,,,,,,,,,,,
jeong-001tae,Tae-Seung Jung,1988-03-17,,JUNG|seungtae,JUNG|desong,1988-03-17,1988,no_match,,,,,,,,,,,,,,,,,,,,,,,,,,
son---000ah-,Ah-seop Son,1988-03-18,"Busan, KR",SON|ahseop,SON|asob,1988-03-18,1988,no_match,,,,,,,,,,,,,,,,,,,,,,,,,,
chung-000byo,Byoung Gon Jung,1988-03-23,,JUNG|byounggon,JUNG|byonggon,1988-03-23,1988,no_match,,,,,,,,,,,,,,,,,,,,,,,,,,
jang--001pil,Pilljoon Jang,1988-04-08,"Daewoo, KR",JANG|pilljoon,JANG|biljon,1988-04-08,1988,no_match,,,,,,,,,,,,,,,,,,,,,,,,,,
kim---003mye,Myung Sung Kim,1988-04-08,,KIM|myungsung,KIM|myongsong,1988-04-08,1988,no_match,,,,,,,,,,,,,,,,,,,,,,,,,,
ahn---001kyu,Kyu Young An,1988-04-12,,AHN|kyuyoung,AHN|gyoyong,1988-04-12,1988,no_match,,,,,,,,,,,,,,,,,,,,,,,,,,
kim---004ju-,Joo Hyun Kim,1988-04-16,,KIM|hyunjoo,KIM|hyonjo,1988-04-16,1988,no_match,,,,,,,,,,,,,,,,,,,,,,,,,,
yim---001tae,Tae-jun Lim,1988-04-23,KR,LIM|juntae,LIM|dejon,1988-04-23,1988,no_match,,,,,,,,,,,,,,,,,,,,,,,,,,
chae--000sun,Sun Kwan Chae,1988-05-03,,CHAE|kwansun,CHAE|gwanson,1988-05-03,1988,no_match,,,,,,,,,,,,,,,,,,,,,,,,,,
lee---010yon,Yong Ho Lee,1988-05-07,,LEE|hoyong,LEE|hoyong,1988-05-07,1988,no_match,,,,,,,,,,,,,,,,,,,,,,,,,,
kim---000nam,Nam Hyung Kim,1988-05-08,,KIM|hyungnam,KIM|hyongnam,1988-05-08,1988,no_match,,,,,,,,,,,,,,,,,,,,,,,,,,
paek--000cha,Jin Woo Baek,1988-05-09,,BAEK|jinwoo,BAEK|jinwo,1988-05-09,1988,no_match,,,,,,,,,,,,,,,,,,,,,,,,,,
choi--002you,Young Jin Choi,1988-05-10,,CHOI|jinyoung,CHOI|jinyong,1988-05-10,1988,no_match,,,,,,,,,,,,,,,,,,,,,,,,,,
yoon--000jeo,Jung Woo Yoon,1988-05-12,,YOON|jungwoo,YOON|jongwo,1988-05-12,1988,no_match,,,,,,,,,,,,,,,,,,,,,,,,,,
lee---002joo,Joon Soo Lee,1988-06-17,,LEE|joonsoo,LEE|jonso,1988-06-17,1988,no_match,,,,,,,,,,,,,,,,,,,,,,,,,,
kim---007don,Dong Wook Kim,1988-06-24,,KIM|dongwook,KIM|dongwog,1988-06-24,1988,no_match,,,,,,,,,,,,,,,,,,,,,,,,,,
kim---015don,Dong Han Kim,1988-06-24,,KIM|donghan,KIM|donghan,1988-06-24,1988,no_match,,,,,,,,,,,,,,,,,,,,,,,,,,
song--000ju-,Ju-ho Song,1988-07-11,,SONG|hoju,SONG|hojo,1988-07-11,1988,no_match,,,,,,,,,,,,,,,,,,,,,,,,,,
chi---000jae,Jae-Ok Chi,1988-07-24,,JI|jaeok,JI|jeog,1988-07-24,1988,no_match,,,,,,,,,,,,,,,,,,,,,,,,,,
yun---000gi-,Ki Ho Yun,1988-07-28,,YOON|hoki,YOON|giho,1988-07-28,1988,no_match,,,,,,,,,,,,,,,,,,,,,,,,,,
choi--000jon,Yoo-keon Choi,1988-08-02,,CHOI|keonyoo,CHOI|gonyo,1988-08-02,1988,no_match,,,,,,,,,,,,,,,,,,,,,,,,,,
kim---000sa-,Ji Yul Kim,1988-08-09,,KIM|jiyul,KIM|jiyol,1988-08-09,1988,no_match,,,,,,,,,,,,,,,,,,,,,,,,,,
kim---001gan,Kang Ryul Kim,1988-08-28,,KIM|kangryul,KIM|ganglyol,1988-08-28,1988,no_match,,,,,,,,,,,,,,,,,,,,,,,,,,
han---000sun,Sung-Goo Han,1988-09-14,KR,HAN|goosung,HAN|gosong,1988-09-14,1988,no_match,,,,,,,,,,,,,,,,,,,,,,,,,,
kim---008jae,Jae Hwan Kim,1988-09-22,,KIM|hwanjae,KIM|hwanje,1988-09-22,1988,no_match,,,,,,,,,,,,,,,,,,,,,,,,,,
kim---016gye,Jeong Hu Kim,1988-09-26,,KIM|hujeong,KIM|hojong,1988-09-26,1988,no_match,,,,,,,,,,,,,,,,,,,,,,,,,,
yim---000tae,Tae Hoon Im,1988-09-28,"Seoul, KR",LIM|hoontae,LIM|dehon,1988-09-28,1988,no_match,,,,,,,,,,,,,,,,,,,,,,,,,,
chung-000jin,Jin Ho Jung,1988-10-02,,JUNG|hojin,JUNG|hojin,1988-10-02,1988,no_match,,,,,,,,,,,,,,,,,,,,,,,,,,
kim---000kan,Kang Kim,1988-10-16,,KIM|kang,KIM|gang,1988-10-16,1988,no_match,,,,,,,,,,,,,,,,,,,,,,,,,,
lee---002chu,Chun Woong Lee,1988-10-20,,LEE|chunwoong,LEE|jonwong,1988-10-20,1988,no_match,,,,,,,,,,,,,,,,,,,,,,,,,,
lim---000chi,Chi Young Lim,1988-10-29,,LIM|chiyoung,LIM|jiyong,1988-10-29,1988,no_match,,,,,,,,,,,,,,,,,,,,,,,,,,
kim---002hun,Hun Gon Kim,1988-11-09,,KIM|gonhun,KIM|gonhon,1988-11-09,1988,no_match,,,,,,,,,,,,,,,,,,,,,,,,,,
jung--002you,Young-Il Jung,1988-11-16,"Kwanju, KR",JUNG|ilyoung,JUNG|ilyong,1988-11-16,1988,no_match,,,,,,,,,,,,,,,,,,,,,,,,,,
kim---008dae,Dae Woo Kim,1988-11-21,,KIM|daewoo,KIM|dewo,1988-11-21,1988,no_match,,,,,,,,,,,,,,,,,,,,,,,,,,
lee---000jae,Jae-gon Lee,1988-11-24,KR,LEE|gonjae,LEE|gonje,1988-11-24,1988,no_match,,,,,,,,,,,,,,,,,,,,,,,,,,
lee---003won,Won-jae Lee,1988-12-01,,LEE|jaewon,LEE|jewon,1988-12-01,1988,no_match,,,,,,,,,,,,,,,,,,,,,,,,,,
lee---010seu,Seung-woo Lee,1988-12-08,,LEE|seungwoo,LEE|songwo,1988-12-08,1988,no_match,,,,,,,,,,,,,,,,,,,,,,,,,,
kim---008min,Min Sung Kim,1988-12-17,,KIM|minsung,KIM|minsong,1988-12-17,1988,no_match,,,,,,,,,,,,,,,,,,,,,,,,,,
lara--001bra,Braulio Lara,1988-12-20,"Bani, Peravia, DO",|brauliolara,|blaoliolala,1988-12-20,1988,no_match,,,,,,,,,,,,,,,,,,,,,,,,,,
lim---001hye,Hyun Jun Lim,1988-12-21,,LIM|hyunjun,LIM|hyonjon,1988-12-21,1988,no_match,,,,,,,,,,,,,,,,,,,,,,,,,,
lee---000yon,Yong Chan Lee,1989-01-02,"Seoul, KR",LEE|chanyong,LEE|janyong,1989-01-02,1989,no_match,,,,,,,,,,,,,,,,,,,,,,,,,,
park--004jeo,Yoon-jae Lee,1989-01-02,,LEE|jaeyoon,LEE|jeyon,1989-01-02,1989,no_match,,,,,,,,,,,,,,,,,,,,,,,,,,
kim---015seo,Seong-hyeon Kim,1989-01-03,,KIM|hyeonseong,KIM|hyonsong,1989-01-03,1989,no_match,,,,,,,,,,,,,,,,,,,,,,,,,,
ko----000jon,Jong Wook Ko,1989-01-11,,KO|jongwook,KO|jongwog,1989-01-11,1989,no_match,,,,,,,,,,,,,,,,,,,,,,,,,,
kim---022jae,Jae Yul Kim,1989-01-14,,KIM|jaeyul,KIM|jeyol,1989-01-14,1989,no_match,,,,,,,,,,,,,,,,,,,,,,,,,,
myeong000jae,Jae-Cheol Myeong,1989-01-17,,|cheoljaemyeong,|jejolmyong,1989-01-17,1989,no_match,,,,,,,,,,,,,,,,,,,,,,,,,,
choi--002won,Won Jei Choi,1989-02-04,,CHOI|jeiwon,CHOI|jeiwon,1989-02-04,1989,no_match,,,,,,,,,,,,,,,,,,,,,,,,,,
lee---021san,Sang Ho Lee,1989-02-05,,LEE|hosang,LEE|hosang,1989-02-05,1989,no_match,,,,,,,,,,,,,,,,,,,,,,,,,,
hwang-000jin,Jin Soo Hwang,1989-02-15,,HWANG|jinsoo,HWANG|jinso,1989-02-15,1989,no_match,,,,,,,,,,,,,,,,,,,,,,,,,,
park--003cha,Chan Do Park,1989-02-22,,PARK|chando,PARK|dojan,1989-02-22,1989,no_match,,,,,,,,,,,,,,,,,,,,,,,,,,
ko----001yeo,Young Chang Koh,1989-02-24,,KO|changyoung,KO|jangyong,1989-02-24,1989,no_match,,,,,,,,,,,,,,,,,,,,,,,,,,
yoon--000wan,Hae Jin Yoon,1989-02-25,,YOON|haejin,YOON|hejin,1989-02-25,1989,no_match,,,,,,,,,,,,,,,,,,,,,,,,,,
kim---013min,Min Ha Kim,1989-02-25,,KIM|hamin,KIM|hamin,1989-02-25,1989,no_match,,,,,,,,,,,,,,,,,,,,,,,,,,
kim---000ju-,Ju Kim,1989-03-02,,KIM|ju,KIM|jo,1989-03-02,1989,no_match,,,,,,,,,,,,,,,,,,,,,,,,,,
park--000si-,Si Young Park,1989-03-10,,PARK|siyoung,PARK|siyong,1989-03-10,1989,no_match,,,,,,,,,,,,,,,,,,,,,,,,,,
kim---004sun,Sung-Ho Kim,1989-03-14,,KIM|hosung,KIM|hosong,1989-03-14,1989,no_match,,,,,,,,,,,,,,,,,,,,,,,,,,
jeon--000don,Min Su Jun,1989-03-18,,JEON|minsu,JEON|minso,1989-03-18,1989,no_match,,,,,,,,,,,,,,,,,,,,,,,,,,
paek--000yon,Yong Hwan Baik,1989-03-20,,BAEK|hwanyong,BAEK|hwanyong,1989-03-20,1989,no_match,,,,,,,,,,,,,,,,,,,,,,,,,,
jin---000myu,Myung-Ho Jin,1989-03-20,"Busan, KR",JIN|homyung,JIN|homyong,1989-03-20,1989,no_match,,,,,,,,,,,,,,,,,,,,,,,,,,
shin--000bon,Bon Ki Shin,1989-03-21,,SHIN|bonki,SHIN|bongi,1989-03-21,1989,no_match,,,,,,,,,,,,,,,,,,,,,,,,,,
rhee--001dae,Dae-Eun Rhee,1989-03-23,"Seoul, KR",LEE|daeeun,LEE|deon,1989-03-23,1989,no_match,,,,,,,,,,,,,,,,,,,,,,,,,,
kim---014yeo,Yeong-Hoon Kim,1989-03-24,,KIM|hoonyeong,KIM|honyong,1989-03-24,1989,no_match,,,,,,,,,,,,,,,,,,,,,,,,,,
kim---000ki-,Ki-Hyeon Kim,1989-04-03,,KIM|hyeonki,KIM|gihyon,1989-04-03,1989,no_match,,,,,,,,,,,,,,,,,,,,,,,,,,
jin---000ya-,Ya Gob Jin,1989-04-11,,JIN|gobya,JIN|gobya,1989-04-11,1989,no_match,,,,,,,,,,,,,,,,,,,,,,,,,,
yu----000min,Min Sang Yoo,1989-04-13,,RYU|minsang,RYU|minsang,1989-04-13,1989,no_match,,,,,,,,,,,,,,,,,,,,,,,,,,
park--007jeo,Jeong Eum Park,1989-04-15,,PARK|eumjeong,PARK|jongom,1989-04-15,1989,no_match,,,,,,,,,,,,,,,,,,,,,,,,,,
kim---017jon,Jong Hoon Kim,1989-04-18,,KIM|hoonjong,KIM|honjong,1989-04-18,1989,no_match,,,,,,,,,,,,,,,,,,,,,,,,,,
choi--000keu,Keum Kang Choi,1989-04-26,,CHOI|kangkeum,CHOI|ganggom,1989-04-26,1989,no_match,,,,,,,,,,,,,,,,,,,,,,,,,,
lee---015don,Dong Hun Lee,1989-04-28,,LEE|donghun,LEE|donghon,1989-04-28,1989,no_match,,,,,,,,,,,,,,,,,,,,,,,,,,
ha----001jun,Jun Ho Ha,1989-04-29,KR,JEON|haho,JEON|haho,1989-04-29,1989,no_match,,,,,,,,,,,,,,,,,,,,,,,,,,
yang--002seo,Sung Woo Yang,1989-05-02,,YANG|sungwoo,YANG|songwo,1989-05-02,1989,no_match,,,,,,,,,,,,,,,,,,,,,,,,,,
park--000san,Sang-Kyu Park,1989-05-02,,PARK|kyusang,PARK|gyosang,1989-05-02,1989,no_match,,,,,,,,,,,,,,,,,,,,,,,,,,
kim---020san,Sang-Ho Kim,1989-05-10,,KIM|hosang,KIM|hosang,1989-05-10,1989,no_match,,,,,,,,,,,,,,,,,,,,,,,,,,
lee---000heu,Heung Ryun Lee,1989-05-16,,LEE|heungryun,LEE|honglyon,1989-05-16,1989,no_match,,,,,,,,,,,,,,,,,,,,,,,,,,
lee---008won,Won Jai Lee,1989-05-20,,LEE|jaiwon,LEE|jaiwon,1989-05-20,1989,no_match,,,,,,,,,,,,,,,,,,,,,,,,,,
choi--002jeo,Jung Min Choi,1989-06-02,,CHOI|jungmin,CHOI|jongmin,1989-06-02,1989,no_match,,,,,,,,,,,,,,,,,,,,,,,,,,
choi--000bye,Byeong-Wook Choi,1989-06-02,,CHOI|byeongwook,CHOI|byongwog,1989-06-02,1989,no_match,,,,,,,,,,,,,,,,,,,,,,,,,,
lee---005hye,Hyung Jong Lee,1989-06-07,,LEE|hyungjong,LEE|hyongjong,1989-06-07,1989,no_match,,,,,,,,,,,,,,,,,,,,,,,,,,
kim---004gye,Gyeong-mo Kim,1989-06-15,,KIM|gyeongmo,KIM|gyongmo,1989-06-15,1989,no_match,,,,,,,,,,,,,,,,,,,,,,,,,,
yoon--000mye,Myung June Yoon,1989-06-18,,YOON|junemyung,YOON|jonemyong,1989-06-18,1989,no_match,,,,,,,,,,,,,,,,,,,,,,,,,,
jun---001tae,Woo-yeop Jeon,1989-06-20,,JEON|wooyeop,JEON|woyob,1989-06-20,1989,no_match,,,,,,,,,,,,,,,,,,,,,,,,,,
ma----000nak,Nak-Gil Ma,1989-06-22,,MA|gilnak,MA|gilnag,1989-06-22,1989,no_match,,,,,,,,,,,,,,,,,,,,,,,,,,
kim---020min,Min Sik Kim,1989-06-28,,KIM|minsik,KIM|minsig,1989-06-28,1989,no_match,,,,,,,,,,,,,,,,,,,,,,,,,,
jeong-000gyu,Gyu-Chang Jeong,1989-06-29,,JUNG|changgyu,JUNG|gyojang,1989-06-29,1989,no_match,,,,,,,,,,,,,,,,,,,,,,,,,,
son---001hye,Hyung Joon Sohn,1989-07-01,,SON|hyungjoon,SON|hyongjon,1989-07-01,1989,no_match,,,,,,,,,,,,,,,,,,,,,,,,,,
yoon--000do-,Do Kyung Yoon,1989-07-02,,YOON|dokyung,YOON|dogyong,1989-07-02,1989,no_match,,,,,,,,,,,,,,,,,,,,,,,,,,
park--002min,Min Suk Park,1989-07-04,,PARK|minsuk,PARK|minsog,1989-07-04,1989,no_match,,,,,,,,,,,,,,,,,,,,,,,,,,
yoon--000byu,Byung Ho Yoon,1989-07-05,,YOON|byungho,YOON|byongho,1989-07-05,1989,no_match,,,,,,,,,,,,,,,,,,,,,,,,,,
oh----000seo,Sun Jin Oh,1989-07-07,,OH|jinsun,OH|jinson,1989-07-07,1989,no_match,,,,,,,,,,,,,,,,,,,,,,,,,,
no----001jin,Jin Hyuk No,1989-07-15,,NOH|hyukjin,NOH|hyogjin,1989-07-15,1989,no_match,,,,,,,,,,,,,,,,,,,,,,,,,,
hong--003sun,Sung Min Hong,1989-07-15,,HONG|minsung,HONG|minsong,1989-07-15,1989,no_match,,,,,,,,,,,,,,,,,,,,,,,,,,
lee---000beo,Beom-jun Lee,1989-07-15,,LEE|beomjun,LEE|bomjon,1989-07-15,1989,no_match,,,,,,,,,,,,,,,,,,,,,,,,,,
lim---000joo,Jun Seob Im,1989-07-16,,LIM|junseob,LIM|jonsob,1989-07-16,1989,no_match,,,,,,,,,,,,,,,,,,,,,,,,,,
kim---001su-,Su Wan Kim,1989-07-20,,KIM|suwan,KIM|sowan,1989-07-20,1989,no_match,,,,,,,,,,,,,,,,,,,,,,,,,,
kim---021tae,Tae Woo Kim,1989-07-23,,KIM|taewoo,KIM|dewo,1989-07-23,1989,no_match,,,,,,,,,,,,,,,,,,,,,,,,,,
yu----000cha,Chang Jun Yu,1989-07-25,,RYU|changjun,RYU|jangjon,1989-07-25,1989,no_match,,,,,,,,,,,,,,,,,,,,,,,,,,
petric000zac,Zach Petrick,1989-07-29,"Morris, IL, US",|petrickzach,|bedligzaj,1989-07-29,1989,no_match,,,,,,,,,,,,,,,,,,,,,,,,,,
choi--000in-,In-Yeong Choi,1989-07-29,,CHOI|inyeong,CHOI|inyong,1989-07-29,1989,no_match,,,,,,,,,,,,,,,,,,,,,,,,,,
son---001don,Dong Wook Son,1989-08-06,,SON|dongwook,SON|dongwog,1989-08-06,1989,no_match,,,,,,,,,,,,,,,,,,,,,,,,,,
han---000don,Yoo Seom Han,1989-08-09,,RYU|hanseom,RYU|hansom,1989-08-09,1989,no_match,,,,,,,,,,,,,,,,,,,,,,,,,,
song--001cha,Chang Hyun Song,1989-08-17,,SONG|changhyun,SONG|hyonjang,1989-08-17,1989,no_match,,,,,,,,,,,,,,,,,,,,,,,,,,
seo---000geo,Geon-chang Seo,1989-08-22,KR,SEO|changgeon,SEO|gonjang,1989-08-22,1989,no_match,,,,,,,,,,,,,,,,,,,,,,,,,,
choi--000jae,Jae Hoon Choi,1989-08-27,,CHOI|hoonjae,CHOI|honje,1989-08-27,1989,no_match,,,,,,,,,,,,,,,,,,,,,,,,,,
cho---001yoo,Yun Jun Cho,1989-08-30,,CHO|junyun,CHO|jonyon,1989-08-30,1989,no_match,,,,,,,,,,,,,,,,,,,,,,,,,,
lim---001gye,Gyeong-Hun Lim,1989-08-30,,LIM|gyeonghun,LIM|gyonghon,1989-08-30,1989,no_match,,,,,,,,,,,,,,,,,,,,,,,,,,
cho---004yon,Yong Ho Cho,1989-09-09,,CHO|hoyong,CHO|hoyong,1989-09-09,1989,no_match,,,,,,,,,,,,,,,,,,,,,,,,,,
min---000seo,Tae Ho Min,1989-09-12,,MIN|hotae,MIN|deho,1989-09-12,1989,no_match,,,,,,,,,,,,,,,,,,,,,,,,,,
seo---000san,Sang Woo Seo,1989-09-17,,SEO|sangwoo,SEO|sangwo,1989-09-17,1989,no_match,,,,,,,,,,,,,,,,,,,,,,,,,,
choi--000don,Dong Hwan Choi,1989-09-19,,CHOI|donghwan,CHOI|donghwan,1989-09-19,1989,no_match,,,,,,,,,,,,,,,,,,,,,,,,,,
park--001ji-,Ji Hoon Park,1989-09-21,,PARK|hoonji,PARK|honji,1989-09-21,1989,no_match,,,,,,,,,,,,,,,,,,,,,,,,,,
cho---000deo,Seong Woon Jo,1989-10-02,,CHO|seongwoon,CHO|songwon,1989-10-02,1989,no_match,,,,,,,,,,,,,,,,,,,,,,,,,,
na----000sun,Sung Bum Na,1989-10-03,"Gwangju, KR",NA|bumsung,NA|bomsong,1989-10-03,1989,no_match,,,,,,,,,,,,,,,,,,,,,,,,,,
guk---000hae,Hae Seong Kook,1989-10-08,,SUNG|haekook,SUNG|goghe,1989-10-08,1989,no_match,,,,,,,,,,,,,,,,,,,,,,,,,,
choi--001sun,Sung Hoon Choi,1989-10-11,,CHOI|hoonsung,CHOI|honsong,1989-10-11,1989,no_match,,,,,,,,,,,,,,,,,,,,,,,,,,
no----000sun,Sung Ho No,1989-10-22,,NOH|hosung,NOH|hosong,1989-10-22,1989,no_match,,,,,,,,,,,,,,,,,,,,,,,,,,
kim---006won,Won-seok Kim,1989-10-29,KR,KIM|seokwon,KIM|sogwon,1989-10-29,1989,no_match,,,,,,,,,,,,,,,,,,,,,,,,,,
han---000hui,Hui Han,1989-11-11,,HAN|hui,HAN|hi,1989-11-11,1989,no_match,,,,,,,,,,,,,,,,,,,,,,,,,,
shin--001jae,Jae Young Shin,1989-11-18,,SHIN|jaeyoung,SHIN|jeyong,1989-11-18,1989,no_match,,,,,,,,,,,,,,,,,,,,,,,,,,
yoo---000won,Won Suk Ryu,1989-11-18,,RYU|sukwon,RYU|sogwon,1989-11-18,1989,no_match,,,,,,,,,,,,,,,,,,,,,,,,,,
park--002san,Sang-hyun Park,1989-11-22,,PARK|hyunsang,PARK|hyonsang,1989-11-22,1989,no_match,,,,,,,,,,,,,,,,,,,,,,,,,,
moon--000seu,Seung Won Moon,1989-11-28,,MOON|seungwon,MOON|songwon,1989-11-28,1989,no_match,,,,,,,,,,,,,,,,,,,,,,,,,,
an----001jun,Jeong Gwang An,1989-11-29,,AHN|gwangjeong,AHN|gwangjong,1989-11-29,1989,no_match,,,,,,,,,,,,,,,,,,,,,,,,,,
woo---000don,Dong-gyun Woo,1989-12-03,,WOO|donggyun,WOO|donggyon,1989-12-03,1989,no_match,,,,,,,,,,,,,,,,,,,,,,,,,,
hwang-001jun,Jung Lip Hwang,1989-12-14,,HWANG|junglip,HWANG|jonglib,1989-12-14,1989,no_match,,,,,,,,,,,,,,,,,,,,,,,,,,
seong-000ui-,Eui Jun Sung,1989-12-17,,JEON|euisung,JEON|isong,1989-12-17,1989,no_match,,,,,,,,,,,,,,,,,,,,,,,,,,
kim---002seo,Sun Bin Kim,1989-12-18,,KIM|binsun,KIM|binson,1989-12-18,1989,no_match,,,,,,,,,,,,,,,,,,,,,,,,,,
kim---003tae,Tae-gun Kim,1989-12-30,KR,KIM|guntae,KIM|degon,1989-12-30,1989,no_match,,,,,,,,,,,,,,,,,,,,,,,,,,
ko----002yeo,Jang Hyeok Ko,1990-01-08,,KO|hyeokjang,KO|hyogjang,1990-01-08,1990,no_match,,,,,,,,,,,,,,,,,,,,,,,,,,
park--000sae,Sei Hyok Park,1990-01-09,,PARK|hyoksei,PARK|hyogsei,1990-01-09,1990,no_match,,,,,,,,,,,,,,,,,,,,,,,,,,
jang--001sun,Sung-Woo Jang,1990-01-17,"Busan, KR",JANG|sungwoo,JANG|songwo,1990-01-17,1990,no_match,,,,,,,,,,,,,,,,,,,,,,,,,,
jeong-000cha,Chan Heon Jeong,1990-01-26,,JUNG|chanheon,JUNG|honjan,1990-01-26,1990,no_match,,,,,,,,,,,,,,,,,,,,,,,,,,
chae--000weu,Eun Seong Chae,1990-02-06,,CHAE|eunseong,CHAE|onsong,1990-02-06,1990,no_match,,,,,,,,,,,,,,,,,,,,,,,,,,
park--004jin,Jin Woo Park,1990-02-12,,PARK|jinwoo,PARK|jinwo,1990-02-12,1990,no_match,,,,,,,,,,,,,,,,,,,,,,,,,,
hong--000san,Sang Sam Hong,1990-02-13,,HONG|samsang,HONG|samsang,1990-02-13,1990,no_match,,,,,,,,,,,,,,,,,,,,,,,,,,
no----000jin,Jin-yong No,1990-02-15,,NOH|jinyong,NOH|jinyong,1990-02-15,1990,no_match,,,,,,,,,,,,,,,,,,,,,,,,,,
kang--000jan,Jang San Kang,1990-02-16,,KANG|jangsan,KANG|jangsan,1990-02-16,1990,no_match,,,,,,,,,,,,,,,,,,,,,,,,,,
ho----004jun,Jung Heop Huh,1990-02-17,,HEO|heopjung,HEO|hobjong,1990-02-17,1990,no_match,,,,,,,,,,,,,,,,,,,,,,,,,,
yoon--000yeo,Soo Kang Yoon,1990-02-22,,YOON|kangsoo,YOON|gangso,1990-02-22,1990,no_match,,,,,,,,,,,,,,,,,,,,,,,,,,
cho---001hon,Hong-Seok Cho,1990-02-23,,CHO|hongseok,CHO|hongsog,1990-02-23,1990,no_match,,,,,,,,,,,,,,,,,,,,,,,,,,
park--000hae,Hae Min Park,1990-02-24,"Seoul, KR",PARK|haemin,PARK|hemin,1990-02-24,1990,no_match,,,,,,,,,,,,,,,,,,,,,,,,,,
kim---000hee,Hee Suk Kim,1990-02-25,,KIM|heesuk,KIM|hisog,1990-02-25,1990,no_match,,,,,,,,,,,,,,,,,,,,,,,,,,
park--001san,Sang Hyeok Park,1990-03-07,,PARK|hyeoksang,PARK|hyogsang,1990-03-07,1990,no_match,,,,,,,,,,,,,,,,,,,,,,,,,,
oh----000ji-,Ji Hwan Oh,1990-03-12,KR,OH|hwanji,OH|hwanji,1990-03-12,1990,no_match,,,,,,,,,,,,,,,,,,,,,,,,,,
jang--001min,Min Je Jang,1990-03-19,,JANG|jemin,JANG|jemin,1990-03-19,1990,no_match,,,,,,,,,,,,,,,,,,,,,,,,,,
kim---008san,Sang-soo Kim,1990-03-23,"Daegu, KR",KIM|sangsoo,KIM|sangso,1990-03-23,1990,no_match,,,,,,,,,,,,,,,,,,,,,,,,,,
park--000in-,In Sung Park,1990-03-23,,PARK|insung,PARK|insong,1990-03-23,1990,no_match,,,,,,,,,,,,,,,,,,,,,,,,,,
lee---012seo,Sung Min Lee,1990-03-30,,LEE|minsung,LEE|minsong,1990-03-30,1990,no_match,,,,,,,,,,,,,,,,,,,,,,,,,,
jung--001su-,Su-Min Jung,1990-04-01,"Gim Hae City, KR",JUNG|minsu,JUNG|minso,1990-04-01,1990,no_match,,,,,,,,,,,,,,,,,,,,,,,,,,
park--000don,Dong Won Park,1990-04-07,"Busan, KR",PARK|dongwon,PARK|dongwon,1990-04-07,1990,no_match,,,,,,,,,,,,,,,,,,,,,,,,,,
lim---001jon,Jong-Hyeok Lim,1990-04-07,KR,LIM|hyeokjong,LIM|hyogjong,1990-04-07,1990,no_match,,,,,,,,,,,,,,,,,,,,,,,,,,
lim---001jeo,Jung Ho Lim,1990-04-16,,LIM|hojung,LIM|hojong,1990-04-16,1990,no_match,,,,,,,,,,,,,,,,,,,,,,,,,,
oh----000su-,Su-ho Oh,1990-04-20,,OH|hosu,OH|hoso,1990-04-20,1990,no_match,,,,,,,,,,,,,,,,,,,,,,,,,,
jeong-000sun,Sung-cheol Chung,1990-04-21,,JUNG|cheolsung,JUNG|jolsong,1990-04-21,1990,no_match,,,,,,,,,,,,,,,,,,,,,,,,,,
yoon--000seo,Seok Joo Yoon,1990-04-27,,YOON|jooseok,YOON|josog,1990-04-27,1990,no_match,,,,,,,,,,,,,,,,,,,,,,,,,,
jang--000yeo,Young Suk Jang,1990-05-14,,JANG|sukyoung,JANG|sogyong,1990-05-14,1990,no_match,,,,,,,,,,,,,,,,,,,,,,,,,,
cho---000kun,Kun Chong Cho,1990-05-16,,CHO|chongkun,CHO|gonjong,1990-05-16,1990,no_match,,,,,,,,,,,,,,,,,,,,,,,,,,
kim---006tae,Tae Hoon Kim,1990-05-19,,KIM|hoontae,KIM|dehon,1990-05-19,1990,no_match,,,,,,,,,,,,,,,,,,,,,,,,,,
mun---000seo,Seon Jae Moon,1990-05-20,,MOON|jaeseon,MOON|jeson,1990-05-20,1990,no_match,,,,,,,,,,,,,,,,,,,,,,,,,,
rojas-002mel,Mel Rojas,1990-05-24,"Indianapolis, IN, US",|melrojas,|lojasmel,1990-05-24,1990,no_match,,,,,,,,,,,,,,,,,,,,,,,,,,
jeon--000in-,In Whan Jeon,1990-06-04,,JEON|inwhan,JEON|inwhan,1990-06-04,1990,no_match,,,,,,,,,,,,,,,,,,,,,,,,,,
kim---001jin,Jin Hyung Kim,1990-06-07,,KIM|hyungjin,KIM|hyongjin,1990-06-07,1990,no_match,,,,,,,,,,,,,,,,,,,,,,,,,,
cho---001seo,Seung Soo Cho,1990-06-09,,CHO|seungsoo,CHO|sosong,1990-06-09,1990,no_match,,,,,,,,,,,,,,,,,,,,,,,,,,
koo---000seu,Seung Min Koo,1990-06-12,,KOO|minseung,KOO|minsong,1990-06-12,1990,no_match,,,,,,,,,,,,,,,,,,,,,,,,,,
park--000eu-,Eu Tteum Park,1990-06-14,,PARK|eutteum,PARK|domo,1990-06-14,1990,no_match,,,,,,,,,,,,,,,,,,,,,,,,,,
ko----000won,Won Jun Ko,1990-06-23,,KO|junwon,KO|jonwon,1990-06-23,1990,no_match,,,,,,,,,,,,,,,,,,,,,,,,,,
sung--000yeo,Yung Hoon Sung,1990-06-24,,SUNG|hoonyung,SUNG|honyong,1990-06-24,1990,no_match,,,,,,,,,,,,,,,,,,,,,,,,,,
seo---001yon,Young Joo Seo,1990-06-30,,SEO|jooyoung,SEO|joyong,1990-06-30,1990,no_match,,,,,,,,,,,,,,,,,,,,,,,,,,
an----000chi,Chi Hong An,1990-07-02,,AHN|chihong,AHN|hongji,1990-07-02,1990,no_match,,,,,,,,,,,,,,,,,,,,,,,,,,
lee---003tae,Tae Yang Lee,1990-07-03,,LEE|taeyang,LEE|deyang,1990-07-03,1990,no_match,,,,,,,,,,,,,,,,,,,,,,,,,,
jeong-000yon,Yong Woon Jung,1990-07-06,,JUNG|woonyong,JUNG|wonyong,1990-07-06,1990,no_match,,,,,,,,,,,,,,,,,,,,,,,,,,
paek--003seu,Seung Min Back,1990-07-09,,BAEK|minseung,BAEK|minsong,1990-07-09,1990,no_match,,,,,,,,,,,,,,,,,,,,,,,,,,
kang--000yoo,Yoon Goo Kang,1990-07-10,,KANG|gooyoon,KANG|goyon,1990-07-10,1990,no_match,,,,,,,,,,,,,,,,,,,,,,,,,,
kim---014don,Dong-Yub Kim,1990-07-24,"Chungcheongnam, KR",KIM|dongyub,KIM|dongyob,1990-07-24,1990,no_match,,,,,,,,,,,,,,,,,,,,,,,,,,
choi--001jae,Jae Won Choi,1990-07-30,,CHOI|jaewon,CHOI|jewon,1990-07-30,1990,no_match,,,,,,,,,,,,,,,,,,,,,,,,,,
choi--000sun,Sung-min Choi,1990-07-31,,CHOI|minsung,CHOI|minsong,1990-07-31,1990,no_match,,,,,,,,,,,,,,,,,,,,,,,,,,
no----000soo,Soo Kwang Ro,1990-08-06,,NOH|kwangsoo,NOH|gwangso,1990-08-06,1990,no_match,,,,,,,,,,,,,,,,,,,,,,,,,,
cho---004jun,Jung-Won Cho,1990-08-10,,CHO|jungwon,CHO|jongwon,1990-08-10,1990,no_match,,,,,,,,,,,,,,,,,,,,,,,,,,
heo---000kye,Kyeong-min Ho,1990-08-26,KR,MIN|hokyeong,MIN|gyongho,1990-08-26,1990,no_match,,,,,,,,,,,,,,,,,,,,,,,,,,
yoon--000joo,Joong-hwan Yoon,1990-09-07,,YOON|hwanjoong,YOON|hwanjong,1990-09-07,1990,no_match,,,,,,,,,,,,,,,,,,,,,,,,,,
park--000geo,Kun Woo Park,1990-09-08,"Seoul, KR",PARK|kunwoo,PARK|gonwo,1990-09-08,1990,no_match,,,,,,,,,,,,,,,,,,,,,,,,,,
park--000min,Min Gyu Park,1990-09-12,,PARK|gyumin,PARK|gyomin,1990-09-12,1990,no_match,,,,,,,,,,,,,,,,,,,,,,,,,,
kim---002jae,Jae Yun Kim,1990-09-16,"Seoul, KR",KIM|jaeyun,KIM|jeyon,1990-09-16,1990,no_match,,,,,,,,,,,,,,,,,,,,,,,,,,
paek--000min,Dong Hoon Baek,1990-09-16,,BAEK|donghoon,BAEK|donghon,1990-09-16,1990,no_match,,,,,,,,,,,,,,,,,,,,,,,,,,
ho----000jun,Jun Heok Huh,1990-09-30,,HEO|heokjun,HEO|hogjon,1990-09-30,1990,no_match,,,,,,,,,,,,,,,,,,,,,,,,,,
lee---001jae,Jae Hak Lee,1990-10-04,,LEE|hakjae,LEE|hagje,1990-10-04,1990,no_match,,,,,,,,,,,,,,,,,,,,,,,,,,
jeong-000soo,Soo Bin Jung,1990-10-07,"Suwon, Gyeonggi-do, KR",JUNG|binsoo,JUNG|binso,1990-10-07,1990,no_match,,,,,,,,,,,,,,,,,,,,,,,,,,
yoon--000kan,Kang Min Yun,1990-10-08,,YOON|kangmin,YOON|gangmin,1990-10-08,1990,no_match,,,,,,,,,,,,,,,,,,,,,,,,,,
yang--000jon,Jong Min Yang,1990-10-09,,YANG|jongmin,YANG|jongmin,1990-10-09,1990,no_match,,,,,,,,,,,,,,,,,,,,,,,,,,
jeong-000ju-,Ju Hyeon Jung,1990-10-13,,JUNG|hyeonju,JUNG|hyonjo,1990-10-13,1990,no_match,,,,,,,,,,,,,,,,,,,,,,,,,,
ko----000do-,Do Hyeon Ko,1990-10-13,,KO|dohyeon,KO|dohyon,1990-10-13,1990,no_match,,,,,,,,,,,,,,,,,,,,,,,,,,
shin--000son,Seong Hyun Shin,1990-10-19,,SHIN|hyunseong,SHIN|hyonsong,1990-10-19,1990,no_match,,,,,,,,,,,,,,,,,,,,,,,,,,
kang--000chi,Ji Kwang Kang,1990-10-23,,KANG|jikwang,KANG|gwangji,1990-10-23,1990,no_match,,,,,,,,,,,,,,,,,,,,,,,,,,
yoon--000hyo,Hyo-seop Yoon,1990-10-24,,YOON|hyoseop,YOON|hyosob,1990-10-24,1990,no_match,,,,,,,,,,,,,,,,,,,,,,,,,,
ha----001jae,Jae-Hoon Ha,1990-10-29,"Jin Ju City, KR",HA|hoonjae,HA|honje,1990-10-29,1990,no_match,,,,,,,,,,,,,,,,,,,,,,,,,,
lee---022san,Sang Min Lee,1990-11-04,,LEE|minsang,LEE|minsang,1990-11-04,1990,no_match,,,,,,,,,,,,,,,,,,,,,,,,,,
lee---001hak,Hak-Ju Lee,1990-11-04,"Seoul, KR",LEE|hakju,LEE|hagjo,1990-11-04,1990,no_match,,,,,,,,,,,,,,,,,,,,,,,,,,
kim---020don,Dong Eun Kim,1990-11-13,,KIM|dongeun,KIM|dongon,1990-11-13,1990,no_match,,,,,,,,,,,,,,,,,,,,,,,,,,
koo---000ja-,Ja Hyung Koo,1990-11-30,,KOO|hyungja,KOO|hyongja,1990-11-30,1990,no_match,,,,,,,,,,,,,,,,,,,,,,,,,,
kim---002byu,Byung Hee Kim,1990-12-06,,KIM|byunghee,KIM|byonghi,1990-12-06,1990,no_match,,,,,,,,,,,,,,,,,,,,,,,,,,
lee---002hon,Hong Ku Lee,1990-12-11,,LEE|hongku,LEE|gohong,1990-12-11,1990,no_match,,,,,,,,,,,,,,,,,,,,,,,,,,
an----001sun,Sung Mou An,1990-12-14,,AHN|mousung,AHN|mosong,1990-12-14,1990,no_match,,,,,,,,,,,,,,,,,,,,,,,,,,
jeong-002in-,In Wook Jung,1990-12-18,,JUNG|inwook,JUNG|inwog,1990-12-18,1990,no_match,,,,,,,,,,,,,,,,,,,,,,,,,,
son---001jeo,Jung Wook Son,1990-12-24,,SON|jungwook,SON|jongwog,1990-12-24,1990,no_match,,,,,,,,,,,,,,,,,,,,,,,,,,
kwon--000hee,Hui Dong Kwon,1990-12-30,,KWON|donghui,KWON|donghi,1990-12-30,1990,no_match,,,,,,,,,,,,,,,,,,,,,,,,,,
hong--000yeo,Young Hyun Hong,1991-01-07,,HONG|hyunyoung,HONG|hyonyong,1991-01-07,1991,no_match,,,,,,,,,,,,,,,,,,,,,,,,,,
park--000joo,Jun Hyuck Park,1991-01-09,,PARK|hyuckjun,PARK|hyogjon,1991-01-09,1991,no_match,,,,,,,,,,,,,,,,,,,,,,,,,,
park--003che,Chul Woo Park,1991-01-19,,PARK|chulwoo,PARK|jolwo,1991-01-19,1991,no_match,,,,,,,,,,,,,,,,,,,,,,,,,,
kim---006jun,Jun Wan Kim,1991-01-20,,KIM|junwan,KIM|jonwan,1991-01-20,1991,no_match,,,,,,,,,,,,,,,,,,,,,,,,,,
jeong-003hye,Hyung Sik Jung,1991-01-28,,JUNG|hyungsik,JUNG|hyongsig,1991-01-28,1991,no_match,,,,,,,,,,,,,,,,,,,,,,,,,,
kim---021jae,Jae Min Kim,1991-01-28,,KIM|jaemin,KIM|jemin,1991-01-28,1991,no_match,,,,,,,,,,,,,,,,,,,,,,,,,,
jang--000min,Min-ik Chang,1991-02-05,,JANG|ikmin,JANG|igmin,1991-02-05,1991,no_match,,,,,,,,,,,,,,,,,,,,,,,,,,
kim---000kyu,Kyung Tae Kim,1991-02-28,,KIM|kyungtae,KIM|degyong,1991-02-28,1991,no_match,,,,,,,,,,,,,,,,,,,,,,,,,,
kim---015min,Min Su Kim,1991-03-02,,KIM|minsu,KIM|minso,1991-03-02,1991,no_match,,,,,,,,,,,,,,,,,,,,,,,,,,
lee---012cha,Chang Jin Lee,1991-03-04,,LEE|changjin,LEE|jangjin,1991-03-04,1991,no_match,,,,,,,,,,,,,,,,,,,,,,,,,,
nam---001tae,Tae-Hyeok Nam,1991-03-13,"Seoul, KR",NAM|hyeoktae,NAM|dehyog,1991-03-13,1991,no_match,,,,,,,,,,,,,,,,,,,,,,,,,,
moon--002cha,Chan Moon,1991-03-23,"Seoul, KR",MOON|chan,MOON|jan,1991-03-23,1991,no_match,,,,,,,,,,,,,,,,,,,,,,,,,,
lim---000jun,Jung-Woo Lim,1991-04-02,KR,LIM|jungwoo,LIM|jongwo,1991-04-02,1991,no_match,,,,,,,,,,,,,,,,,,,,,,,,,,
moon--000san,Sang Chul Moon,1991-04-06,,MOON|chulsang,MOON|jolsang,1991-04-06,1991,no_match,,,,,,,,,,,,,,,,,,,,,,,,,,
lee---001eun,Eun Chong Lee,1991-04-16,,LEE|chongeun,LEE|jongon,1991-04-16,1991,no_match,,,,,,,,,,,,,,,,,,,,,,,,,,
chung-000gwa,Kwang Un Jeong,1991-04-21,,JUNG|kwangun,JUNG|gwangon,1991-04-21,1991,no_match,,,,,,,,,,,,,,,,,,,,,,,,,,
lee---006jun,Jung-hoon Lee,1991-04-27,,LEE|hoonjung,LEE|honjong,1991-04-27,1991,no_match,,,,,,,,,,,,,,,,,,,,,,,,,,
kim---003dae,Dae Yu Kim,1991-05-08,,KIM|daeyu,KIM|deyo,1991-05-08,1991,no_match,,,,,,,,,,,,,,,,,,,,,,,,,,
kim---008cha,Chang-hyeok Kim,1991-05-17,,KIM|changhyeok,KIM|hyogjang,1991-05-17,1991,no_match,,,,,,,,,,,,,,,,,,,,,,,,,,
im----000jae,Jae Hyun Lim,1991-05-29,,LIM|hyunjae,LIM|hyonje,1991-05-29,1991,no_match,,,,,,,,,,,,,,,,,,,,,,,,,,
kim---001hak,Hak-Seong Kim,1991-06-15,,KIM|hakseong,KIM|hagsong,1991-06-15,1991,no_match,,,,,,,,,,,,,,,,,,,,,,,,,,
lee---002in-,In Bok Lee,1991-06-18,KR,LEE|bokin,LEE|bogin,1991-06-18,1991,no_match,,,,,,,,,,,,,,,,,,,,,,,,,,
an----000seu,Seung-min Ahn,1991-06-21,,AHN|minseung,AHN|minsong,1991-06-21,1991,no_match,,,,,,,,,,,,,,,,,,,,,,,,,,
lee---001in-,In Haeng Lee,1991-06-30,,LEE|haengin,LEE|hengin,1991-06-30,1991,no_match,,,,,,,,,,,,,,,,,,,,,,,,,,
yu----000kyu,Kyeong Kuk Yoo,1991-07-12,,RYU|kukkyeong,RYU|goggyong,1991-07-12,1991,no_match,,,,,,,,,,,,,,,,,,,,,,,,,,
choi--001yon,Yong Je Choi,1991-07-12,,CHOI|jeyong,CHOI|jeyong,1991-07-12,1991,no_match,,,,,,,,,,,,,,,,,,,,,,,,,,
yang--001seo,Suk Hwan Yang,1991-07-15,,YANG|hwansuk,YANG|hwansog,1991-07-15,1991,no_match,,,,,,,,,,,,,,,,,,,,,,,,,,
jung--000dae,Dae Hyun Chung,1991-07-19,,JUNG|daehyun,JUNG|dehyon,1991-07-19,1991,no_match,,,,,,,,,,,,,,,,,,,,,,,,,,
yang--000won,Won Hyuk Yang,1991-07-21,,YANG|hyukwon,YANG|hyogwon,1991-07-21,1991,no_match,,,,,,,,,,,,,,,,,,,,,,,,,,
hwang-000in-,In Jun Hwang,1991-07-23,,HWANG|injun,HWANG|injon,1991-07-23,1991,no_match,,,,,,,,,,,,,,,,,,,,,,,,,,
park--005jun,Jun Tae Park,1991-07-26,,PARK|juntae,PARK|dejon,1991-07-26,1991,no_match,,,,,,,,,,,,,,,,,,,,,,,,,,
bae---001min,Min Gwan Bae,1991-07-29,,BAE|gwanmin,BAE|gwanmin,1991-07-29,1991,no_match,,,,,,,,,,,,,,,,,,,,,,,,,,
moon--000sun,Sun Yeop Moon,1991-07-31,,MOON|sunyeop,MOON|sonyob,1991-07-31,1991,no_match,,,,,,,,,,,,,,,,,,,,,,,,,,
song--001min,Min Sub Song,1991-08-02,,SONG|minsub,SONG|minsob,1991-08-02,1991,no_match,,,,,,,,,,,,,,,,,,,,,,,,,,
lee---009jeo,Jeong-Dam Lee,1991-08-05,,LEE|damjeong,LEE|damjong,1991-08-05,1991,no_match,,,,,,,,,,,,,,,,,,,,,,,,,,
park--001jon,Jong Hun Park,1991-08-13,,PARK|hunjong,PARK|honjong,1991-08-13,1991,no_match,,,,,,,,,,,,,,,,,,,,,,,,,,
lee---001jee,Jee-chan Lee,1991-08-19,,LEE|chanjee,LEE|janji,1991-08-19,1991,no_match,,,,,,,,,,,,,,,,,,,,,,,,,,
kim---020jae,Jae Hyun Kim,1991-08-30,,KIM|hyunjae,KIM|hyonje,1991-08-30,1991,no_match,,,,,,,,,,,,,,,,,,,,,,,,,,
hwang-000soo,Soo Hyun Hwang,1991-08-31,,HWANG|hyunsoo,HWANG|hyonso,1991-08-31,1991,no_match,,,,,,,,,,,,,,,,,,,,,,,,,,
kim---001seo,Seon Gi Kim,1991-09-01,"Cheongju-City, KR",KIM|giseon,KIM|gison,1991-09-01,1991,no_match,,,,,,,,,,,,,,,,,,,,,,,,,,
shim--000kyu,Gyu Beom Sim,1991-09-04,,SHIM|beomgyu,SHIM|bomgyo,1991-09-04,1991,no_match,,,,,,,,,,,,,,,,,,,,,,,,,,
lee---013cha,Chang Yeol Lee,1991-09-06,,LEE|changyeol,LEE|jangyol,1991-09-06,1991,no_match,,,,,,,,,,,,,,,,,,,,,,,,,,
kang--000han,Han Wool Kang,1991-09-12,,KANG|hanwool,KANG|hanwol,1991-09-12,1991,no_match,,,,,,,,,,,,,,,,,,,,,,,,,,
im----000gyu,Gyu Bin Lim,1991-09-12,,LIM|bingyu,LIM|bingyo,1991-09-12,1991,no_match,,,,,,,,,,,,,,,,,,,,,,,,,,
ko----000you,Young Pyo Ko,1991-09-16,KR,KO|pyoyoung,KO|byoyong,1991-09-16,1991,no_match,,,,,,,,,,,,,,,,,,,,,,,,,,
shim--000don,Dong Sub Sim,1991-09-20,,SHIM|dongsub,SHIM|dongsob,1991-09-20,1991,no_match,,,,,,,,,,,,,,,,,,,,,,,,,,
cho---001moo,Mu Geun Cho,1991-09-26,,CHO|geunmu,CHO|gonmo,1991-09-26,1991,no_match,,,,,,,,,,,,,,,,,,,,,,,,,,
chung-000san,Sang-Gyo Chung,1991-10-01,,JUNG|gyosang,JUNG|gyosang,1991-10-01,1991,no_match,,,,,,,,,,,,,,,,,,,,,,,,,,
kim---003jun,Geon Tae Kim,1991-10-02,,KIM|geontae,KIM|degon,1991-10-02,1991,no_match,,,,,,,,,,,,,,,,,,,,,,,,,,
yim---000ki-,Ki Jun Lim,1991-10-08,,LIM|junki,LIM|gijon,1991-10-08,1991,no_match,,,,,,,,,,,,,,,,,,,,,,,,,,
lee---001you,Young Jun Lee,1991-10-10,,LEE|junyoung,LEE|jonyong,1991-10-10,1991,no_match,,,,,,,,,,,,,,,,,,,,,,,,,,
park--000jee,Jee-kyu Park,1991-10-12,,PARK|jeekyu,PARK|gyoji,1991-10-12,1991,no_match,,,,,,,,,,,,,,,,,,,,,,,,,,
shin--001jin,Jin-Ho Shin,1991-10-20,"Hwasun-gun, KR",SHIN|hojin,SHIN|hojin,1991-10-20,1991,no_match,,,,,,,,,,,,,,,,,,,,,,,,,,
kim---000weu,Eung Min Kim,1991-10-22,,KIM|eungmin,KIM|minong,1991-10-22,1991,no_match,,,,,,,,,,,,,,,,,,,,,,,,,,
kim---012jae,Jae-woo Kim,1991-10-22,,KIM|jaewoo,KIM|jewo,1991-10-22,1991,no_match,,,,,,,,,,,,,,,,,,,,,,,,,,
kim---000yon,Yong Joo Kim,1991-10-23,,KIM|jooyong,KIM|joyong,1991-10-23,1991,no_match,,,,,,,,,,,,,,,,,,,,,,,,,,
moon--001sun,Sung Hyun Moon,1991-11-09,,MOON|hyunsung,MOON|hyonsong,1991-11-09,1991,no_match,,,,,,,,,,,,,,,,,,,,,,,,,,
kim---008gwa,Gwang-Yeon Kim,1991-11-13,,KIM|gwangyeon,KIM|gwangyon,1991-11-13,1991,no_match,,,,,,,,,,,,,,,,,,,,,,,,,,
oh----002seu,Tae Gon Oh,1991-11-18,,OH|gontae,OH|degon,1991-11-18,1991,no_match,,,,,,,,,,,,,,,,,,,,,,,,,,
rodrig001ade,Aderlin Rodríguez,1991-11-18,"Santo Domingo, Distrito Nacional, DO",|aderlinrodriguez,|adelinlodligoez,1991-11-18,1991,no_match,,,,,,,,,,,,,,,,,,,,,,,,,,
lee---006seu,Seung Hyun Lee,1991-11-20,KR,LEE|hyunseung,LEE|hyonsong,1991-11-20,1991,no_match,,,,,,,,,,,,,,,,,,,,,,,,,,
choi--000seo,Seon-ho Choi,1991-12-12,,CHOI|hoseon,CHOI|hoson,1991-12-12,1991,no_match,,,,,,,,,,,,,,,,,,,,,,,,,,
na----001kyu,Kyung-Min Na,1991-12-12,"Seoul, KR",NA|kyungmin,NA|gyongmin,1991-12-12,1991,no_match,,,,,,,,,,,,,,,,,,,,,,,,,,
jung--000jin,Jin Cheol Jung,1991-12-28,,JUNG|cheoljin,JUNG|jinjol,1991-12-28,1991,no_match,,,,,,,,,,,,,,,,,,,,,,,,,,
kang--000byu,Byung-ui Kang,1992-01-02,,KANG|byungui,KANG|byongi,1992-01-02,1992,no_match,,,,,,,,,,,,,,,,,,,,,,,,,,
kim---000hoe,Ho Eun Kim,1992-01-03,,KIM|eunho,KIM|hoon,1992-01-03,1992,no_match,,,,,,,,,,,,,,,,,,,,,,,,,,
moon--000don,Dong Wook Moon,1992-01-07,,MOON|dongwook,MOON|dongwog,1992-01-07,1992,no_match,,,,,,,,,,,,,,,,,,,,,,,,,,
kang--004min,Min Kook Kang,1992-01-10,,KANG|kookmin,KANG|gogmin,1992-01-10,1992,no_match,,,,,,,,,,,,,,,,,,,,,,,,,,
seo---000gyu,Kyun Seo,1992-01-11,,SEO|kyun,SEO|gyon,1992-01-11,1992,no_match,,,,,,,,,,,,,,,,,,,,,,,,,,
ahn---000seu,Seung Han Ahn,1992-01-25,,AHN|hanseung,AHN|hansong,1992-01-25,1992,no_match,,,,,,,,,,,,,,,,,,,,,,,,,,
lee---004kev,Kevin Lee,1992-02-13,,LEE|kevin,LEE|gevin,1992-02-13,1992,no_match,,,,,,,,,,,,,,,,,,,,,,,,,,
cho---003sun,Sung Mo Cho,1992-02-14,,CHO|mosung,CHO|mosong,1992-02-14,1992,no_match,,,,,,,,,,,,,,,,,,,,,,,,,,
choi--001yeo,Yeong Hwan Choi,1992-02-20,,CHOI|hwanyeong,CHOI|hwanyong,1992-02-20,1992,no_match,,,,,,,,,,,,,,,,,,,,,,,,,,
lee---005sun,Sung-Jin Lee,1992-02-23,,LEE|jinsung,LEE|jinsong,1992-02-23,1992,no_match,,,,,,,,,,,,,,,,,,,,,,,,,,
oh----000yoo,Yoon Suk Oh,1992-02-24,,YOON|ohsuk,YOON|osog,1992-02-24,1992,no_match,,,,,,,,,,,,,,,,,,,,,,,,,,
park--003min,Min Ho Park,1992-02-25,,PARK|homin,PARK|homin,1992-02-25,1992,no_match,,,,,,,,,,,,,,,,,,,,,,,,,,
kim---016don,Tae Hoon Kim,1992-03-02,,KIM|hoontae,KIM|dehon,1992-03-02,1992,no_match,,,,,,,,,,,,,,,,,,,,,,,,,,
moon--000jae,Jae Hyun Moon,1992-03-06,,MOON|hyunjae,MOON|hyonje,1992-03-06,1992,no_match,,,,,,,,,,,,,,,,,,,,,,,,,,
moon--000woo,Woo-Ram Moon,1992-03-08,,MOON|ramwoo,MOON|lamwo,1992-03-08,1992,no_match,,,,,,,,,,,,,,,,,,,,,,,,,,
park--002gye,Gye-Hyun Park,1992-03-08,,PARK|gyehyun,PARK|gyehyon,1992-03-08,1992,no_match,,,,,,,,,,,,,,,,,,,,,,,,,,
oh----000joo,Jun Hyeok Oh,1992-03-11,,JEON|hyeokoh,JEON|hyogo,1992-03-11,1992,no_match,,,,,,,,,,,,,,,,,,,,,,,,,,
yoon--002yeo,Young Soo Yoon,1992-03-11,,YOON|sooyoung,YOON|soyong,1992-03-11,1992,no_match,,,,,,,,,,,,,,,,,,,,,,,,,,
choi--001min,Min Gu Choi,1992-03-17,,CHOI|gumin,CHOI|gomin,1992-03-17,1992,no_match,,,,,,,,,,,,,,,,,,,,,,,,,,
park--005jeo,Jung Jun Park,1992-03-22,,PARK|junjung,PARK|jonjong,1992-03-22,1992,no_match,,,,,,,,,,,,,,,,,,,,,,,,,,
lee---011seo,Sung Kon Lee,1992-03-25,,LEE|konsung,LEE|gonsong,1992-03-25,1992,no_match,,,,,,,,,,,,,,,,,,,,,,,,,,
yu----004jae,Jae-Hyeok Yu,1992-03-29,,RYU|hyeokjae,RYU|hyogje,1992-03-29,1992,no_match,,,,,,,,,,,,,,,,,,,,,,,,,,
kim---009dae,Dae-ryuk Kim,1992-04-03,KR,KIM|daeryuk,KIM|delyog,1992-04-03,1992,no_match,,,,,,,,,,,,,,,,,,,,,,,,,,
lee---010jeo,Jeong-Ho Lee,1992-04-11,,LEE|hojeong,LEE|hojong,1992-04-11,1992,no_match,,,,,,,,,,,,,,,,,,,,,,,,,,
kim---004ji-,Ji-Hoon Kim,1992-04-16,,KIM|hoonji,KIM|honji,1992-04-16,1992,no_match,,,,,,,,,,,,,,,,,,,,,,,,,,
kim---014jin,Jin-Young Kim,1992-04-16,"Seoul, KR",KIM|jinyoung,KIM|jinyong,1992-04-16,1992,no_match,,,,,,,,,,,,,,,,,,,,,,,,,,
kim---003ho-,Ho Ryung Kim,1992-04-30,,KIM|horyung,KIM|holyong,1992-04-30,1992,no_match,,,,,,,,,,,,,,,,,,,,,,,,,,
kang--002don,Lo-han Kang,1992-05-13,KR,KANG|hanlo,KANG|hanlo,1992-05-13,1992,no_match,,,,,,,,,,,,,,,,,,,,,,,,,,
yu----001cha,Chang Sik Yoo,1992-05-15,,RYU|changsik,RYU|jangsig,1992-05-15,1992,no_match,,,,,,,,,,,,,,,,,,,,,,,,,,
lee---009hye,Hyun Seok Lee,1992-06-07,,LEE|hyunseok,LEE|hyonsog,1992-06-07,1992,no_match,,,,,,,,,,,,,,,,,,,,,,,,,,
park--001joo,Jun Pyo Park,1992-06-26,,PARK|junpyo,PARK|byojon,1992-06-26,1992,no_match,,,,,,,,,,,,,,,,,,,,,,,,,,
moon--000kyo,Kyeong Chan Moon,1992-07-08,,MOON|chankyeong,MOON|gyongjan,1992-07-08,1992,no_match,,,,,,,,,,,,,,,,,,,,,,,,,,
yoon--000soo,Soo Ho Yoon,1992-07-09,,YOON|hosoo,YOON|hoso,1992-07-09,1992,no_match,,,,,,,,,,,,,,,,,,,,,,,,,,
kim---005seu,Seung-hyun Kim,1992-07-09,,KIM|hyunseung,KIM|hyonsong,1992-07-09,1992,no_match,,,,,,,,,,,,,,,,,,,,,,,,,,
yoon--001yeo,Young Sam Yoon,1992-07-14,,YOON|samyoung,YOON|samyong,1992-07-14,1992,no_match,,,,,,,,,,,,,,,,,,,,,,,,,,
lee---008hye,Hyun Ho Lee,1992-07-14,,LEE|hohyun,LEE|hohyon,1992-07-14,1992,no_match,,,,,,,,,,,,,,,,,,,,,,,,,,
yoo---000kan,Kang Nam Yoo,1992-07-15,,RYU|kangnam,RYU|gangnam,1992-07-15,1992,no_match,,,,,,,,,,,,,,,,,,,,,,,,,,
yang--004seu,Seung-cheol Yang,1992-07-15,,YANG|cheolseung,YANG|jolsong,1992-07-15,1992,no_match,,,,,,,,,,,,,,,,,,,,,,,,,,
song--000yoo,Yun Jun Song,1992-07-16,,SONG|junyun,SONG|jonyon,1992-07-16,1992,no_match,,,,,,,,,,,,,,,,,,,,,,,,,,
lee---015jon,Jong-seok Lee,1992-07-21,,LEE|jongseok,LEE|jongsog,1992-07-21,1992,no_match,,,,,,,,,,,,,,,,,,,,,,,,,,
kim---019min,Min Su Kim,1992-07-24,,KIM|minsu,KIM|minso,1992-07-24,1992,no_match,,,,,,,,,,,,,,,,,,,,,,,,,,
hong--002seo,Seong-Kap Hong,1992-08-02,,HONG|kapseong,HONG|gabsong,1992-08-02,1992,no_match,,,,,,,,,,,,,,,,,,,,,,,,,,
lee---009yeo,Woo Chan Lee,1992-08-04,,LEE|chanwoo,LEE|janwo,1992-08-04,1992,no_match,,,,,,,,,,,,,,,,,,,,,,,,,,
kim---024jae,Jae Yu Kim,1992-08-07,,KIM|jaeyu,KIM|jeyo,1992-08-07,1992,no_match,,,,,,,,,,,,,,,,,,,,,,,,,,
jeong-001beo,Beom Su Jeong,1992-08-08,,JUNG|beomsu,JUNG|bomso,1992-08-08,1992,no_match,,,,,,,,,,,,,,,,,,,,,,,,,,
lee---004joo,Jun Young Lee,1992-08-10,,LEE|junyoung,LEE|jonyong,1992-08-10,1992,no_match,,,,,,,,,,,,,,,,,,,,,,,,,,
choo--000hye,Hyun Sang Joo,1992-08-10,,JOO|hyunsang,JOO|hyonsang,1992-08-10,1992,no_match,,,,,,,,,,,,,,,,,,,,,,,,,,
kang--002kye,Kyung Hak Kang,1992-08-11,,KANG|hakkyung,KANG|gyonghag,1992-08-11,1992,no_match,,,,,,,,,,,,,,,,,,,,,,,,,,
yang--000hyu,Hyun Yang,1992-08-23,,YANG|hyun,YANG|hyon,1992-08-23,1992,no_match,,,,,,,,,,,,,,,,,,,,,,,,,,
choi--003hye,Hyeon-Jin Choi,1992-09-24,,CHOI|hyeonjin,CHOI|hyonjin,1992-09-24,1992,no_match,,,,,,,,,,,,,,,,,,,,,,,,,,
hong--000keo,Geon Hui Hong,1992-09-29,,HONG|geonhui,HONG|gonhi,1992-09-29,1992,no_match,,,,,,,,,,,,,,,,,,,,,,,,,,
seo---000jin,Jin Yong Seo,1992-10-02,,SEO|jinyong,SEO|jinyong,1992-10-02,1992,no_match,,,,,,,,,,,,,,,,,,,,,,,,,,
chung-001jin,Jin Gi Jeong,1992-10-10,,JUNG|gijin,JUNG|gijin,1992-10-10,1992,no_match,,,,,,,,,,,,,,,,,,,,,,,,,,
lee---000hoj,Ho Jung Lee,1992-10-13,,LEE|hojung,LEE|hojong,1992-10-13,1992,no_match,,,,,,,,,,,,,,,,,,,,,,,,,,
kim---004do-,Do Hyun Kim,1992-10-23,,KIM|dohyun,KIM|dohyon,1992-10-23,1992,no_match,,,,,,,,,,,,,,,,,,,,,,,,,,
kim---004mye,Moung Chan Kim,1992-10-24,,KIM|chanmoung,KIM|janmong,1992-10-24,1992,no_match,,,,,,,,,,,,,,,,,,,,,,,,,,
jeon--000byu,Byung-woo Jeon,1992-10-24,KR,JEON|byungwoo,JEON|byongwo,1992-10-24,1992,no_match,,,,,,,,,,,,,,,,,,,,,,,,,,
park--003sun,Sung-min Park,1992-11-14,,PARK|minsung,PARK|minsong,1992-11-14,1992,no_match,,,,,,,,,,,,,,,,,,,,,,,,,,
kwon--000jeo,Jeong Woong Kwon,1992-11-15,,KWON|jeongwoong,KWON|jongwong,1992-11-15,1992,no_match,,,,,,,,,,,,,,,,,,,,,,,,,,
lim---007cha,Chan Kyu Im,1992-11-20,,LIM|chankyu,LIM|gyojan,1992-11-20,1992,no_match,,,,,,,,,,,,,,,,,,,,,,,,,,
heo---000il-,Il Hor,1992-11-20,KR,|horil,|holil,1992-11-20,1992,no_match,,,,,,,,,,,,,,,,,,,,,,,,,,
choi--005hye,Hyeon-Jong Choi,1992-12-03,,CHOI|hyeonjong,CHOI|hyonjong,1992-12-03,1992,no_match,,,,,,,,,,,,,,,,,,,,,,,,,,
park--000seu,Seung Wook Park,1992-12-04,,PARK|seungwook,PARK|songwog,1992-12-04,1992,no_match,,,,,,,,,,,,,,,,,,,,,,,,,,
kang--001don,Dong Yeon Kang,1992-12-18,,KANG|dongyeon,KANG|dongyon,1992-12-18,1992,no_match,,,,,,,,,,,,,,,,,,,,,,,,,,
lee---015cha,Chang Jae Lee,1992-12-29,,LEE|changjae,LEE|jangje,1992-12-29,1992,no_match,,,,,,,,,,,,,,,,,,,,,,,,,,
han---000seu,Seung Hyuk Han,1993-01-03,,HAN|hyukseung,HAN|hyogsong,1993-01-03,1993,no_match,,,,,,,,,,,,,,,,,,,,,,,,,,
eppler000tyl,Tyler Eppler,1993-01-05,"College Station, TX, US",|epplertyler,|dyleleblel,1993-01-05,1993,no_match,,,,,,,,,,,,,,,,,,,,,,,,,,
hyun--000ki-,Do Hoon Hyun,1993-01-13,,HYUN|dohoon,HYUN|dohon,1993-01-13,1993,no_match,,,,,,,,,,,,,,,,,,,,,,,,,,
hong--005sun,Seong Moo Hong,1993-01-25,,HONG|mooseong,HONG|mosong,1993-01-25,1993,no_match,,,,,,,,,,,,,,,,,,,,,,,,,,
kim---001kyu,Kyu Min Kim,1993-01-26,,KIM|kyumin,KIM|gyomin,1993-01-26,1993,no_match,,,,,,,,,,,,,,,,,,,,,,,,,,
kim---005do-,Do Young Kim,1993-01-26,,KIM|doyoung,KIM|doyong,1993-01-26,1993,no_match,,,,,,,,,,,,,,,,,,,,,,,,,,
lee---006tae,Tae Yang Lee,1993-01-28,,LEE|taeyang,LEE|deyang,1993-01-28,1993,no_match,,,,,,,,,,,,,,,,,,,,,,,,,,
kim---015yeo,Young Hwan Kim,1993-01-31,,KIM|hwanyoung,KIM|hwanyong,1993-01-31,1993,no_match,,,,,,,,,,,,,,,,,,,,,,,,,,
shim--000cha,Chang-Min Shim,1993-02-01,"Pohang, North Gyeongsang, KR",SHIM|changmin,SHIM|jangmin,1993-02-01,1993,no_match,,,,,,,,,,,,,,,,,,,,,,,,,,
kim---003joo,Joo-han Kim,1993-02-03,,KIM|hanjoo,KIM|hanjo,1993-02-03,1993,no_match,,,,,,,,,,,,,,,,,,,,,,,,,,
park--004min,Min Woo Park,1993-02-06,,PARK|minwoo,PARK|minwo,1993-02-06,1993,no_match,,,,,,,,,,,,,,,,,,,,,,,,,,
choi--001woo,Woo Suk Choi,1993-02-06,,CHOI|sukwoo,CHOI|sogwo,1993-02-06,1993,no_match,,,,,,,,,,,,,,,,,,,,,,,,,,
park--004jon,Jong Yoon Park,1993-02-09,,PARK|jongyoon,PARK|jongyon,1993-02-09,1993,no_match,,,,,,,,,,,,,,,,,,,,,,,,,,
lee---006min,Min Woo Lee,1993-02-09,,LEE|minwoo,LEE|minwo,1993-02-09,1993,no_match,,,,,,,,,,,,,,,,,,,,,,,,,,
koo---001ja-,Ja Wook Koo,1993-02-12,"Daegu, KR",KOO|jawook,KOO|jawog,1993-02-12,1993,no_match,,,,,,,,,,,,,,,,,,,,,,,,,,
kim---000eun,Eun Sung Kim,1993-03-07,,KIM|eunsung,KIM|onsong,1993-03-07,1993,no_match,,,,,,,,,,,,,,,,,,,,,,,,,,
do----000tae,Tae Hun Do,1993-03-18,,DO|huntae,DO|dehon,1993-03-18,1993,no_match,,,,,,,,,,,,,,,,,,,,,,,,,,
kim---019jae,Jae Hyun Kim,1993-03-18,,KIM|hyunjae,KIM|hyonje,1993-03-18,1993,no_match,,,,,,,,,,,,,,,,,,,,,,,,,,
lee---007hye,Hyun Dong Lee,1993-03-27,,LEE|donghyun,LEE|donghyon,1993-03-27,1993,no_match,,,,,,,,,,,,,,,,,,,,,,,,,,
kim---003yoo,Yun Dong Kim,1993-04-01,,KIM|dongyun,KIM|dongyon,1993-04-01,1993,no_match,,,,,,,,,,,,,,,,,,,,,,,,,,
byeon-000jin,Si Won Byeon,1993-04-01,,BYUN|siwon,BYUN|siwon,1993-04-01,1993,no_match,,,,,,,,,,,,,,,,,,,,,,,,,,
takeda000sho,Shota Takeda,1993-04-03,"Miyazaki, JP",|shotatakeda,|dagedasoda,1993-04-03,1993,no_match,,,,,,,,,,,,,,,,,,,,,,,,,,
jo----000won,Won-bin Jo,1993-04-10,,CHO|binwon,CHO|binwon,1993-04-10,1993,no_match,,,,,,,,,,,,,,,,,,,,,,,,,,
park--000hun,Heon Wook Park,1993-04-11,,PARK|heonwook,PARK|honwog,1993-04-11,1993,no_match,,,,,,,,,,,,,,,,,,,,,,,,,,
chae--001san,Sang Hyun Chae,1993-04-14,,CHAE|hyunsang,CHAE|hyonsang,1993-04-14,1993,no_match,,,,,,,,,,,,,,,,,,,,,,,,,,
lim---000ki-,Gi Yeong Im,1993-04-16,,LIM|giyeong,LIM|giyong,1993-04-16,1993,no_match,,,,,,,,,,,,,,,,,,,,,,,,,,
an----000gwe,Gweon Su An,1993-04-19,,AHN|gweonsu,AHN|gwonso,1993-04-19,1993,no_match,,,,,,,,,,,,,,,,,,,,,,,,,,
lim---005seo,Seo-jun Lim,1993-04-19,,LIM|junseo,LIM|jonso,1993-04-19,1993,no_match,,,,,,,,,,,,,,,,,,,,,,,,,,
kim---042seo,Seong-Wook Kim,1993-05-01,,KIM|seongwook,KIM|songwog,1993-05-01,1993,no_match,,,,,,,,,,,,,,,,,,,,,,,,,,
lee---014jae,Jae Yul Lee,1993-05-02,,LEE|jaeyul,LEE|jeyol,1993-05-02,1993,no_match,,,,,,,,,,,,,,,,,,,,,,,,,,
kim---021jon,Jong Deuk Kim,1993-05-12,,KIM|deukjong,KIM|dogjong,1993-05-12,1993,no_match,,,,,,,,,,,,,,,,,,,,,,,,,,
kim---040seo,Seong-min Kim,1993-05-12,"Sung Nam, KR",KIM|minseong,KIM|minsong,1993-05-12,1993,no_match,,,,,,,,,,,,,,,,,,,,,,,,,,
ko----000bon,Bong Jae Go,1993-05-14,,KO|bongjae,KO|bongje,1993-05-14,1993,no_match,,,,,,,,,,,,,,,,,,,,,,,,,,
yoon--001jeo,Jeong-Hyeon Yoon,1993-05-17,"Cheongju, KR",YOON|hyeonjeong,YOON|hyonjong,1993-05-17,1993,no_match,,,,,,,,,,,,,,,,,,,,,,,,,,
lee---001joo,Joon-Hyeong Lee,1993-06-03,,LEE|hyeongjoon,LEE|hyongjon,1993-06-03,1993,no_match,,,,,,,,,,,,,,,,,,,,,,,,,,
kang--000soo,Soo-Sung Kang,1993-06-09,,KANG|soosung,KANG|sosong,1993-06-09,1993,no_match,,,,,,,,,,,,,,,,,,,,,,,,,,
kim---005won,Won Jung Kim,1993-06-14,KR,KIM|jungwon,KIM|jongwon,1993-06-14,1993,no_match,,,,,,,,,,,,,,,,,,,,,,,,,,
seo---000ye-,Ye Il Seo,1993-06-19,,SEO|ilye,SEO|ilye,1993-06-19,1993,no_match,,,,,,,,,,,,,,,,,,,,,,,,,,
han---000hyu,Hyun Hee Han,1993-06-25,,HAN|heehyun,HAN|hihyon,1993-06-25,1993,no_match,,,,,,,,,,,,,,,,,,,,,,,,,,
kim---019tae,Tae-Hyeong Kim,1993-07-07,,KIM|hyeongtae,KIM|dehyong,1993-07-07,1993,no_match,,,,,,,,,,,,,,,,,,,,,,,,,,
seo---000duk,Duk Won Seo,1993-07-12,,SEO|dukwon,SEO|dogwon,1993-07-12,1993,no_match,,,,,,,,,,,,,,,,,,,,,,,,,,
kim---026jae,Jae Yeong Kim,1993-07-22,KR,KIM|jaeyeong,KIM|jeyong,1993-07-22,1993,no_match,,,,,,,,,,,,,,,,,,,,,,,,,,
heo---000keo,Keon-Yeop Heo,1993-07-24,KR,HEO|keonyeop,HEO|gonyob,1993-07-24,1993,no_match,,,,,,,,,,,,,,,,,,,,,,,,,,
lee---007sun,Sung Gyu Lee,1993-08-03,,LEE|gyusung,LEE|gyosong,1993-08-03,1993,no_match,,,,,,,,,,,,,,,,,,,,,,,,,,
jeong-000kyu,Kyung-un Jeong,1993-08-09,,JUNG|kyungun,JUNG|gyongon,1993-08-09,1993,no_match,,,,,,,,,,,,,,,,,,,,,,,,,,
lee---004min,Min-Ho Lee,1993-08-11,,LEE|homin,LEE|homin,1993-08-11,1993,no_match,,,,,,,,,,,,,,,,,,,,,,,,,,
park--003sae,Se Woong Park,1993-08-12,,PARK|sewoong,PARK|sewong,1993-08-12,1993,no_match,,,,,,,,,,,,,,,,,,,,,,,,,,
lim---000dae,Dae Han Lim,1993-08-13,,LIM|daehan,LIM|dehan,1993-08-13,1993,no_match,,,,,,,,,,,,,,,,,,,,,,,,,,
ahn---001joo,Ju Hyeong An,1993-08-14,,AHN|hyeongju,AHN|hyongjo,1993-08-14,1993,no_match,,,,,,,,,,,,,,,,,,,,,,,,,,
cho---000soo,Soo Haeng Jo,1993-08-30,,CHO|haengsoo,CHO|hengso,1993-08-30,1993,no_match,,,,,,,,,,,,,,,,,,,,,,,,,,
hwang-000yoo,Yun Ho Hwang,1993-09-22,,HWANG|hoyun,HWANG|hoyon,1993-09-22,1993,no_match,,,,,,,,,,,,,,,,,,,,,,,,,,
chang-000see,Si Yun Jang,1993-09-23,,JANG|siyun,JANG|siyon,1993-09-23,1993,no_match,,,,,,,,,,,,,,,,,,,,,,,,,,
chang-003jin,Jin Hyuk Jang,1993-09-30,KR,JANG|hyukjin,JANG|hyogjin,1993-09-30,1993,no_match,,,,,,,,,,,,,,,,,,,,,,,,,,
noh---000kwa,Kwan Hyun Noh,1993-10-18,,NOH|hyunkwan,NOH|gwanhyon,1993-10-18,1993,no_match,,,,,,,,,,,,,,,,,,,,,,,,,,
kang--001jin,Jin Sung Kang,1993-10-19,,KANG|jinsung,KANG|jinsong,1993-10-19,1993,no_match,,,,,,,,,,,,,,,,,,,,,,,,,,
kim---008sun,Soung Hun Kim,1993-10-27,,KIM|hunsoung,KIM|honsong,1993-10-27,1993,no_match,,,,,,,,,,,,,,,,,,,,,,,,,,
hong--000cha,Chang Ki Hong,1993-11-21,KR,HONG|changki,HONG|gijang,1993-11-21,1993,no_match,,,,,,,,,,,,,,,,,,,,,,,,,,
kim---005mye,Myeong Sin Kim,1993-11-29,,KIM|myeongsin,KIM|myongsin,1993-11-29,1993,no_match,,,,,,,,,,,,,,,,,,,,,,,,,,
lee---018don,Dong Won Lee,1993-12-15,,LEE|dongwon,LEE|dongwon,1993-12-15,1993,no_match,,,,,,,,,,,,,,,,,,,,,,,,,,
kim---004joo,Ju Hyun Kim,1993-12-21,,KIM|hyunju,KIM|hyonjo,1993-12-21,1993,no_match,,,,,,,,,,,,,,,,,,,,,,,,,,
kim---007sun,Sung Jae Kim,1993-12-23,,KIM|jaesung,KIM|jesong,1993-12-23,1993,no_match,,,,,,,,,,,,,,,,,,,,,,,,,,
choi--000han,Hang Choi,1994-01-03,,CHOI|hang,CHOI|hang,1994-01-03,1994,no_match,,,,,,,,,,,,,,,,,,,,,,,,,,
choi--004min,Min Jae Choi,1994-01-08,,CHOI|jaemin,CHOI|jemin,1994-01-08,1994,no_match,,,,,,,,,,,,,,,,,,,,,,,,,,
ryu---000jee,Ji Hyuk Ryu,1994-01-13,,RYU|hyukji,RYU|hyogji,1994-01-13,1994,no_match,,,,,,,,,,,,,,,,,,,,,,,,,,
shin--003don,Dong Hoon Shin,1994-01-24,,SHIN|donghoon,SHIN|donghon,1994-01-24,1994,no_match,,,,,,,,,,,,,,,,,,,,,,,,,,
kim---006in-,In-hwan Kim,1994-01-28,,KIM|hwanin,KIM|hwanin,1994-01-28,1994,no_match,,,,,,,,,,,,,,,,,,,,,,,,,,
yoon--001dae,Hyeong Jun Yoon,1994-01-31,,YOON|hyeongjun,YOON|hyongjon,1994-01-31,1994,no_match,,,,,,,,,,,,,,,,,,,,,,,,,,
kang--000seu,Seung Ho Kang,1994-02-09,,KANG|hoseung,KANG|hosong,1994-02-09,1994,no_match,,,,,,,,,,,,,,,,,,,,,,,,,,
kim---014min,Min Jun Kim,1994-02-12,,KIM|junmin,KIM|jonmin,1994-02-12,1994,no_match,,,,,,,,,,,,,,,,,,,,,,,,,,
park--001seu,Seung Joo Park,1994-02-12,,PARK|jooseung,PARK|josong,1994-02-12,1994,no_match,,,,,,,,,,,,,,,,,,,,,,,,,,
shim--004jae,Jae Min Shim,1994-02-18,,SHIM|jaemin,SHIM|jemin,1994-02-18,1994,no_match,,,,,,,,,,,,,,,,,,,,,,,,,,
chang-000woo,Woon Ho Jang,1994-02-20,,JANG|howoon,JANG|howon,1994-02-20,1994,no_match,,,,,,,,,,,,,,,,,,,,,,,,,,
eom---000tae,Tae Yong Eom,1994-02-24,,EOM|taeyong,EOM|deyong,1994-02-24,1994,no_match,,,,,,,,,,,,,,,,,,,,,,,,,,
ha----000joo,Ju Suk Ha,1994-02-25,,HA|jusuk,HA|josog,1994-02-25,1994,no_match,,,,,,,,,,,,,,,,,,,,,,,,,,
lee---001hyu,Hyeong Bum Lee,1994-02-27,,LEE|bumhyeong,LEE|bomhyong,1994-02-27,1994,no_match,,,,,,,,,,,,,,,,,,,,,,,,,,
jang--000seu,Seung Hyun Jang,1994-03-07,,JANG|hyunseung,JANG|hyonsong,1994-03-07,1994,no_match,,,,,,,,,,,,,,,,,,,,,,,,,,
seo---002don,Dong Min Seo,1994-03-07,,SEO|dongmin,SEO|dongmin,1994-03-07,1994,no_match,,,,,,,,,,,,,,,,,,,,,,,,,,
crisos000chr,Cristopher Crisostomo,1994-03-08,"La Romana, La Romana, DO",|crisostomocristopher,|glisdobelglisosdomo,1994-03-08,1994,no_match,,,,,,,,,,,,,,,,,,,,,,,,,,
kim---005sun,Sung Pyo Kim,1994-03-17,,KIM|pyosung,KIM|byosong,1994-03-17,1994,no_match,,,,,,,,,,,,,,,,,,,,,,,,,,
lee---018jae,Jae Ik Lee,1994-03-18,,LEE|ikjae,LEE|igje,1994-03-18,1994,no_match,,,,,,,,,,,,,,,,,,,,,,,,,,
cho---004hye,Hyun Woo Jo,1994-03-30,,CHO|hyunwoo,CHO|hyonwo,1994-03-30,1994,no_match,,,,,,,,,,,,,,,,,,,,,,,,,,
cheon-000jae,Jae Hwan Cheon,1994-04-01,,CHEON|hwanjae,CHEON|hwanje,1994-04-01,1994,no_match,,,,,,,,,,,,,,,,,,,,,,,,,,
jung--000joo,Jun Hyeok Jung,1994-04-01,,JEON|hyeokjung,JEON|hyogjong,1994-04-01,1994,no_match,,,,,,,,,,,,,,,,,,,,,,,,,,
jo----000jee,Jee-Hoon Jo,1994-04-06,,CHO|hoonjee,CHO|honji,1994-04-06,1994,no_match,,,,,,,,,,,,,,,,,,,,,,,,,,
yoon--000dae,Dae Kyung Yun,1994-04-09,,YOON|daekyung,YOON|degyong,1994-04-09,1994,no_match,,,,,,,,,,,,,,,,,,,,,,,,,,
ji----000sun,Si Wan Ji,1994-04-10,,JI|siwan,JI|siwan,1994-04-10,1994,no_match,,,,,,,,,,,,,,,,,,,,,,,,,,
kang--004don,Dong Ho Kang,1994-04-21,,KANG|dongho,KANG|dongho,1994-04-21,1994,no_match,,,,,,,,,,,,,,,,,,,,,,,,,,
kim---043seo,Seong Min Kim,1994-04-26,,KIM|minseong,KIM|minsong,1994-04-26,1994,no_match,,,,,,,,,,,,,,,,,,,,,,,,,,
kim---002yoo,Yu Yeong Kim,1994-05-02,,KIM|yeongyu,KIM|yoyong,1994-05-02,1994,no_match,,,,,,,,,,,,,,,,,,,,,,,,,,
song--002joo,Jun Suk Song,1994-05-04,,SONG|junsuk,SONG|jonsog,1994-05-04,1994,no_match,,,,,,,,,,,,,,,,,,,,,,,,,,
han---000suk,Suk Hyun Han,1994-05-17,,HAN|hyunsuk,HAN|hyonsog,1994-05-17,1994,no_match,,,,,,,,,,,,,,,,,,,,,,,,,,
chung-000hyu,Hyun Jung,1994-06-01,,JUNG|hyun,JUNG|hyon,1994-06-01,1994,no_match,,,,,,,,,,,,,,,,,,,,,,,,,,
park--001han,Han-kil Park,1994-06-03,,PARK|hankil,PARK|gilhan,1994-06-03,1994,no_match,,,,,,,,,,,,,,,,,,,,,,,,,,
kim---018jon,Jong Soo Kim,1994-06-03,,KIM|jongsoo,KIM|jongso,1994-06-03,1994,no_match,,,,,,,,,,,,,,,,,,,,,,,,,,
kim---000jeu,Jeong Bin Kim,1994-06-08,,KIM|binjeong,KIM|binjong,1994-06-08,1994,no_match,,,,,,,,,,,,,,,,,,,,,,,,,,
park--007jin,Jin Hyung Park,1994-06-10,,PARK|hyungjin,PARK|hyongjin,1994-06-10,1994,no_match,,,,,,,,,,,,,,,,,,,,,,,,,,
han---001seo,Seon Tae Han,1994-06-14,,HAN|seontae,HAN|deson,1994-06-14,1994,no_match,,,,,,,,,,,,,,,,,,,,,,,,,,
lee---000yoo,Yun Hak Lee,1994-06-18,,LEE|hakyun,LEE|hagyon,1994-06-18,1994,no_match,,,,,,,,,,,,,,,,,,,,,,,,,,
han---001seu,Seung Taek Han,1994-06-21,,HAN|seungtaek,HAN|degsong,1994-06-21,1994,no_match,,,,,,,,,,,,,,,,,,,,,,,,,,
dykxho000bro,Brock Dykxhoorn,1994-07-02,"Goderich, ON, CA",|brockdykxhoorn,|blogdygxholn,1994-07-02,1994,no_match,,,,,,,,,,,,,,,,,,,,,,,,,,
kim---005in-,In Tae Kim,1994-07-03,,KIM|intae,KIM|dein,1994-07-03,1994,no_match,,,,,,,,,,,,,,,,,,,,,,,,,,
yoo---000yeo,Young Jun Yoo,1994-07-13,,RYU|junyoung,RYU|jonyong,1994-07-13,1994,no_match,,,,,,,,,,,,,,,,,,,,,,,,,,
yoon--000hye,Ho Sol Yoon,1994-07-15,,YOON|hosol,YOON|hosol,1994-07-15,1994,no_match,,,,,,,,,,,,,,,,,,,,,,,,,,
lee---002woo,Woo Sung Lee,1994-07-17,,LEE|sungwoo,LEE|songwo,1994-07-17,1994,no_match,,,,,,,,,,,,,,,,,,,,,,,,,,
kim---001joo,Jun Tae Kim,1994-07-31,,KIM|juntae,KIM|dejon,1994-07-31,1994,no_match,,,,,,,,,,,,,,,,,,,,,,,,,,
ra----000won,Won Tak Ra,1994-08-20,,NA|takwon,NA|dagwon,1994-08-20,1994,no_match,,,,,,,,,,,,,,,,,,,,,,,,,,
son---000ho-,Ho Young Son,1994-08-23,"Anyang, KR",SON|hoyoung,SON|hoyong,1994-08-23,1994,no_match,,,,,,,,,,,,,,,,,,,,,,,,,,
cho---002san,Sang Woo Cho,1994-09-04,,CHO|sangwoo,CHO|sangwo,1994-09-04,1994,no_match,,,,,,,,,,,,,,,,,,,,,,,,,,
park--006san,Sang-won Park,1994-09-09,,PARK|sangwon,PARK|sangwon,1994-09-09,1994,no_match,,,,,,,,,,,,,,,,,,,,,,,,,,
tamura000ich,Ichiro Tamura,1994-09-19,JP,|ichirotamura,|damolaijilo,1994-09-19,1994,no_match,,,,,,,,,,,,,,,,,,,,,,,,,,
kenned000jon,Jon Kennedy,1994-09-20,"Melbourne, Victoria, AU",|jonkennedy,|genedyjon,1994-09-20,1994,no_match,,,,,,,,,,,,,,,,,,,,,,,,,,
lee---003chu,Chung Ho Lee,1994-09-20,,LEE|chungho,LEE|hojong,1994-09-20,1994,no_match,,,,,,,,,,,,,,,,,,,,,,,,,,
lee---004byu,Byung Gyu Lee,1994-10-05,,LEE|byunggyu,LEE|byonggyo,1994-10-05,1994,no_match,,,,,,,,,,,,,,,,,,,,,,,,,,
park--005jin,Jin Tae Park,1994-10-19,,PARK|jintae,PARK|dejin,1994-10-19,1994,no_match,,,,,,,,,,,,,,,,,,,,,,,,,,
sanche005mar,Mario Sanchez,1994-10-31,"Maracaibo, Zulia, VE",|mariosanchez,|maliosanjez,1994-10-31,1994,no_match,,,,,,,,,,,,,,,,,,,,,,,,,,
mckinn000ian,Ian McKinney,1994-11-18,"Orlando, FL, US",|ianmckinney,|ianmginey,1994-11-18,1994,no_match,,,,,,,,,,,,,,,,,,,,,,,,,,
bae---002jae,Jae June Bae,1994-11-24,,BAE|jaejune,BAE|jejone,1994-11-24,1994,no_match,,,,,,,,,,,,,,,,,,,,,,,,,,
lee---012jeo,Jeong Hun Lee,1994-12-07,,LEE|hunjeong,LEE|honjong,1994-12-07,1994,no_match,,,,,,,,,,,,,,,,,,,,,,,,,,
choi--002don,Won Joon Choi,1994-12-21,,CHOI|joonwon,CHOI|jonwon,1994-12-21,1994,no_match,,,,,,,,,,,,,,,,,,,,,,,,,,
park--002han,Han Gyeol Park,1994-12-24,,PARK|gyeolhan,PARK|gyolhan,1994-12-24,1994,no_match,,,,,,,,,,,,,,,,,,,,,,,,,,
ramos-004rob,Roberto Ramos,1994-12-28,"Hermosillo, Sonora, MX",|ramosroberto,|lamoslobeldo,1994-12-28,1994,no_match,,,,,,,,,,,,,,,,,,,,,,,,,,
lee---016seu,Seung Jin Lee,1995-01-07,,LEE|jinseung,LEE|jinsong,1995-01-07,1995,no_match,,,,,,,,,,,,,,,,,,,,,,,,,,
ham---000deo,Deok Ju Ham,1995-01-13,,HAM|deokju,HAM|dogjo,1995-01-13,1995,no_match,,,,,,,,,,,,,,,,,,,,,,,,,,
lee---017jae,Jae Geun Lee,1995-01-15,,LEE|geunjae,LEE|gonje,1995-01-15,1995,no_match,,,,,,,,,,,,,,,,,,,,,,,,,,
park--005jon,Jong Ki Park,1995-01-21,,PARK|jongki,PARK|gijong,1995-01-21,1995,no_match,,,,,,,,,,,,,,,,,,,,,,,,,,
choi--002cha,Chae Heung Choi,1995-01-22,,CHOI|chaeheung,CHOI|hongje,1995-01-22,1995,no_match,,,,,,,,,,,,,,,,,,,,,,,,,,
won---001hye,Hyeok Jae Won,1995-01-29,,WON|hyeokjae,WON|hyogje,1995-01-29,1995,no_match,,,,,,,,,,,,,,,,,,,,,,,,,,
mon---000yon,Yong Ik Mon,1995-02-04,,|ikmonyong,|igmonyong,1995-02-04,1995,no_match,,,,,,,,,,,,,,,,,,,,,,,,,,
no----000tae,Tae Hyeong Noh,1995-02-08,,NOH|hyeongtae,NOH|dehyong,1995-02-08,1995,no_match,,,,,,,,,,,,,,,,,,,,,,,,,,
lee---021seu,Seung Min Lee,1995-02-08,,LEE|minseung,LEE|minsong,1995-02-08,1995,no_match,,,,,,,,,,,,,,,,,,,,,,,,,,
lee---004geu,Geun Wook Lee,1995-02-13,,LEE|geunwook,LEE|gonwog,1995-02-13,1995,no_match,,,,,,,,,,,,,,,,,,,,,,,,,,
jeong-000gih,Gi Hun Jeong,1995-02-18,,JUNG|gihun,JUNG|gihon,1995-02-18,1995,no_match,,,,,,,,,,,,,,,,,,,,,,,,,,
park--002seo,Seong Mo Park,1995-02-22,,PARK|moseong,PARK|mosong,1995-02-22,1995,no_match,,,,,,,,,,,,,,,,,,,,,,,,,,
jang--000hye,Hyun Sik Jang,1995-02-24,,JANG|hyunsik,JANG|hyonsig,1995-02-24,1995,no_match,,,,,,,,,,,,,,,,,,,,,,,,,,
bae---000jae,Jae Whan Bae,1995-02-24,,BAE|jaewhan,BAE|jewhan,1995-02-24,1995,no_match,,,,,,,,,,,,,,,,,,,,,,,,,,
han---000joo,Joo-Sung Han,1995-02-26,,HAN|joosung,HAN|josong,1995-02-26,1995,no_match,,,,,,,,,,,,,,,,,,,,,,,,,,
kim---000hoj,Gang Hyun Kim,1995-02-27,,KIM|ganghyun,KIM|ganghyon,1995-02-27,1995,no_match,,,,,,,,,,,,,,,,,,,,,,,,,,
cha---002mye,Myeong Jin Cha,1995-03-03,,CHA|jinmyeong,CHA|jinmyong,1995-03-03,1995,no_match,,,,,,,,,,,,,,,,,,,,,,,,,,
koo---000jun,Jun Bum Koo,1995-03-18,,KOO|bumjun,KOO|bomjon,1995-03-18,1995,no_match,,,,,,,,,,,,,,,,,,,,,,,,,,
jeon--000yon,Yong-Hoon Jeon,1995-03-20,,JEON|hoonyong,JEON|honyong,1995-03-20,1995,no_match,,,,,,,,,,,,,,,,,,,,,,,,,,
ahn---000san,Hyeon Jun An,1995-03-23,,AHN|hyeonjun,AHN|hyonjon,1995-03-23,1995,no_match,,,,,,,,,,,,,,,,,,,,,,,,,,
lee---008tae,Tae Hun Lee,1995-04-03,,LEE|huntae,LEE|dehon,1995-04-03,1995,no_match,,,,,,,,,,,,,,,,,,,,,,,,,,
yoon--001joo,Joong Hyun Yoon,1995-04-25,,YOON|hyunjoong,YOON|hyonjong,1995-04-25,1995,no_match,,,,,,,,,,,,,,,,,,,,,,,,,,
bae---000sun,Seong Geun Bae,1995-04-27,,BAE|geunseong,BAE|gonsong,1995-04-27,1995,no_match,,,,,,,,,,,,,,,,,,,,,,,,,,
shim--000woo,Woo Jun Shim,1995-04-28,,JEON|shimwoo,JEON|simwo,1995-04-28,1995,no_match,,,,,,,,,,,,,,,,,,,,,,,,,,
ha----000yeo,Yeong Min Ha,1995-05-07,,HA|minyeong,HA|minyong,1995-05-07,1995,no_match,,,,,,,,,,,,,,,,,,,,,,,,,,
ryu---000hyu,Hyoung Woo Ryu,1995-05-07,,RYU|hyoungwoo,RYU|hyongwo,1995-05-07,1995,no_match,,,,,,,,,,,,,,,,,,,,,,,,,,
kim---006kyu,Kyu Nam Kim,1995-05-12,,KIM|kyunam,KIM|gyonam,1995-05-12,1995,no_match,,,,,,,,,,,,,,,,,,,,,,,,,,
lee---003jin,Jin Seok Lee,1995-05-20,KR,LEE|jinseok,LEE|jinsog,1995-05-20,1995,no_match,,,,,,,,,,,,,,,,,,,,,,,,,,
paek--002seu,Seung Hyun Paek,1995-05-26,KR,BAEK|hyunseung,BAEK|hyonsong,1995-05-26,1995,no_match,,,,,,,,,,,,,,,,,,,,,,,,,,
joo---000kwa,Kwon Ju,1995-05-31,"Jilin Province, CN",KWON|ju,KWON|jo,1995-05-31,1995,no_match,,,,,,,,,,,,,,,,,,,,,,,,,,
kim---004ho-,Ho Jae Kim,1995-05-31,,KIM|hojae,KIM|hoje,1995-05-31,1995,no_match,,,,,,,,,,,,,,,,,,,,,,,,,,
lee---000hoy,Ho Yeon Lee,1995-06-03,,LEE|hoyeon,LEE|hoyon,1995-06-03,1995,no_match,,,,,,,,,,,,,,,,,,,,,,,,,,
park--004cha,Chan-Ho Park,1995-06-05,,PARK|chanho,PARK|hojan,1995-06-05,1995,no_match,,,,,,,,,,,,,,,,,,,,,,,,,,
bae---000bye,Jung Dae Bae,1995-06-12,,BAE|daejung,BAE|dejong,1995-06-12,1995,no_match,,,,,,,,,,,,,,,,,,,,,,,,,,
ryu---000hee,Hee Woon Ryu,1995-06-19,,RYU|heewoon,RYU|hiwon,1995-06-19,1995,no_match,,,,,,,,,,,,,,,,,,,,,,,,,,
chung-000yon,Yong Jun Jeong,1995-06-21,,JEON|jeongyong,JEON|jongyong,1995-06-21,1995,no_match,,,,,,,,,,,,,,,,,,,,,,,,,,
jung--000da-,Ju Hu Jeong,1995-06-26,,HEO|jeongju,HEO|jojong,1995-06-26,1995,no_match,,,,,,,,,,,,,,,,,,,,,,,,,,
cho---002yeo,Yi Hyeon Jo,1995-06-27,,CHO|hyeonyi,CHO|hyoni,1995-06-27,1995,no_match,,,,,,,,,,,,,,,,,,,,,,,,,,
chae--000jis,Ji Seon Chae,1995-07-11,,CHAE|jiseon,CHAE|jison,1995-07-11,1995,no_match,,,,,,,,,,,,,,,,,,,,,,,,,,
kim---018min,Min Woo Kim,1995-07-25,,KIM|minwoo,KIM|minwo,1995-07-25,1995,no_match,,,,,,,,,,,,,,,,,,,,,,,,,,
taylor002cur,Curtis Taylor,1995-07-25,"Port Coquitlam, BC, CA",|curtistaylor,|daylolgoldis,1995-07-25,1995,no_match,,,,,,,,,,,,,,,,,,,,,,,,,,
kim---000kye,Gyeong Ho Kim,1995-07-31,,KIM|gyeongho,KIM|gyongho,1995-07-31,1995,no_match,,,,,,,,,,,,,,,,,,,,,,,,,,
lim---001ji-,Ji Yeol Im,1995-08-22,KR,LIM|jiyeol,LIM|jiyol,1995-08-22,1995,no_match,,,,,,,,,,,,,,,,,,,,,,,,,,
kim---000kih,Ki Hwan Kim,1995-08-25,,KIM|hwanki,KIM|gihwan,1995-08-25,1995,no_match,,,,,,,,,,,,,,,,,,,,,,,,,,
park--000wan,Dae On Park,1995-08-28,,PARK|daeon,PARK|deon,1995-08-28,1995,no_match,,,,,,,,,,,,,,,,,,,,,,,,,,
ahn---000joo,Joong Yeol An,1995-09-01,,AHN|joongyeol,AHN|jongyol,1995-09-01,1995,no_match,,,,,,,,,,,,,,,,,,,,,,,,,,
chae--000ki-,Ki-yeong Chae,1995-09-01,,CHAE|kiyeong,CHAE|giyong,1995-09-01,1995,no_match,,,,,,,,,,,,,,,,,,,,,,,,,,
lim---000ji-,Ji-Sub Lim,1995-09-06,,LIM|jisub,LIM|jisob,1995-09-06,1995,no_match,,,,,,,,,,,,,,,,,,,,,,,,,,
lee---000soo,Soo-Min Lee,1995-09-11,KR,LEE|minsoo,LEE|minso,1995-09-11,1995,no_match,,,,,,,,,,,,,,,,,,,,,,,,,,
kang--001jun,Jung-hyun Kang,1995-09-23,,KANG|hyunjung,KANG|hyonjong,1995-09-23,1995,no_match,,,,,,,,,,,,,,,,,,,,,,,,,,
lim---000byu,Byung-Wook Lim,1995-09-30,,LIM|byungwook,LIM|byongwog,1995-09-30,1995,no_match,,,,,,,,,,,,,,,,,,,,,,,,,,
kim---024don,Dong Woo Kim,1995-10-01,,KIM|dongwoo,KIM|dongwo,1995-10-01,1995,no_match,,,,,,,,,,,,,,,,,,,,,,,,,,
kim---000bum,Beom Su Kim,1995-10-03,,KIM|beomsu,KIM|bomso,1995-10-03,1995,no_match,,,,,,,,,,,,,,,,,,,,,,,,,,
kim---020tae,Tae Jin Kim,1995-10-07,,KIM|jintae,KIM|dejin,1995-10-07,1995,no_match,,,,,,,,,,,,,,,,,,,,,,,,,,
chung-001sun,Sung Jong Jung,1995-11-16,,JUNG|jongsung,JUNG|jongsong,1995-11-16,1995,no_match,,,,,,,,,,,,,,,,,,,,,,,,,,
kim---002yun,Yun Hwan Kim,1995-11-20,,KIM|hwanyun,KIM|hwanyon,1995-11-20,1995,no_match,,,,,,,,,,,,,,,,,,,,,,,,,,
chae--000hyu,Hyun Woo Chae,1995-11-21,,CHAE|hyunwoo,CHAE|hyonwo,1995-11-21,1995,no_match,,,,,,,,,,,,,,,,,,,,,,,,,,
kim---017min,Min Hyuck Kim,1995-11-21,,KIM|hyuckmin,KIM|hyogmin,1995-11-21,1995,no_match,,,,,,,,,,,,,,,,,,,,,,,,,,
chang-000joo,Jun Won Jang,1995-11-21,,JANG|junwon,JANG|jonwon,1995-11-21,1995,no_match,,,,,,,,,,,,,,,,,,,,,,,,,,
lee---025san,Sang Dong Lee,1995-11-24,,LEE|dongsang,LEE|dongsang,1995-11-24,1995,no_match,,,,,,,,,,,,,,,,,,,,,,,,,,
park--001sae,Se Woong Park,1995-11-30,KR,PARK|sewoong,PARK|sewong,1995-11-30,1995,no_match,,,,,,,,,,,,,,,,,,,,,,,,,,
ahn---000kyu,Kyu Hyun An,1995-11-30,,AHN|hyunkyu,AHN|gyohyon,1995-11-30,1995,no_match,,,,,,,,,,,,,,,,,,,,,,,,,,
yu----004seo,Seo Jun Yoo,1995-12-04,,RYU|junseo,RYU|jonso,1995-12-04,1995,no_match,,,,,,,,,,,,,,,,,,,,,,,,,,
park--003jae,Jae-wook Park,1995-12-06,KR,PARK|jaewook,PARK|jewog,1995-12-06,1995,no_match,,,,,,,,,,,,,,,,,,,,,,,,,,
lee---020seu,Seung Heon Lee,1995-12-20,,LEE|heonseung,LEE|honsong,1995-12-20,1995,no_match,,,,,,,,,,,,,,,,,,,,,,,,,,
hwang-000yeo,Young Kuk Hwang,1995-12-26,,HWANG|kukyoung,HWANG|gogyong,1995-12-26,1995,no_match,,,,,,,,,,,,,,,,,,,,,,,,,,
kim---030jae,Jae Yeol Kim,1996-01-02,,KIM|jaeyeol,KIM|jeyol,1996-01-02,1996,no_match,,,,,,,,,,,,,,,,,,,,,,,,,,
shin--000yon,Yong Su Shin,1996-01-05,,SHIN|suyong,SHIN|soyong,1996-01-05,1996,no_match,,,,,,,,,,,,,,,,,,,,,,,,,,
willia007ron,Ronnie Williams,1996-01-06,"Miami, FL, US",|ronniewilliams,|loniewiliams,1996-01-06,1996,no_match,,,,,,,,,,,,,,,,,,,,,,,,,,
park--001gye,Gye Beom Park,1996-01-11,,PARK|beomgye,PARK|bomgye,1996-01-11,1996,no_match,,,,,,,,,,,,,,,,,,,,,,,,,,
park--000juc,Ju Chan Park,1996-01-11,,PARK|chanju,PARK|janjo,1996-01-11,1996,no_match,,,,,,,,,,,,,,,,,,,,,,,,,,
shin--001min,Min Jae Shin,1996-01-21,"Incheon, KR",SHIN|jaemin,SHIN|jemin,1996-01-21,1996,no_match,,,,,,,,,,,,,,,,,,,,,,,,,,
park--006jeo,Jung Soo Park,1996-01-29,,PARK|jungsoo,PARK|jongso,1996-01-29,1996,no_match,,,,,,,,,,,,,,,,,,,,,,,,,,
shin--000byu,Byung Ryul Shin,1996-01-30,,SHIN|byungryul,SHIN|byonglyol,1996-01-30,1996,no_match,,,,,,,,,,,,,,,,,,,,,,,,,,
kim---000woo,Woong Bin Kim,1996-02-09,,KIM|binwoong,KIM|binwong,1996-02-09,1996,no_match,,,,,,,,,,,,,,,,,,,,,,,,,,
hwang-001dae,Dae In Hwang,1996-02-10,,HWANG|daein,HWANG|dein,1996-02-10,1996,no_match,,,,,,,,,,,,,,,,,,,,,,,,,,
ahn---000ik-,Ik Hun An,1996-02-12,,AHN|hunik,AHN|honig,1996-02-12,1996,no_match,,,,,,,,,,,,,,,,,,,,,,,,,,
kim---028min,Min Ki Kim,1996-02-14,,KIM|kimin,KIM|gimin,1996-02-14,1996,no_match,,,,,,,,,,,,,,,,,,,,,,,,,,
kim---046seo,Seong Hun Kim,1996-02-25,,KIM|hunseong,KIM|honsong,1996-02-25,1996,no_match,,,,,,,,,,,,,,,,,,,,,,,,,,
kim---005joo,Joo-hyung Kim,1996-03-05,KR,KIM|hyungjoo,KIM|hyongjo,1996-03-05,1996,no_match,,,,,,,,,,,,,,,,,,,,,,,,,,
hong--000jun,Joung Woo Hong,1996-03-16,,HONG|joungwoo,HONG|jongwo,1996-03-16,1996,no_match,,,,,,,,,,,,,,,,,,,,,,,,,,
park--000yoo,Yoon-chul Park,1996-03-23,KR,PARK|chulyoon,PARK|jolyon,1996-03-23,1996,no_match,,,,,,,,,,,,,,,,,,,,,,,,,,
yi----000jun,Jung Yong Yi,1996-03-26,,LEE|jungyong,LEE|jongyong,1996-03-26,1996,no_match,,,,,,,,,,,,,,,,,,,,,,,,,,
park--002sun,Sung-joon Park,1996-03-27,,PARK|joonsung,PARK|jonsong,1996-03-27,1996,no_match,,,,,,,,,,,,,,,,,,,,,,,,,,
kim---023tae,Tae Hoon Kim,1996-03-31,,KIM|hoontae,KIM|dehon,1996-03-31,1996,no_match,,,,,,,,,,,,,,,,,,,,,,,,,,
nam---000kye,Kyeong-ho Nam,1996-04-07,,NAM|hokyeong,NAM|gyongho,1996-04-07,1996,no_match,,,,,,,,,,,,,,,,,,,,,,,,,,
lee---004woo,Woo Seok Lee,1996-04-16,,LEE|seokwoo,LEE|sogwo,1996-04-16,1996,no_match,,,,,,,,,,,,,,,,,,,,,,,,,,
choi--002min,Min Chang Choi,1996-04-16,,CHOI|changmin,CHOI|jangmin,1996-04-16,1996,no_match,,,,,,,,,,,,,,,,,,,,,,,,,,
jeon--001san,Sang Hyun Jeon,1996-04-18,,JEON|hyunsang,JEON|hyonsang,1996-04-18,1996,no_match,,,,,,,,,,,,,,,,,,,,,,,,,,
kim---003man,Man-su Kim,1996-04-18,,KIM|mansu,KIM|manso,1996-04-18,1996,no_match,,,,,,,,,,,,,,,,,,,,,,,,,,
kim---021min,Min Hyeok Kim,1996-05-03,,KIM|hyeokmin,KIM|hyogmin,1996-05-03,1996,no_match,,,,,,,,,,,,,,,,,,,,,,,,,,
ryu---002jae,Jae-in Ryu,1996-05-06,,RYU|injae,RYU|inje,1996-05-06,1996,no_match,,,,,,,,,,,,,,,,,,,,,,,,,,
park--000sew,Se Wong Park,1996-05-10,,PARK|sewong,PARK|sewong,1996-05-10,1996,no_match,,,,,,,,,,,,,,,,,,,,,,,,,,
lee---017cha,Chan Gun Lee,1996-05-14,,LEE|changun,LEE|gonjan,1996-05-14,1996,no_match,,,,,,,,,,,,,,,,,,,,,,,,,,
han---004seu,Seung Hyeok Han,1996-05-20,,HAN|hyeokseung,HAN|hyogsong,1996-05-20,1996,no_match,,,,,,,,,,,,,,,,,,,,,,,,,,
kim---019jeo,Jeong In Kim,1996-06-03,,KIM|injeong,KIM|injong,1996-06-03,1996,no_match,,,,,,,,,,,,,,,,,,,,,,,,,,
file--000dyl,Dylan File,1996-06-04,"Lake Havasu City, AZ, US",|dylanfile,|dylanfile,1996-06-04,1996,no_match,,,,,,,,,,,,,,,,,,,,,,,,,,
kim---027min,Min Soo Kim,1996-06-11,,KIM|minsoo,KIM|minso,1996-06-11,1996,no_match,,,,,,,,,,,,,,,,,,,,,,,,,,
choi--003kyu,Kyung-mo Choi,1996-06-17,,CHOI|kyungmo,CHOI|gyongmo,1996-06-17,1996,no_match,,,,,,,,,,,,,,,,,,,,,,,,,,
park--002joo,Ju Hyun Park,1996-06-19,,PARK|hyunju,PARK|hyonjo,1996-06-19,1996,no_match,,,,,,,,,,,,,,,,,,,,,,,,,,
bong--000min,Min Ho Bong,1996-06-26,,MIN|bongho,MIN|bongho,1996-06-26,1996,no_match,,,,,,,,,,,,,,,,,,,,,,,,,,
choi--003seu,Seung Min Choi,1996-07-01,,CHOI|minseung,CHOI|minsong,1996-07-01,1996,no_match,,,,,,,,,,,,,,,,,,,,,,,,,,
thomps000ril,Riley Thompson,1996-07-09,"Evansville, IN, US",|rileythompson,|dombsonliley,1996-07-09,1996,no_match,,,,,,,,,,,,,,,,,,,,,,,,,,
chung-000sun,Sung-gon Chung,1996-07-10,,JUNG|gonsung,JUNG|gonsong,1996-07-10,1996,no_match,,,,,,,,,,,,,,,,,,,,,,,,,,
kim---000rya,Geon Hyoung Kim,1996-07-12,,KIM|geonhyoung,KIM|gonhyong,1996-07-12,1996,no_match,,,,,,,,,,,,,,,,,,,,,,,,,,
ryu---000hyo,Hyo Seung Ryu,1996-07-16,,RYU|hyoseung,RYU|hyosong,1996-07-16,1996,no_match,,,,,,,,,,,,,,,,,,,,,,,,,,
lee---017don,Dong Hun Lee,1996-07-24,,LEE|donghun,LEE|donghon,1996-07-24,1996,no_match,,,,,,,,,,,,,,,,,,,,,,,,,,
kim---029tae,Tae-geun Kim,1996-08-10,,KIM|geuntae,KIM|degon,1996-08-10,1996,no_match,,,,,,,,,,,,,,,,,,,,,,,,,,
hwang-000kye,Kyeong Tae Hwang,1996-08-17,,HWANG|kyeongtae,HWANG|degyong,1996-08-17,1996,no_match,,,,,,,,,,,,,,,,,,,,,,,,,,
cha---000jae,Jae Yong Cha,1996-08-20,,CHA|jaeyong,CHA|jeyong,1996-08-20,1996,no_match,,,,,,,,,,,,,,,,,,,,,,,,,,
nam---000jae,Jae Hyeon Nam,1996-09-13,,NAM|hyeonjae,NAM|hyonje,1996-09-13,1996,no_match,,,,,,,,,,,,,,,,,,,,,,,,,,
kim---006hon,Hong Bin Kim,1996-09-16,,KIM|binhong,KIM|binhong,1996-09-16,1996,no_match,,,,,,,,,,,,,,,,,,,,,,,,,,
bae---001jae,Je Seong Bae,1996-09-29,,BAE|jeseong,BAE|jesong,1996-09-29,1996,no_match,,,,,,,,,,,,,,,,,,,,,,,,,,
eom---000san,Sang Back Um,1996-10-04,,EOM|backsang,EOM|bagsang,1996-10-04,1996,no_match,,,,,,,,,,,,,,,,,,,,,,,,,,
lee---001do-,Do Yun Lee,1996-10-07,,LEE|doyun,LEE|doyon,1996-10-07,1996,no_match,,,,,,,,,,,,,,,,,,,,,,,,,,
kim---024tae,Taek Hyeong Kim,1996-10-10,,KIM|hyeongtaek,KIM|deghyong,1996-10-10,1996,no_match,,,,,,,,,,,,,,,,,,,,,,,,,,
ryou--000jin,Jin Oug Ryou,1996-10-10,,JIN|ougryou,JIN|lyoog,1996-10-10,1996,no_match,,,,,,,,,,,,,,,,,,,,,,,,,,
seo---000hoc,Ho Cheol Seo,1996-10-16,KR,SEO|cheolho,SEO|hojol,1996-10-16,1996,no_match,,,,,,,,,,,,,,,,,,,,,,,,,,
lee---027san,Sang Kyu Lee,1996-10-20,,LEE|kyusang,LEE|gyosang,1996-10-20,1996,no_match,,,,,,,,,,,,,,,,,,,,,,,,,,
choi--004jeo,Jeong Yong Choi,1996-10-24,,CHOI|jeongyong,CHOI|jongyong,1996-10-24,1996,no_match,,,,,,,,,,,,,,,,,,,,,,,,,,
kim---000jee,Ji Soo Kim,1996-10-29,,KIM|jisoo,KIM|jiso,1996-10-29,1996,no_match,,,,,,,,,,,,,,,,,,,,,,,,,,
kim---025jae,Jae Seong Kim,1996-10-30,,KIM|jaeseong,KIM|jesong,1996-10-30,1996,no_match,,,,,,,,,,,,,,,,,,,,,,,,,,
kang--003don,Tae Yul Kang,1996-11-01,,KANG|taeyul,KANG|deyol,1996-11-01,1996,no_match,,,,,,,,,,,,,,,,,,,,,,,,,,
cushin000jac,Jack Cushing,1996-12-03,"Enid, OK, US",|cushingjack,|gosingjag,1996-12-03,1996,no_match,,,,,,,,,,,,,,,,,,,,,,,,,,
kim---006joo,Joo On Kim,1996-12-08,,KIM|jooon,KIM|joon,1996-12-08,1996,no_match,,,,,,,,,,,,,,,,,,,,,,,,,,
oh----002seo,Sun Woo Oh,1996-12-13,,OH|sunwoo,OH|sonwo,1996-12-13,1996,no_match,,,,,,,,,,,,,,,,,,,,,,,,,,
kim---002hae,Hae Soo Kim,1996-12-13,,KIM|haesoo,KIM|heso,1996-12-13,1996,no_match,,,,,,,,,,,,,,,,,,,,,,,,,,
kim---025don,Dong Jin Kim,1996-12-18,,KIM|dongjin,KIM|dongjin,1996-12-18,1996,no_match,,,,,,,,,,,,,,,,,,,,,,,,,,
cho---000han,Han Uk Cho,1996-12-19,,CHO|hanuk,CHO|hanog,1996-12-19,1996,no_match,,,,,,,,,,,,,,,,,,,,,,,,,,
song--001woo,Woo Hyun Song,1996-12-27,KR,SONG|hyunwoo,SONG|hyonwo,1996-12-27,1996,no_match,,,,,,,,,,,,,,,,,,,,,,,,,,
choi--003won,Won Tae Choi,1997-01-07,,CHOI|taewon,CHOI|dewon,1997-01-07,1997,no_match,,,,,,,,,,,,,,,,,,,,,,,,,,
koo---001bon,Bon Hyeok Gu,1997-01-11,,KOO|bonhyeok,KOO|bonhyog,1997-01-11,1997,no_match,,,,,,,,,,,,,,,,,,,,,,,,,,
han---000doo,Doo Sol Han,1997-01-15,,HAN|doosol,HAN|dosol,1997-01-15,1997,no_match,,,,,,,,,,,,,,,,,,,,,,,,,,
takaha000rod,Bo Takahashi,1997-01-23,"Presidente Prudente, Sao Paulo, BR",|botakahashi,|bodagahasi,1997-01-23,1997,no_match,,,,,,,,,,,,,,,,,,,,,,,,,,
ahn---001san,Sang Hyun An,1997-01-27,,AHN|hyunsang,AHN|hyonsang,1997-01-27,1997,no_match,,,,,,,,,,,,,,,,,,,,,,,,,,
koo---000cha,Chang Mo Koo,1997-02-17,KR,KOO|changmo,KOO|jangmo,1997-02-17,1997,no_match,,,,,,,,,,,,,,,,,,,,,,,,,,
moon--002sun,Sung Ju Moon,1997-02-20,,MOON|jusung,MOON|josong,1997-02-20,1997,no_match,,,,,,,,,,,,,,,,,,,,,,,,,,
wells-000lac,Lachlan Wells,1997-02-27,"Newcastle, New South Wales, AU",|lachlanwells,|lajlanwels,1997-02-27,1997,no_match,,,,,,,,,,,,,,,,,,,,,,,,,,
park--007san,Sang Un Park,1997-03-03,KR,PARK|sangun,PARK|onsang,1997-03-03,1997,no_match,,,,,,,,,,,,,,,,,,,,,,,,,,
yu----005jae,Jae Yu Yu,1997-03-03,,RYU|jaeyu,RYU|jeyo,1997-03-03,1997,no_match,,,,,,,,,,,,,,,,,,,,,,,,,,
choi--000chu,Chung Yeon Choi,1997-03-05,,CHOI|chungyeon,CHOI|jongyon,1997-03-05,1997,no_match,,,,,,,,,,,,,,,,,,,,,,,,,,
you---000you,Young Chan You,1997-03-07,"Ansan, KR",RYU|chanyoung,RYU|janyong,1997-03-07,1997,no_match,,,,,,,,,,,,,,,,,,,,,,,,,,
kim---010dae,Dae Hyun Kim,1997-03-08,,KIM|daehyun,KIM|dehyon,1997-03-08,1997,no_match,,,,,,,,,,,,,,,,,,,,,,,,,,
kim---005kyu,Kyu Sung Kim,1997-03-08,KR,KIM|kyusung,KIM|gyosong,1997-03-08,1997,no_match,,,,,,,,,,,,,,,,,,,,,,,,,,
kim---006cha,Chan-ho Kim,1997-03-10,,KIM|chanho,KIM|hojan,1997-03-10,1997,no_match,,,,,,,,,,,,,,,,,,,,,,,,,,
chung-000don,Dong Hyun Jeong,1997-03-20,,JUNG|donghyun,JUNG|donghyon,1997-03-20,1997,no_match,,,,,,,,,,,,,,,,,,,,,,,,,,
choi--004won,Won Jun Choi,1997-03-23,,CHOI|junwon,CHOI|jonwon,1997-03-23,1997,no_match,,,,,,,,,,,,,,,,,,,,,,,,,,
park--000gwa,Gwan Jin Park,1997-03-26,,PARK|gwanjin,PARK|gwanjin,1997-03-26,1997,no_match,,,,,,,,,,,,,,,,,,,,,,,,,,
chang-000jee,Ji Hoon Jang,1997-03-31,,JANG|hoonji,JANG|honji,1997-03-31,1997,no_match,,,,,,,,,,,,,,,,,,,,,,,,,,
kang--000jae,Jae Min Kang,1997-04-03,,KANG|jaemin,KANG|jemin,1997-04-03,1997,no_match,,,,,,,,,,,,,,,,,,,,,,,,,,
byeon-000san,Sang Kwon Byeon,1997-04-04,,BYUN|kwonsang,BYUN|gwonsang,1997-04-04,1997,no_match,,,,,,,,,,,,,,,,,,,,,,,,,,
choi--002woo,Woo Jae Choi,1997-04-11,,CHOI|jaewoo,CHOI|jewo,1997-04-11,1997,no_match,,,,,,,,,,,,,,,,,,,,,,,,,,
chang-000wun,Wung Joung Chang,1997-04-11,,JANG|joungwung,JANG|jongwong,1997-04-11,1997,no_match,,,,,,,,,,,,,,,,,,,,,,,,,,
yang--003seo,Seon Ryul Yang,1997-04-15,,YANG|ryulseon,YANG|lyolson,1997-04-15,1997,no_match,,,,,,,,,,,,,,,,,,,,,,,,,,
choi--002sun,Sung-yeong Choi,1997-04-28,,CHOI|sungyeong,CHOI|songyong,1997-04-28,1997,no_match,,,,,,,,,,,,,,,,,,,,,,,,,,
kang--000san,Sang Won Kang,1997-05-05,,KANG|sangwon,KANG|sangwon,1997-05-05,1997,no_match,,,,,,,,,,,,,,,,,,,,,,,,,,
kim---023don,Dong Uk Kim,1997-05-16,,KIM|donguk,KIM|dongog,1997-05-16,1997,no_match,,,,,,,,,,,,,,,,,,,,,,,,,,
han---003seu,Seung Ji Han,1997-05-19,,HAN|jiseung,HAN|jisong,1997-05-19,1997,no_match,,,,,,,,,,,,,,,,,,,,,,,,,,
yang--001cha,Chan Yeol Yang,1997-05-25,,YANG|chanyeol,YANG|janyol,1997-05-25,1997,no_match,,,,,,,,,,,,,,,,,,,,,,,,,,
lee---016jon,Jong-hyeok Lee,1997-05-29,,LEE|hyeokjong,LEE|hyogjong,1997-05-29,1997,no_match,,,,,,,,,,,,,,,,,,,,,,,,,,
kim---002hyu,Hyun Jun Kim,1997-06-05,,KIM|hyunjun,KIM|hyonjon,1997-06-05,1997,no_match,,,,,,,,,,,,,,,,,,,,,,,,,,
kim---026tae,Tae Yean Kim,1997-06-10,KR,KIM|taeyean,KIM|deyean,1997-06-10,1997,no_match,,,,,,,,,,,,,,,,,,,,,,,,,,
lee---008geo,Geo Yeon Lee,1997-06-15,,LEE|geoyeon,LEE|goyon,1997-06-15,1997,no_match,,,,,,,,,,,,,,,,,,,,,,,,,,
song--000hoo,Hoo Sub Song,1997-06-18,,SONG|hoosub,SONG|hosob,1997-06-18,1997,no_match,,,,,,,,,,,,,,,,,,,,,,,,,,
park--002sae,Se Jin Park,1997-06-27,,PARK|jinse,PARK|jinse,1997-06-27,1997,no_match,,,,,,,,,,,,,,,,,,,,,,,,,,
ryu---000seu,Seung-hyun Ryu,1997-07-01,,RYU|hyunseung,RYU|hyonsong,1997-07-01,1997,no_match,,,,,,,,,,,,,,,,,,,,,,,,,,
park--003seo,Seon Woo Park,1997-07-12,,PARK|seonwoo,PARK|sonwo,1997-07-12,1997,no_match,,,,,,,,,,,,,,,,,,,,,,,,,,
hong--004seo,Seong Ho Hong,1997-07-15,,HONG|hoseong,HONG|hosong,1997-07-15,1997,no_match,,,,,,,,,,,,,,,,,,,,,,,,,,
park--004you,Young Bin Park,1997-07-16,,PARK|binyoung,PARK|binyong,1997-07-16,1997,no_match,,,,,,,,,,,,,,,,,,,,,,,,,,
lee---004jin,Jin Young Lee,1997-07-21,,LEE|jinyoung,LEE|jinyong,1997-07-21,1997,no_match,,,,,,,,,,,,,,,,,,,,,,,,,,
choi--000jih,Ji Hoon Choi,1997-07-23,KR,CHOI|hoonji,CHOI|honji,1997-07-23,1997,no_match,,,,,,,,,,,,,,,,,,,,,,,,,,
kim---027tae,Tae O Kim,1997-07-29,,KIM|otae,KIM|deo,1997-07-29,1997,no_match,,,,,,,,,,,,,,,,,,,,,,,,,,
park--003joo,Jun Young Park,1997-08-05,,PARK|junyoung,PARK|jonyong,1997-08-05,1997,no_match,,,,,,,,,,,,,,,,,,,,,,,,,,
hwang-001sun,Sun Do Hwang,1997-08-28,,HWANG|dosun,HWANG|doson,1997-08-28,1997,no_match,,,,,,,,,,,,,,,,,,,,,,,,,,
hong--000hyu,Hyeon Bin Hong,1997-08-29,,HONG|binhyeon,HONG|binhyon,1997-08-29,1997,no_match,,,,,,,,,,,,,,,,,,,,,,,,,,
seo---000eui,Eui Tae Seo,1997-09-05,KR,SEO|euitae,SEO|dei,1997-09-05,1997,no_match,,,,,,,,,,,,,,,,,,,,,,,,,,
kim---002ki-,Ki-yeon Kim,1997-09-07,KR,KIM|kiyeon,KIM|giyon,1997-09-07,1997,no_match,,,,,,,,,,,,,,,,,,,,,,,,,,
lim---004seo,Suk Jin Im,1997-10-10,,LIM|jinsuk,LIM|jinsog,1997-10-10,1997,no_match,,,,,,,,,,,,,,,,,,,,,,,,,,
carden000rub,Ruben Cardenas,1997-10-10,"Los Angeles, CA, US",|cardenasruben,|galdenasloben,1997-10-10,1997,no_match,,,,,,,,,,,,,,,,,,,,,,,,,,
kim---036tae,Tae Woo Kim,1997-10-19,,KIM|taewoo,KIM|dewo,1997-10-19,1997,no_match,,,,,,,,,,,,,,,,,,,,,,,,,,
chung-001don,Dong Yoon Chung,1997-10-22,,YOON|chungdong,YOON|dongjong,1997-10-22,1997,no_match,,,,,,,,,,,,,,,,,,,,,,,,,,
cheon-000seo,Seong Ho Cheon,1997-10-30,,CHEON|hoseong,CHEON|hosong,1997-10-30,1997,no_match,,,,,,,,,,,,,,,,,,,,,,,,,,
lee---000you,Young Ha Lee,1997-11-01,,LEE|hayoung,LEE|hayong,1997-11-01,1997,no_match,,,,,,,,,,,,,,,,,,,,,,,,,,
choo--000hyo,Hyo Sang Joo,1997-11-11,,JOO|hyosang,JOO|hyosang,1997-11-11,1997,no_match,,,,,,,,,,,,,,,,,,,,,,,,,,
park--000woo,Woong Park,1997-11-12,,PARK|woong,PARK|wong,1997-11-12,1997,no_match,,,,,,,,,,,,,,,,,,,,,,,,,,
kim---048seo,Seong Jin Kim,1997-11-14,,KIM|jinseong,KIM|jinsong,1997-11-14,1997,no_match,,,,,,,,,,,,,,,,,,,,,,,,,,
lee---010jun,Jung Hyun Lee,1997-12-05,,LEE|hyunjung,LEE|hyonjong,1997-12-05,1997,no_match,,,,,,,,,,,,,,,,,,,,,,,,,,
kwon--000kwa,Kwang-Min Kwon,1997-12-12,"Seoul, KR",KWON|kwangmin,KWON|gwangmin,1997-12-12,1997,no_match,,,,,,,,,,,,,,,,,,,,,,,,,,
yu----006jae,Jae Hun Yoo,1997-12-18,,RYU|hunjae,RYU|honje,1997-12-18,1997,no_match,,,,,,,,,,,,,,,,,,,,,,,,,,
hwang-004seo,Seong Bin Hwang,1997-12-19,,HWANG|binseong,HWANG|binsong,1997-12-19,1997,no_match,,,,,,,,,,,,,,,,,,,,,,,,,,
seong-000jae,Jae Heon Seong,1997-12-22,,SUNG|heonjae,SUNG|honje,1997-12-22,1997,no_match,,,,,,,,,,,,,,,,,,,,,,,,,,
kim---007cha,Chan Hyung Kim,1997-12-29,,KIM|chanhyung,KIM|hyongjan,1997-12-29,1997,no_match,,,,,,,,,,,,,,,,,,,,,,,,,,
shin--000bum,Beom Soo Shin,1998-01-25,,SHIN|beomsoo,SHIN|bomso,1998-01-25,1998,no_match,,,,,,,,,,,,,,,,,,,,,,,,,,
kim---007ju-,Ju Sung Kim,1998-01-30,KR,KIM|jusung,KIM|josong,1998-01-30,1998,no_match,,,,,,,,,,,,,,,,,,,,,,,,,,
moon--001san,Sang In Moon,1998-01-31,,MOON|insang,MOON|insang,1998-01-31,1998,no_match,,,,,,,,,,,,,,,,,,,,,,,,,,
park--007jun,Jung Woo Park,1998-02-01,,PARK|jungwoo,PARK|jongwo,1998-02-01,1998,no_match,,,,,,,,,,,,,,,,,,,,,,,,,,
kim---009sun,Sung Hun Kim,1998-02-04,,KIM|hunsung,KIM|honsong,1998-02-04,1998,no_match,,,,,,,,,,,,,,,,,,,,,,,,,,
kim---001che,Cheol-ho Kim,1998-02-06,,KIM|cheolho,KIM|hojol,1998-02-06,1998,no_match,,,,,,,,,,,,,,,,,,,,,,,,,,
yu----001seu,Seung Cheol Yoo,1998-03-02,KR,RYU|cheolseung,RYU|jolsong,1998-03-02,1998,no_match,,,,,,,,,,,,,,,,,,,,,,,,,,
park--000chi,Chi Guk Park,1998-03-10,,PARK|chiguk,PARK|gogji,1998-03-10,1998,no_match,,,,,,,,,,,,,,,,,,,,,,,,,,
choi--000jee,Ji Guang Choi,1998-03-13,,CHOI|guangji,CHOI|goangji,1998-03-13,1998,no_match,,,,,,,,,,,,,,,,,,,,,,,,,,
na----000jon,Gyun An Na,1998-03-16,,AHN|gyunna,AHN|gyonna,1998-03-16,1998,no_match,,,,,,,,,,,,,,,,,,,,,,,,,,
bae---000don,Dong Hyun Bae,1998-03-16,,BAE|donghyun,BAE|donghyon,1998-03-16,1998,no_match,,,,,,,,,,,,,,,,,,,,,,,,,,
kim---022min,Min Su Kim,1998-03-18,KR,KIM|minsu,KIM|minso,1998-03-18,1998,no_match,,,,,,,,,,,,,,,,,,,,,,,,,,
kim---000suh,Su Hwan Kim,1998-03-20,,KIM|hwansu,KIM|hwanso,1998-03-20,1998,no_match,,,,,,,,,,,,,,,,,,,,,,,,,,
kim---031tae,Tae Hyun Kim,1998-03-21,KR,KIM|hyuntae,KIM|dehyon,1998-03-21,1998,no_match,,,,,,,,,,,,,,,,,,,,,,,,,,
park--001seo,Seong Han Park,1998-03-30,KR,PARK|hanseong,PARK|hansong,1998-03-30,1998,no_match,,,,,,,,,,,,,,,,,,,,,,,,,,
yang--000yi-,Yi Jun Kang,1998-04-07,,KANG|junyi,KANG|ijon,1998-04-07,1998,no_match,,,,,,,,,,,,,,,,,,,,,,,,,,
lee---013jeo,Jeong Beom Lee,1998-04-10,,LEE|beomjeong,LEE|bomjong,1998-04-10,1998,no_match,,,,,,,,,,,,,,,,,,,,,,,,,,
ok----000seo,Seok Ju Oh,1998-04-14,,OH|juseok,OH|josog,1998-04-14,1998,no_match,,,,,,,,,,,,,,,,,,,,,,,,,,
kim---034tae,Tae Wook Kim,1998-04-15,,KIM|taewook,KIM|dewog,1998-04-15,1998,no_match,,,,,,,,,,,,,,,,,,,,,,,,,,
iimura000sho,Shota Iimura,1998-04-28,,|iimurashota,|imolasoda,1998-04-28,1998,no_match,,,,,,,,,,,,,,,,,,,,,,,,,,
jeon--000jin,Jin Young Jeon,1998-04-30,,JEON|jinyoung,JEON|jinyong,1998-04-30,1998,no_match,,,,,,,,,,,,,,,,,,,,,,,,,,
kim---001hoj,Ho Jun Kim,1998-05-17,,KIM|hojun,KIM|hojon,1998-05-17,1998,no_match,,,,,,,,,,,,,,,,,,,,,,,,,,
miyamo000sat,Satoshi Miyamori,1998-05-28,,|miyamorisatoshi,|miyamolisadosi,1998-05-28,1998,no_match,,,,,,,,,,,,,,,,,,,,,,,,,,
ahn---000chi,Chi Young An,1998-05-29,,AHN|chiyoung,AHN|jiyong,1998-05-29,1998,no_match,,,,,,,,,,,,,,,,,,,,,,,,,,
park--002kun,Kun Woo Park,1998-06-03,,PARK|kunwoo,PARK|gonwo,1998-06-03,1998,no_match,,,,,,,,,,,,,,,,,,,,,,,,,,
kim---019jin,Jin Ho Kim,1998-06-07,,KIM|hojin,KIM|hojin,1998-06-07,1998,no_match,,,,,,,,,,,,,,,,,,,,,,,,,,
jo----000bye,Byeong Uk Jo,1998-06-08,,CHO|byeonguk,CHO|byongog,1998-06-08,1998,no_match,,,,,,,,,,,,,,,,,,,,,,,,,,
jeon--001jun,Jun Ho Jeon,1998-07-01,,JEON|hojun,JEON|hojon,1998-07-01,1998,no_match,,,,,,,,,,,,,,,,,,,,,,,,,,
lee---009won,Won-joon Lee,1998-07-02,,LEE|joonwon,LEE|jonwon,1998-07-02,1998,no_match,,,,,,,,,,,,,,,,,,,,,,,,,,
kyoyam000mas,Masaya Kyoyama,1998-07-04,,|kyoyamamasaya,|gyoyamamasaya,1998-07-04,1998,no_match,,,,,,,,,,,,,,,,,,,,,,,,,,
jang--000jee,Jee Seung Jang,1998-07-04,,JANG|jeeseung,JANG|jisong,1998-07-04,1998,no_match,,,,,,,,,,,,,,,,,,,,,,,,,,
kim---000dog,Do Gyu Kim,1998-07-11,,KIM|dogyu,KIM|dogyo,1998-07-11,1998,no_match,,,,,,,,,,,,,,,,,,,,,,,,,,
kim---023jeo,Jeong Ho Kim,1998-07-13,,KIM|hojeong,KIM|hojong,1998-07-13,1998,no_match,,,,,,,,,,,,,,,,,,,,,,,,,,
kim---026min,Min Su Kim,1998-07-16,,KIM|minsu,KIM|minso,1998-07-16,1998,no_match,,,,,,,,,,,,,,,,,,,,,,,,,,
roh---000sih,Si Hun Roh,1998-08-04,,NOH|hunsi,NOH|honsi,1998-08-04,1998,no_match,,,,,,,,,,,,,,,,,,,,,,,,,,
lee---003byu,Byung-hwee Lee,1998-08-05,,LEE|byunghwee,LEE|byonghwi,1998-08-05,1998,no_match,,,,,,,,,,,,,,,,,,,,,,,,,,
lee---019cha,Chan Hyeok Lee,1998-08-19,,LEE|chanhyeok,LEE|hyogjan,1998-08-19,1998,no_match,,,,,,,,,,,,,,,,,,,,,,,,,,
moon--000dae,Dae Won Moon,1998-08-22,,MOON|daewon,MOON|dewon,1998-08-22,1998,no_match,,,,,,,,,,,,,,,,,,,,,,,,,,
kim---021jin,Jin Su Kim,1998-08-31,,KIM|jinsu,KIM|jinso,1998-08-31,1998,no_match,,,,,,,,,,,,,,,,,,,,,,,,,,
kwon--000don,Dong Jin Kwon,1998-09-12,,KWON|dongjin,KWON|dongjin,1998-09-12,1998,no_match,,,,,,,,,,,,,,,,,,,,,,,,,,
kim---028tae,Tae Hyoung Kim,1998-09-17,,KIM|hyoungtae,KIM|dehyong,1998-09-17,1998,no_match,,,,,,,,,,,,,,,,,,,,,,,,,,
lee---000juc,Ju Chan Lee,1998-09-21,,LEE|chanju,LEE|janjo,1998-09-21,1998,no_match,,,,,,,,,,,,,,,,,,,,,,,,,,
kim---002si-,Si Hyun Kim,1998-09-26,,KIM|hyunsi,KIM|hyonsi,1998-09-26,1998,no_match,,,,,,,,,,,,,,,,,,,,,,,,,,
kim---000kit,Gi Tak Kim,1998-09-30,,KIM|gitak,KIM|daggi,1998-09-30,1998,no_match,,,,,,,,,,,,,,,,,,,,,,,,,,
choi--001jon,Jong Eun Choi,1998-10-12,,CHOI|eunjong,CHOI|jongon,1998-10-12,1998,no_match,,,,,,,,,,,,,,,,,,,,,,,,,,
choi--000bos,Bo Sung Choi,1998-10-16,,CHOI|bosung,CHOI|bosong,1998-10-16,1998,no_match,,,,,,,,,,,,,,,,,,,,,,,,,,
kim---029jae,Jae Woong Kim,1998-10-22,,KIM|jaewoong,KIM|jewong,1998-10-22,1998,no_match,,,,,,,,,,,,,,,,,,,,,,,,,,
perlaz000yon,Yonathan Perlaza,1998-11-10,"Paramo Tucani, Merida, VE",|perlazayonathan,|belazayonadan,1998-11-10,1998,no_match,,,,,,,,,,,,,,,,,,,,,,,,,,
lee---021cha,Chae Ho Lee,1998-11-23,,LEE|chaeho,LEE|hoje,1998-11-23,1998,no_match,,,,,,,,,,,,,,,,,,,,,,,,,,
han---000cha,Cha Hyeon Han,1998-11-30,,CHA|hanhyeon,CHA|hanhyon,1998-11-30,1998,no_match,,,,,,,,,,,,,,,,,,,,,,,,,,
son---001ju-,Ju Young Son,1998-12-02,"Ulsan, KR",SON|juyoung,SON|joyong,1998-12-02,1998,no_match,,,,,,,,,,,,,,,,,,,,,,,,,,
jang--000jih,Ji Hun Jang,1998-12-06,,JANG|hunji,JANG|honji,1998-12-06,1998,no_match,,,,,,,,,,,,,,,,,,,,,,,,,,
kim---007seu,Seung Beom Kim,1998-12-07,,KIM|beomseung,KIM|bomsong,1998-12-07,1998,no_match,,,,,,,,,,,,,,,,,,,,,,,,,,
bae---000cha,Chang Hyun Bae,1998-12-09,,BAE|changhyun,BAE|hyonjang,1998-12-09,1998,no_match,,,,,,,,,,,,,,,,,,,,,,,,,,
oh----001yoo,Yoon Sung Oh,1998-12-10,KR,YOON|ohsung,YOON|osong,1998-12-10,1998,no_match,,,,,,,,,,,,,,,,,,,,,,,,,,
han---001hye,Hyeong Been Han,1998-12-11,,HAN|beenhyeong,HAN|binhyong,1998-12-11,1998,no_match,,,,,,,,,,,,,,,,,,,,,,,,,,
yang--000gi-,Gi-hyun Yang,1998-12-16,KR,YANG|gihyun,YANG|gihyon,1998-12-16,1998,no_match,,,,,,,,,,,,,,,,,,,,,,,,,,
lee---023jae,Jae Hong Lee,1998-12-17,,LEE|hongjae,LEE|hongje,1998-12-17,1998,no_match,,,,,,,,,,,,,,,,,,,,,,,,,,
lee---017seu,Seung Heon Lee,1998-12-19,,LEE|heonseung,LEE|honsong,1998-12-19,1998,no_match,,,,,,,,,,,,,,,,,,,,,,,,,,
park--000yu-,Yu Yeon Park,1998-12-20,,PARK|yeonyu,PARK|yoyon,1998-12-20,1998,no_match,,,,,,,,,,,,,,,,,,,,,,,,,,
cho---001min,Min Suk Cho,1998-12-21,,CHO|minsuk,CHO|minsog,1998-12-21,1998,no_match,,,,,,,,,,,,,,,,,,,,,,,,,,
lee---000inh,In Han Lee,1998-12-24,,LEE|hanin,LEE|hanin,1998-12-24,1998,no_match,,,,,,,,,,,,,,,,,,,,,,,,,,
lee---003in-,In Hyok Yi,1999-01-03,,LEE|hyokin,LEE|hyogin,1999-01-03,1999,no_match,,,,,,,,,,,,,,,,,,,,,,,,,,
kim---016yeo,Young Jun Kim,1999-01-12,,KIM|junyoung,KIM|jonyong,1999-01-12,1999,no_match,,,,,,,,,,,,,,,,,,,,,,,,,,
kim---028jae,Jae-kyun Kim,1999-01-17,,KIM|jaekyun,KIM|gyonje,1999-01-17,1999,no_match,,,,,,,,,,,,,,,,,,,,,,,,,,
seok--000jeu,Jeung Woo Seok,1999-01-20,,SEOK|jeungwoo,SEOK|jongwo,1999-01-20,1999,no_match,,,,,,,,,,,,,,,,,,,,,,,,,,
wynne-000coe,Coen Wynne,1999-01-25,"Westmead, New South Wales, AU",|coenwynne,|genwyne,1999-01-25,1999,no_match,,,,,,,,,,,,,,,,,,,,,,,,,,
kim---044seo,Seong Yoon Kim,1999-02-02,KR,KIM|seongyoon,KIM|songyon,1999-02-02,1999,no_match,,,,,,,,,,,,,,,,,,,,,,,,,,
shin--002min,Min Hyeok Shin,1999-02-04,KR,SHIN|hyeokmin,SHIN|hyogmin,1999-02-04,1999,no_match,,,,,,,,,,,,,,,,,,,,,,,,,,
jo----000you,Young Gun Cho,1999-02-04,,CHO|gunyoung,CHO|gonyong,1999-02-04,1999,no_match,,,,,,,,,,,,,,,,,,,,,,,,,,
lee---015seu,Seung Ho Lee,1999-02-08,,LEE|hoseung,LEE|hosong,1999-02-08,1999,no_match,,,,,,,,,,,,,,,,,,,,,,,,,,
so----000yi-,Rhee Hyun So,1999-02-09,,SEO|hyunrhee,SEO|hyonlhi,1999-02-09,1999,no_match,,,,,,,,,,,,,,,,,,,,,,,,,,
heo---000gwa,Gwan Hoe Heo,1999-02-12,KR,HEO|gwanhoe,HEO|gwanhe,1999-02-12,1999,no_match,,,,,,,,,,,,,,,,,,,,,,,,,,
han---001joo,Joon-soon Han,1999-02-13,,HAN|joonsoon,HAN|jonson,1999-02-13,1999,no_match,,,,,,,,,,,,,,,,,,,,,,,,,,
song--002cha,Chan Eui Song,1999-02-20,KR,SONG|chaneui,SONG|ijan,1999-02-20,1999,no_match,,,,,,,,,,,,,,,,,,,,,,,,,,
kwon--000min,Min Seok Kwon,1999-02-20,,KWON|minseok,KWON|minsog,1999-02-20,1999,no_match,,,,,,,,,,,,,,,,,,,,,,,,,,
choo--000jae,Jae Hyun Choo,1999-02-22,KR,JOO|hyunjae,JOO|hyonje,1999-02-22,1999,no_match,,,,,,,,,,,,,,,,,,,,,,,,,,
kim---000sih,Si Hoon Kim,1999-02-24,,KIM|hoonsi,KIM|honsi,1999-02-24,1999,no_match,,,,,,,,,,,,,,,,,,,,,,,,,,
park--000soo,Soo Jong Park,1999-02-25,,PARK|jongsoo,PARK|jongso,1999-02-25,1999,no_match,,,,,,,,,,,,,,,,,,,,,,,,,,
yoon--001seo,Seong Pin Yoon,1999-02-26,,YOON|pinseong,YOON|binsong,1999-02-26,1999,no_match,,,,,,,,,,,,,,,,,,,,,,,,,,
kim---045seo,Seok Hwan Kim,1999-02-28,,KIM|hwanseok,KIM|hwansog,1999-02-28,1999,no_match,,,,,,,,,,,,,,,,,,,,,,,,,,
lee---021jae,Jae Yong Lee,1999-02-28,,LEE|jaeyong,LEE|jeyong,1999-02-28,1999,no_match,,,,,,,,,,,,,,,,,,,,,,,,,,
park--009jun,Jun Hyeong Park,1999-03-07,,PARK|hyeongjun,PARK|hyongjon,1999-03-07,1999,no_match,,,,,,,,,,,,,,,,,,,,,,,,,,
ye----000jin,Jin Won Ye,1999-03-16,,JIN|wonye,JIN|wonye,1999-03-16,1999,no_match,,,,,,,,,,,,,,,,,,,,,,,,,,
jun---000gye,Gyeong Won Jun,1999-03-18,,JEON|gyeongwon,JEON|gyongwon,1999-03-18,1999,no_match,,,,,,,,,,,,,,,,,,,,,,,,,,
cho---004sun,Sung Hun Cho,1999-03-22,,CHO|hunsung,CHO|honsong,1999-03-22,1999,no_match,,,,,,,,,,,,,,,,,,,,,,,,,,
choi--001joo,Joon-woo Choi,1999-03-25,,CHOI|joonwoo,CHOI|jonwo,1999-03-25,1999,no_match,,,,,,,,,,,,,,,,,,,,,,,,,,
choi--000ha-,Ha-neul Choi,1999-03-26,,CHOI|haneul,CHOI|hanol,1999-03-26,1999,no_match,,,,,,,,,,,,,,,,,,,,,,,,,,
oh----002jun,Jeong Hwan Oh,1999-03-27,,OH|hwanjeong,OH|hwanjong,1999-03-27,1999,no_match,,,,,,,,,,,,,,,,,,,,,,,,,,
jeong-000che,Cheol Won Jeong,1999-03-27,KR,JUNG|cheolwon,JUNG|jolwon,1999-03-27,1999,no_match,,,,,,,,,,,,,,,,,,,,,,,,,,
lee---010won,Won Seok Lee,1999-03-31,KR,LEE|seokwon,LEE|sogwon,1999-03-31,1999,no_match,,,,,,,,,,,,,,,,,,,,,,,,,,
park--006jin,Jin Park,1999-04-02,,PARK|jin,PARK|jin,1999-04-02,1999,no_match,,,,,,,,,,,,,,,,,,,,,,,,,,
choi--000keo,Keon Choi,1999-04-10,,CHOI|keon,CHOI|gon,1999-04-10,1999,no_match,,,,,,,,,,,,,,,,,,,,,,,,,,
hernan006wil,Wilkel Hernandez,1999-04-13,"La Carlota, VE",|hernandezwilkel,|helnandezwilgel,1999-04-13,1999,no_match,,,,,,,,,,,,,,,,,,,,,,,,,,
kim---024min,Min Kim,1999-04-14,,KIM|min,KIM|min,1999-04-14,1999,no_match,,,,,,,,,,,,,,,,,,,,,,,,,,
ko----000myu,Myeong Seong Go,1999-04-16,,KO|myeongseong,KO|myongsong,1999-04-16,1999,no_match,,,,,,,,,,,,,,,,,,,,,,,,,,
kim---025min,Min Gyu Kim,1999-05-07,,KIM|gyumin,KIM|gyomin,1999-05-07,1999,no_match,,,,,,,,,,,,,,,,,,,,,,,,,,
yun---002san,San Heum Yun,1999-05-15,,YOON|heumsan,YOON|homsan,1999-05-15,1999,no_match,,,,,,,,,,,,,,,,,,,,,,,,,,
kim---008jun,Jung-woo Kim,1999-05-15,,KIM|jungwoo,KIM|jongwo,1999-05-15,1999,no_match,,,,,,,,,,,,,,,,,,,,,,,,,,
seong-000don,Dong Hyun Sung,1999-05-18,,SUNG|donghyun,SUNG|donghyon,1999-05-18,1999,no_match,,,,,,,,,,,,,,,,,,,,,,,,,,
park--002don,Dong Soo Park,1999-05-24,,PARK|dongsoo,PARK|dongso,1999-05-24,1999,no_match,,,,,,,,,,,,,,,,,,,,,,,,,,
gwak--000bee,Been Gwak,1999-05-28,"Seoul, KR",KWAK|been,KWAK|bin,1999-05-28,1999,no_match,,,,,,,,,,,,,,,,,,,,,,,,,,
han---001don,Dong Hui Han,1999-06-01,,HAN|donghui,HAN|donghi,1999-06-01,1999,no_match,,,,,,,,,,,,,,,,,,,,,,,,,,
lee---023cha,Chang-Yong Lee,1999-06-03,KR,LEE|changyong,LEE|jangyong,1999-06-03,1999,no_match,,,,,,,,,,,,,,,,,,,,,,,,,,
choi--003min,Min Jun Choi,1999-06-11,,CHOI|junmin,CHOI|jonmin,1999-06-11,1999,no_match,,,,,,,,,,,,,,,,,,,,,,,,,,
kim---005yu-,Yu Sin Kim,1999-06-14,,KIM|sinyu,KIM|sinyo,1999-06-14,1999,no_match,,,,,,,,,,,,,,,,,,,,,,,,,,
yoon--002jeo,Jeong Bin Yoon,1999-06-24,,YOON|binjeong,YOON|binjong,1999-06-24,1999,no_match,,,,,,,,,,,,,,,,,,,,,,,,,,
jeon--000min,Min Jae Jeon,1999-06-30,,JEON|jaemin,JEON|jemin,1999-06-30,1999,no_match,,,,,,,,,,,,,,,,,,,,,,,,,,
lee---000jig,Ji Gang Lee,1999-07-02,,LEE|gangji,LEE|gangji,1999-07-02,1999,no_match,,,,,,,,,,,,,,,,,,,,,,,,,,
heo---003jun,Jun Hyuk Heo,1999-07-02,,HEO|hyukjun,HEO|hyogjon,1999-07-02,1999,no_match,,,,,,,,,,,,,,,,,,,,,,,,,,
chun--000hyu,Hyun Jae Chun,1999-07-05,,JEON|hyunjae,JEON|hyonje,1999-07-05,1999,no_match,,,,,,,,,,,,,,,,,,,,,,,,,,
jeon--000sa-,Sa Min Chun,1999-07-06,,JEON|minsa,JEON|minsa,1999-07-06,1999,no_match,,,,,,,,,,,,,,,,,,,,,,,,,,
park--000shi,Shin-jee Park,1999-07-16,,PARK|jeeshin,PARK|jisin,1999-07-16,1999,no_match,,,,,,,,,,,,,,,,,,,,,,,,,,
lee---016jae,Jae Won Lee,1999-07-17,KR,LEE|jaewon,LEE|jewon,1999-07-17,1999,no_match,,,,,,,,,,,,,,,,,,,,,,,,,,
lim---000geu,Geun Woo Lim,1999-07-22,,LIM|geunwoo,LIM|gonwo,1999-07-22,1999,no_match,,,,,,,,,,,,,,,,,,,,,,,,,,
kim---017yon,Yong Ha Kim,1999-07-27,,KIM|hayong,KIM|hayong,1999-07-27,1999,no_match,,,,,,,,,,,,,,,,,,,,,,,,,,
kang--000bae,Baek Ho Kang,1999-07-29,KR,KANG|baekho,KANG|begho,1999-07-29,1999,no_match,,,,,,,,,,,,,,,,,,,,,,,,,,
miyaji000yur,Yura Miyaji,1999-08-02,,|miyajiyura,|miyajiyola,1999-08-02,1999,no_match,,,,,,,,,,,,,,,,,,,,,,,,,,
park--002juh,Ju Hyeon Park,1999-08-03,,PARK|hyeonju,PARK|hyonjo,1999-08-03,1999,no_match,,,,,,,,,,,,,,,,,,,,,,,,,,
cho---000dae,Dae Hyun Cho,1999-08-06,,CHO|daehyun,CHO|dehyon,1999-08-06,1999,no_match,,,,,,,,,,,,,,,,,,,,,,,,,,
jung--001woo,Woo Young Jung,1999-08-19,KR,JUNG|wooyoung,JUNG|woyong,1999-08-19,1999,no_match,,,,,,,,,,,,,,,,,,,,,,,,,,
park--000ju-,Ju-hong Park,1999-08-20,KR,PARK|hongju,PARK|hongjo,1999-08-20,1999,no_match,,,,,,,,,,,,,,,,,,,,,,,,,,
choi--002san,Sang Min Choi,1999-08-20,,CHOI|minsang,CHOI|minsang,1999-08-20,1999,no_match,,,,,,,,,,,,,,,,,,,,,,,,,,
ahn---000woo,Woo Jin An,1999-08-30,,AHN|jinwoo,AHN|jinwo,1999-08-30,1999,no_match,,,,,,,,,,,,,,,,,,,,,,,,,,
park--005joo,Joon Hyuk Park,1999-08-30,,PARK|hyukjoon,PARK|hyogjon,1999-08-30,1999,no_match,,,,,,,,,,,,,,,,,,,,,,,,,,
jung--000bo-,Bo Keun Jeong,1999-08-31,,JUNG|bokeun,JUNG|bogon,1999-08-31,1999,no_match,,,,,,,,,,,,,,,,,,,,,,,,,,
ha----002jun,Jun Young Ha,1999-09-06,,JEON|hayoung,JEON|hayong,1999-09-06,1999,no_match,,,,,,,,,,,,,,,,,,,,,,,,,,
tolhur000and,Anders Tolhurst,1999-09-13,"Santee, CA, US",|anderstolhurst,|andelsdolholsd,1999-09-13,1999,no_match,,,,,,,,,,,,,,,,,,,,,,,,,,
jang--000dus,Du Seong Jang,1999-09-16,,JANG|duseong,JANG|dosong,1999-09-16,1999,no_match,,,,,,,,,,,,,,,,,,,,,,,,,,
yang--000cha,Chang Seop Yang,1999-09-22,,JANG|seopyang,JANG|sobyang,1999-09-22,1999,no_match,,,,,,,,,,,,,,,,,,,,,,,,,,
kong--000min,Min-gyu Kong,1999-09-27,,GONG|gyumin,GONG|gyomin,1999-09-27,1999,no_match,,,,,,,,,,,,,,,,,,,,,,,,,,
yang--006seu,Seung Hyuk Yang,1999-09-29,,YANG|hyukseung,YANG|hyogsong,1999-09-29,1999,no_match,,,,,,,,,,,,,,,,,,,,,,,,,,
hiramo000gin,Ginjiro Hiramoto,1999-09-30,,|ginjirohiramoto,|ginjilohilamodo,1999-09-30,1999,no_match,,,,,,,,,,,,,,,,,,,,,,,,,,
severi000yun,Yunior Severino,1999-10-03,"Santo Domingo, Distrito Nacional, DO",|severinoyunior,|sevelinoyoniol,1999-10-03,1999,no_match,,,,,,,,,,,,,,,,,,,,,,,,,,
hwang-000you,Young Mook Hwang,1999-10-16,,HWANG|mookyoung,HWANG|mogyong,1999-10-16,1999,no_match,,,,,,,,,,,,,,,,,,,,,,,,,,
lee---005byu,Byung Heon Lee,1999-10-26,KR,LEE|byungheon,LEE|byonghon,1999-10-26,1999,no_match,,,,,,,,,,,,,,,,,,,,,,,,,,
kim---017hye,Hyung Jun Kim,1999-11-02,KR,KIM|hyungjun,KIM|hyongjon,1999-11-02,1999,no_match,,,,,,,,,,,,,,,,,,,,,,,,,,
yuto--000kan,Kanakubo Yuto,1999-11-04,,|kanakuboyuto,|ganagoboyodo,1999-11-04,1999,no_match,,,,,,,,,,,,,,,,,,,,,,,,,,
bae---002min,Min Seo Bae,1999-11-18,,BAE|minseo,BAE|minso,1999-11-18,1999,no_match,,,,,,,,,,,,,,,,,,,,,,,,,,
lee---023seu,Seung Gwan Lee,1999-12-01,,LEE|gwanseung,LEE|gwansong,1999-12-01,1999,no_match,,,,,,,,,,,,,,,,,,,,,,,,,,
kang--009min,Min Sung Kang,1999-12-08,,KANG|minsung,KANG|minsong,1999-12-08,1999,no_match,,,,,,,,,,,,,,,,,,,,,,,,,,
kim---004yoo,Yun Su Kim,1999-12-08,,KIM|suyun,KIM|soyon,1999-12-08,1999,no_match,,,,,,,,,,,,,,,,,,,,,,,,,,
kim---031jae,Jae Hyuk Kim,1999-12-26,,KIM|hyukjae,KIM|hyogje,1999-12-26,1999,no_match,,,,,,,,,,,,,,,,,,,,,,,,,,
lee---022jae,Jae Min Lee,1999-12-27,,LEE|jaemin,LEE|jemin,1999-12-27,1999,no_match,,,,,,,,,,,,,,,,,,,,,,,,,,
kim---001ki-,Ki-hoon Kim,2000-01-03,KR,KIM|hoonki,KIM|gihon,2000-01-03,2000,no_match,,,,,,,,,,,,,,,,,,,,,,,,,,
lee---000myu,Myuong Ki Lee,2000-01-03,,LEE|kimyuong,LEE|gimyoong,2000-01-03,2000,no_match,,,,,,,,,,,,,,,,,,,,,,,,,,
baek--001seu,Seung Woo Baek,2000-01-04,,BAEK|seungwoo,BAEK|songwo,2000-01-04,2000,no_match,,,,,,,,,,,,,,,,,,,,,,,,,,
cho---000yoh,Yo Han Cho,2000-01-06,,CHO|hanyo,CHO|hanyo,2000-01-06,2000,no_match,,,,,,,,,,,,,,,,,,,,,,,,,,
kim---007in-,In-beom Kim,2000-01-12,KR,KIM|beomin,KIM|bomin,2000-01-12,2000,no_match,,,,,,,,,,,,,,,,,,,,,,,,,,
kim---016jin,Jin Wook Kim,2000-01-13,,KIM|jinwook,KIM|jinwog,2000-01-13,2000,no_match,,,,,,,,,,,,,,,,,,,,,,,,,,
seo---001san,Sang Jun Seo,2000-01-14,,SEO|junsang,SEO|jonsang,2000-01-14,2000,no_match,,,,,,,,,,,,,,,,,,,,,,,,,,
jung--000eun,Eun Won Jung,2000-01-17,,JUNG|eunwon,JUNG|onwon,2000-01-17,2000,no_match,,,,,,,,,,,,,,,,,,,,,,,,,,
choi--000inh,In Ho Choi,2000-01-30,,CHOI|hoin,CHOI|hoin,2000-01-30,2000,no_match,,,,,,,,,,,,,,,,,,,,,,,,,,
oh----001yeo,Yeong-soo Oh,2000-01-30,,OH|sooyeong,OH|soyong,2000-01-30,2000,no_match,,,,,,,,,,,,,,,,,,,,,,,,,,
ju----000seu,Seung Woo Ju,2000-01-30,,JOO|seungwoo,JOO|songwo,2000-01-30,2000,no_match,,,,,,,,,,,,,,,,,,,,,,,,,,
song--000dae,Dae Hyun Song,2000-02-03,,SONG|daehyun,SONG|dehyon,2000-02-03,2000,no_match,,,,,,,,,,,,,,,,,,,,,,,,,,
kim---003you,Young Kyu Kim,2000-02-10,"Gwangju, KR",KIM|kyuyoung,KIM|gyoyong,2000-02-10,2000,no_match,,,,,,,,,,,,,,,,,,,,,,,,,,
jeon--001yon,Yong-ju Jeon,2000-02-12,,JEON|juyong,JEON|joyong,2000-02-12,2000,no_match,,,,,,,,,,,,,,,,,,,,,,,,,,
son---000yun,Yung Jun Son,2000-02-15,,JEON|sonyung,JEON|sonyong,2000-02-15,2000,no_match,,,,,,,,,,,,,,,,,,,,,,,,,,
kim---003hyu,Hyun Min Kim,2000-02-23,,KIM|hyunmin,KIM|hyonmin,2000-02-23,2000,no_match,,,,,,,,,,,,,,,,,,,,,,,,,,
yoon--001soo,Soo Nyeong Yoon,2000-03-01,,YOON|nyeongsoo,YOON|nyongso,2000-03-01,2000,no_match,,,,,,,,,,,,,,,,,,,,,,,,,,
jeong-001woo,Woo Jun Jeong,2000-03-17,,JEON|jeongwoo,JEON|jongwo,2000-03-17,2000,no_match,,,,,,,,,,,,,,,,,,,,,,,,,,
kim---011sun,Sung Jin Kim,2000-03-17,,KIM|jinsung,KIM|jinsong,2000-03-17,2000,no_match,,,,,,,,,,,,,,,,,,,,,,,,,,
byun--000woo,Woo-hyuk Byun,2000-03-18,,BYUN|hyukwoo,BYUN|hyogwo,2000-03-18,2000,no_match,,,,,,,,,,,,,,,,,,,,,,,,,,
seo---003don,Dong Uk Seo,2000-03-24,,SEO|donguk,SEO|dongog,2000-03-24,2000,no_match,,,,,,,,,,,,,,,,,,,,,,,,,,
lee---011jun,Jun Ho Lee,2000-03-27,,LEE|hojun,LEE|hojon,2000-03-27,2000,no_match,,,,,,,,,,,,,,,,,,,,,,,,,,
won---000sun,Sung Jun Won,2000-03-31,,JEON|sungwon,JEON|songwon,2000-03-31,2000,no_match,,,,,,,,,,,,,,,,,,,,,,,,,,
kim---003yun,Yun Sik Kim,2000-04-03,KR,KIM|sikyun,KIM|sigyon,2000-04-03,2000,no_match,,,,,,,,,,,,,,,,,,,,,,,,,,
won---000tae,Tae In Won,2000-04-06,"Daegu, KR",WON|intae,WON|dein,2000-04-06,2000,no_match,,,,,,,,,,,,,,,,,,,,,,,,,,
park--005min,Min-suk Park,2000-04-13,,PARK|minsuk,PARK|minsog,2000-04-13,2000,no_match,,,,,,,,,,,,,,,,,,,,,,,,,,
yang--000woo,Woo Hyun Yang,2000-04-13,,YANG|hyunwoo,YANG|hyonwo,2000-04-13,2000,no_match,,,,,,,,,,,,,,,,,,,,,,,,,,
kim---006do-,Do Hwan Kim,2000-04-14,,KIM|dohwan,KIM|dohwan,2000-04-14,2000,no_match,,,,,,,,,,,,,,,,,,,,,,,,,,
seok--000san,Sang Ho Seok,2000-04-14,,SEOK|hosang,SEOK|hosang,2000-04-14,2000,no_match,,,,,,,,,,,,,,,,,,,,,,,,,,
kim---001beo,Beom Jun Kim,2000-04-20,,KIM|beomjun,KIM|bomjon,2000-04-20,2000,no_match,,,,,,,,,,,,,,,,,,,,,,,,,,
hong--000jon,Jong Pyo Hong,2000-05-02,,HONG|jongpyo,HONG|byojong,2000-05-02,2000,no_match,,,,,,,,,,,,,,,,,,,,,,,,,,
ha----003jun,Jun Su Ha,2000-05-07,KR,JEON|hasu,JEON|haso,2000-05-07,2000,no_match,,,,,,,,,,,,,,,,,,,,,,,,,,
kim---002geo,Geon Woong Kim,2000-05-08,,KIM|geonwoong,KIM|gonwong,2000-05-08,2000,no_match,,,,,,,,,,,,,,,,,,,,,,,,,,
yoo---000san,Sang Bin Yoo,2000-05-09,,RYU|binsang,RYU|binsang,2000-05-09,2000,no_match,,,,,,,,,,,,,,,,,,,,,,,,,,
sugimo000kok,Koki Sugimoto,2000-05-19,,|kokisugimoto,|gogisogimodo,2000-05-19,2000,no_match,,,,,,,,,,,,,,,,,,,,,,,,,,
jang--000ji-,Ji Su Jang,2000-05-25,,JANG|jisu,JANG|jiso,2000-05-25,2000,no_match,,,,,,,,,,,,,,,,,,,,,,,,,,
lee---000kyo,Kyo Hoon Lee,2000-05-29,,LEE|hoonkyo,LEE|gyohon,2000-05-29,2000,no_match,,,,,,,,,,,,,,,,,,,,,,,,,,
yoo---000jan,Jang Hyeok Yoo,2000-05-30,,RYU|hyeokjang,RYU|hyogjang,2000-05-30,2000,no_match,,,,,,,,,,,,,,,,,,,,,,,,,,
jeon--000cha,Chang Min Jeon,2000-06-09,,JEON|changmin,JEON|jangmin,2000-06-09,2000,no_match,,,,,,,,,,,,,,,,,,,,,,,,,,
kim---009cha,Chang Pyeong Kim,2000-06-14,,KIM|changpyeong,KIM|byongjang,2000-06-14,2000,no_match,,,,,,,,,,,,,,,,,,,,,,,,,,
jung--000kub,Ku Bum Jung,2000-06-16,,KOO|bumjung,KOO|bomjong,2000-06-16,2000,no_match,,,,,,,,,,,,,,,,,,,,,,,,,,
choi--005jeo,Jeong Won Choi,2000-06-24,,CHOI|jeongwon,CHOI|jongwon,2000-06-24,2000,no_match,,,,,,,,,,,,,,,,,,,,,,,,,,
bae---001you,Young Been Bae,2000-06-26,,BAE|beenyoung,BAE|binyong,2000-06-26,2000,no_match,,,,,,,,,,,,,,,,,,,,,,,,,,
song--004jae,Jae Sun Song,2000-06-30,,SONG|jaesun,SONG|jeson,2000-06-30,2000,no_match,,,,,,,,,,,,,,,,,,,,,,,,,,
kim---001hyu,Hyeon Su Kim,2000-07-10,KR,KIM|hyeonsu,KIM|hyonso,2000-07-10,2000,no_match,,,,,,,,,,,,,,,,,,,,,,,,,,
kang--011min,Min Kyun Kang,2000-07-17,,KANG|kyunmin,KANG|gyonmin,2000-07-17,2000,no_match,,,,,,,,,,,,,,,,,,,,,,,,,,
lee---001mit,Mit Eum Lee,2000-07-18,,LEE|eummit,LEE|midom,2000-07-18,2000,no_match,,,,,,,,,,,,,,,,,,,,,,,,,,
moon--000bog,Bo Gyeong Moon,2000-07-19,"Seoul, KR",MOON|bogyeong,MOON|bogyong,2000-07-19,2000,no_match,,,,,,,,,,,,,,,,,,,,,,,,,,
nam---000ho-,Ho Nam,2000-07-20,,NAM|ho,NAM|ho,2000-07-20,2000,no_match,,,,,,,,,,,,,,,,,,,,,,,,,,
toda--000nat,Natsuki Toda,2000-07-22,JP,|natsukitoda,|dodanadsogi,2000-07-22,2000,no_match,,,,,,,,,,,,,,,,,,,,,,,,,,
park--003you,Young Wan Park,2000-07-22,,PARK|wanyoung,PARK|wanyong,2000-07-22,2000,no_match,,,,,,,,,,,,,,,,,,,,,,,,,,
lee---002hae,Hae Seung Lee,2000-08-01,,LEE|haeseung,LEE|hesong,2000-08-01,2000,no_match,,,,,,,,,,,,,,,,,,,,,,,,,,
song--000myu,Myung Gi Song,2000-08-09,,SONG|gimyung,SONG|gimyong,2000-08-09,2000,no_match,,,,,,,,,,,,,,,,,,,,,,,,,,
ko----002seu,Seung Min Go,2000-08-11,KR,KO|minseung,KO|minsong,2000-08-11,2000,no_match,,,,,,,,,,,,,,,,,,,,,,,,,,
seo---000yoo,Yoo Sin Seo,2000-08-17,,SEO|sinyoo,SEO|sinyo,2000-08-17,2000,no_match,,,,,,,,,,,,,,,,,,,,,,,,,,
lee---019seu,Seung Min Lee,2000-08-26,,LEE|minseung,LEE|minsong,2000-08-26,2000,no_match,,,,,,,,,,,,,,,,,,,,,,,,,,
jung--000son,Seong Won Ju,2000-08-30,KR,JOO|seongwon,JOO|songwon,2000-08-30,2000,no_match,,,,,,,,,,,,,,,,,,,,,,,,,,
park--002seu,Seung Kyu Park,2000-09-02,,PARK|kyuseung,PARK|gyosong,2000-09-02,2000,no_match,,,,,,,,,,,,,,,,,,,,,,,,,,
park--000jih,Ji Hoon Park,2000-09-07,,PARK|hoonji,PARK|honji,2000-09-07,2000,no_match,,,,,,,,,,,,,,,,,,,,,,,,,,
dale--000jar,Jarryd Dale,2000-09-11,"Melbourne, Victoria, AU",|dalejarryd,|dalejalyd,2000-09-11,2000,no_match,,,,,,,,,,,,,,,,,,,,,,,,,,
kim---000yih,Yi Hwan Kim,2000-09-15,,KIM|hwanyi,KIM|hwani,2000-09-15,2000,no_match,,,,,,,,,,,,,,,,,,,,,,,,,,
kim---030don,Dong Hyeok Kim,2000-09-15,,KIM|donghyeok,KIM|donghyog,2000-09-15,2000,no_match,,,,,,,,,,,,,,,,,,,,,,,,,,
lee---008sun,Sun-woo Lee,2000-09-19,,LEE|sunwoo,LEE|sonwo,2000-09-19,2000,no_match,,,,,,,,,,,,,,,,,,,,,,,,,,
je----000hwa,Hwan Yu Je,2000-09-30,,RYU|hwanje,RYU|hwanje,2000-09-30,2000,no_match,,,,,,,,,,,,,,,,,,,,,,,,,,
kim---001bum,Bum Jun Kim,2000-09-30,,KIM|bumjun,KIM|bomjon,2000-09-30,2000,no_match,,,,,,,,,,,,,,,,,,,,,,,,,,
lee---022seu,Seung Jae Lee,2000-10-04,,LEE|jaeseung,LEE|jesong,2000-10-04,2000,no_match,,,,,,,,,,,,,,,,,,,,,,,,,,
kang--002jun,Jun Seo Kang,2000-10-13,,KANG|junseo,KANG|jonso,2000-10-13,2000,no_match,,,,,,,,,,,,,,,,,,,,,,,,,,
hong--002won,Won Bin Hong,2000-10-16,KR,HONG|binwon,HONG|binwon,2000-10-16,2000,no_match,,,,,,,,,,,,,,,,,,,,,,,,,,
jo----000han,Han Min Jo,2000-10-20,,CHO|hanmin,CHO|hanmin,2000-10-20,2000,no_match,,,,,,,,,,,,,,,,,,,,,,,,,,
park--003ji-,Ji Han Park,2000-10-21,"Busan, KR",PARK|hanji,PARK|hanji,2000-10-21,2000,no_match,,,,,,,,,,,,,,,,,,,,,,,,,,
song--002seu,Seung Hwan Song,2000-10-28,,SONG|hwanseung,SONG|hwansong,2000-10-28,2000,no_match,,,,,,,,,,,,,,,,,,,,,,,,,,
baek--000seu,Seung-geon Baek,2000-10-29,,BAEK|geonseung,BAEK|gonsong,2000-10-29,2000,no_match,,,,,,,,,,,,,,,,,,,,,,,,,,
seo---003jun,Jun Won Seo,2000-11-05,KR,SEO|junwon,SEO|jonwon,2000-11-05,2000,no_match,,,,,,,,,,,,,,,,,,,,,,,,,,
ryu---001hyu,Hyun In Ryu,2000-11-08,,RYU|hyunin,RYU|hyonin,2000-11-08,2000,no_match,,,,,,,,,,,,,,,,,,,,,,,,,,
park--004joo,Ju Seong Park,2000-11-09,,PARK|juseong,PARK|josong,2000-11-09,2000,no_match,,,,,,,,,,,,,,,,,,,,,,,,,,
yun---001jun,Jun Ho Yun,2000-11-14,,YOON|hojun,YOON|hojon,2000-11-14,2000,no_match,,,,,,,,,,,,,,,,,,,,,,,,,,
you---000jis,Ji Sung You,2000-11-15,,RYU|jisung,RYU|jisong,2000-11-15,2000,no_match,,,,,,,,,,,,,,,,,,,,,,,,,,
lim---001jun,Jun Hyeung Lim,2000-11-16,,LIM|hyeungjun,LIM|hyongjon,2000-11-16,2000,no_match,,,,,,,,,,,,,,,,,,,,,,,,,,
jeon--000ui-,Ui Jeon,2000-11-25,,JEON|ui,JEON|i,2000-11-25,2000,no_match,,,,,,,,,,,,,,,,,,,,,,,,,,
noh---000si-,Si Hwan Roh,2000-12-03,"Ulsan, KR",NOH|hwansi,NOH|hwansi,2000-12-03,2000,no_match,,,,,,,,,,,,,,,,,,,,,,,,,,
lee---026san,Sang Yung Lee,2000-12-03,,LEE|sangyung,LEE|sangyong,2000-12-03,2000,no_match,,,,,,,,,,,,,,,,,,,,,,,,,,
kim---011dae,Dae Han Kim,2000-12-06,,KIM|daehan,KIM|dehan,2000-12-06,2000,no_match,,,,,,,,,,,,,,,,,,,,,,,,,,
kwon--000hwi,Hwi Kwon,2000-12-07,KR,KWON|hwi,KWON|hwi,2000-12-07,2000,no_match,,,,,,,,,,,,,,,,,,,,,,,,,,
kim---000dob,Do Been Kim,2001-01-05,,KIM|beendo,KIM|bindo,2001-01-05,2001,no_match,,,,,,,,,,,,,,,,,,,,,,,,,,
kim---010sun,Sun Woo Kim,2001-01-18,,KIM|sunwoo,KIM|sonwo,2001-01-18,2001,no_match,,,,,,,,,,,,,,,,,,,,,,,,,,
kim---003han,Han Byul Kim,2001-01-18,,KIM|byulhan,KIM|byolhan,2001-01-18,2001,no_match,,,,,,,,,,,,,,,,,,,,,,,,,,
son---002don,Dong Hyun Son,2001-01-23,KR,SON|donghyun,SON|donghyon,2001-01-23,2001,no_match,,,,,,,,,,,,,,,,,,,,,,,,,,
oh----000don,Dong Uk Oh,2001-02-04,,OH|donguk,OH|dongog,2001-02-04,2001,no_match,,,,,,,,,,,,,,,,,,,,,,,,,,
jin---000woo,Woo Young Jin,2001-02-05,"Seoul, KR",JIN|wooyoung,JIN|woyong,2001-02-05,2001,no_match,,,,,,,,,,,,,,,,,,,,,,,,,,
nam---000jim,Ji Min Nam,2001-02-12,,NAM|jimin,NAM|jimin,2001-02-12,2001,no_match,,,,,,,,,,,,,,,,,,,,,,,,,,
cho---000jey,Je Young Cho,2001-02-12,,CHO|jeyoung,CHO|jeyong,2001-02-12,2001,no_match,,,,,,,,,,,,,,,,,,,,,,,,,,
wang--000yan,Yan-Cheng Wang,2001-02-14,,|chengwangyan,|jengwangyan,2001-02-14,2001,no_match,,,,,,,,,,,,,,,,,,,,,,,,,,
kim---007bye,Byeong Hwi Kim,2001-02-16,,KIM|byeonghwi,KIM|byonghwi,2001-02-16,2001,no_match,,,,,,,,,,,,,,,,,,,,,,,,,,
an----000ins,In San An,2001-02-27,,AHN|insan,AHN|insan,2001-02-27,2001,no_match,,,,,,,,,,,,,,,,,,,,,,,,,,
lee---013jun,Jun Woo Lee,2001-03-02,,LEE|junwoo,LEE|jonwo,2001-03-02,2001,no_match,,,,,,,,,,,,,,,,,,,,,,,,,,
kim---000jic,Ji Chan Kim,2001-03-08,,KIM|chanji,KIM|janji,2001-03-08,2001,no_match,,,,,,,,,,,,,,,,,,,,,,,,,,
lee---018jon,Jong Jun Lee,2001-03-09,,LEE|jongjun,LEE|jonjong,2001-03-09,2001,no_match,,,,,,,,,,,,,,,,,,,,,,,,,,
moon--002san,Sang Jun Moon,2001-03-14,,MOON|junsang,MOON|jonsang,2001-03-14,2001,no_match,,,,,,,,,,,,,,,,,,,,,,,,,,
ko----003seu,Seung Wan Ko,2001-03-15,,KO|seungwan,KO|songwan,2001-03-15,2001,no_match,,,,,,,,,,,,,,,,,,,,,,,,,,
han---002seu,Seung Ju Han,2001-03-17,,HAN|juseung,HAN|josong,2001-03-17,2001,no_match,,,,,,,,,,,,,,,,,,,,,,,,,,
lee---000juy,Ju Yeop Lee,2001-03-26,,LEE|juyeop,LEE|joyob,2001-03-26,2001,no_match,,,,,,,,,,,,,,,,,,,,,,,,,,
hong--001won,Won Pyo Hong,2001-03-27,KR,HONG|pyowon,HONG|byowon,2001-03-27,2001,no_match,,,,,,,,,,,,,,,,,,,,,,,,,,
lee---000juh,Ju Hyoung Lee,2001-04-02,,LEE|hyoungju,LEE|hyongjo,2001-04-02,2001,no_match,,,,,,,,,,,,,,,,,,,,,,,,,,
kim---030tae,Tae Gyeong Kim,2001-04-07,,KIM|gyeongtae,KIM|degyong,2001-04-07,2001,no_match,,,,,,,,,,,,,,,,,,,,,,,,,,
oh----002mye,Myeong Jin Oh,2001-04-09,,OH|jinmyeong,OH|jinmyong,2001-04-09,2001,no_match,,,,,,,,,,,,,,,,,,,,,,,,,,
kang--002hye,Hyeon Woo Kang,2001-04-13,,KANG|hyeonwoo,KANG|hyonwo,2001-04-13,2001,no_match,,,,,,,,,,,,,,,,,,,,,,,,,,
park--000juh,Ju Hong Park,2001-04-16,KR,PARK|hongju,PARK|hongjo,2001-04-16,2001,no_match,,,,,,,,,,,,,,,,,,,,,,,,,,
chang-001kyu,Kyu Bin Chang,2001-04-21,,JANG|binkyu,JANG|bingyo,2001-04-21,2001,no_match,,,,,,,,,,,,,,,,,,,,,,,,,,
oh----000won,Won Seok Oh,2001-04-23,KR,OH|seokwon,OH|sogwon,2001-04-23,2001,no_match,,,,,,,,,,,,,,,,,,,,,,,,,,
kim---047seo,Seong Min Kim,2001-04-30,,KIM|minseong,KIM|minsong,2001-04-30,2001,no_match,,,,,,,,,,,,,,,,,,,,,,,,,,
choi--002jon,Jong In Choi,2001-05-01,,CHOI|injong,CHOI|injong,2001-05-01,2001,no_match,,,,,,,,,,,,,,,,,,,,,,,,,,
jeong-007hye,Hyeon Su Jeong,2001-05-10,,JUNG|hyeonsu,JUNG|hyonso,2001-05-10,2001,no_match,,,,,,,,,,,,,,,,,,,,,,,,,,
park--000sih,Si Hoo Park,2001-05-10,,PARK|hoosi,PARK|hosi,2001-05-10,2001,no_match,,,,,,,,,,,,,,,,,,,,,,,,,,
choi--004seu,Seung Yong Choi,2001-05-11,,CHOI|seungyong,CHOI|songyong,2001-05-11,2001,no_match,,,,,,,,,,,,,,,,,,,,,,,,,,
park--001juh,Ju Hyeok Park,2001-05-18,TW,PARK|hyeokju,PARK|hyogjo,2001-05-18,2001,no_match,,,,,,,,,,,,,,,,,,,,,,,,,,
baek--000dus,Du San Baek,2001-05-20,,BAEK|dusan,BAEK|dosan,2001-05-20,2001,no_match,,,,,,,,,,,,,,,,,,,,,,,,,,
park--000siw,Si Won Park,2001-05-30,KR,PARK|siwon,PARK|siwon,2001-05-30,2001,no_match,,,,,,,,,,,,,,,,,,,,,,,,,,
choi--000sec,Se Chang Choi,2001-06-01,,CHOI|changse,CHOI|jangse,2001-06-01,2001,no_match,,,,,,,,,,,,,,,,,,,,,,,,,,
lee---017jon,Jong Min Lee,2001-06-04,,LEE|jongmin,LEE|jongmin,2001-06-04,2001,no_match,,,,,,,,,,,,,,,,,,,,,,,,,,
shirak000kei,Keisho Shirakawa,2001-06-04,,|keishoshirakawa,|geisosilagawa,2001-06-04,2001,no_match,,,,,,,,,,,,,,,,,,,,,,,,,,
park--006min,Min Park,2001-06-05,KR,PARK|min,PARK|min,2001-06-05,2001,no_match,,,,,,,,,,,,,,,,,,,,,,,,,,
shin--000jee,Jee Hoo Shin,2001-06-12,,SHIN|hoojee,SHIN|hoji,2001-06-12,2001,no_match,,,,,,,,,,,,,,,,,,,,,,,,,,
choi--000myo,Myong Kyong Choi,2001-06-14,,CHOI|kyongmyong,CHOI|gyongmyong,2001-06-14,2001,no_match,,,,,,,,,,,,,,,,,,,,,,,,,,
park--000mye,Myeong Hyeon Park,2001-06-16,,PARK|hyeonmyeong,PARK|hyonmyong,2001-06-16,2001,no_match,,,,,,,,,,,,,,,,,,,,,,,,,,
heo---000yun,Yun Dong Heo,2001-06-19,,HEO|dongyun,HEO|dongyon,2001-06-19,2001,no_match,,,,,,,,,,,,,,,,,,,,,,,,,,
ko----001you,Young Woo Ko,2001-06-21,,KO|wooyoung,KO|woyong,2001-06-21,2001,no_match,,,,,,,,,,,,,,,,,,,,,,,,,,
sin---001jun,Jun Woo Sin,2001-06-21,,SHIN|junwoo,SHIN|jonwo,2001-06-21,2001,no_match,,,,,,,,,,,,,,,,,,,,,,,,,,
park--002hyu,Hyung Jun Park,2001-06-28,,PARK|hyungjun,PARK|hyongjon,2001-06-28,2001,no_match,,,,,,,,,,,,,,,,,,,,,,,,,,
kim---008seu,Seung Il Kim,2001-07-07,,KIM|ilseung,KIM|ilsong,2001-07-07,2001,no_match,,,,,,,,,,,,,,,,,,,,,,,,,,
hyun--000won,Won Hoe Hyun,2001-07-08,,HYUN|hoewon,HYUN|hewon,2001-07-08,2001,no_match,,,,,,,,,,,,,,,,,,,,,,,,,,
hong--002min,Min Ki Hong,2001-07-20,,HONG|kimin,HONG|gimin,2001-07-20,2001,no_match,,,,,,,,,,,,,,,,,,,,,,,,,,
choi--000jik,Ji Kang Choi,2001-07-23,,CHOI|jikang,CHOI|gangji,2001-07-23,2001,no_match,,,,,,,,,,,,,,,,,,,,,,,,,,
yun---000jun,Jun Hyeok Yun,2001-07-26,,YOON|hyeokjun,YOON|hyogjon,2001-07-26,2001,no_match,,,,,,,,,,,,,,,,,,,,,,,,,,
kang--002tae,Tae Gyeong Kang,2001-07-26,,KANG|gyeongtae,KANG|degyong,2001-07-26,2001,no_match,,,,,,,,,,,,,,,,,,,,,,,,,,
park--006jun,Jung Hyun Park,2001-07-27,KR,PARK|hyunjung,PARK|hyonjong,2001-07-27,2001,no_match,,,,,,,,,,,,,,,,,,,,,,,,,,
jang--005jae,Jae Hyouk Jang,2001-08-02,KR,JANG|hyoukjae,JANG|hyogje,2001-08-02,2001,no_match,,,,,,,,,,,,,,,,,,,,,,,,,,
ham---002cha,Chang Geon Ham,2001-08-18,,HAM|changgeon,HAM|gonjang,2001-08-18,2001,no_match,,,,,,,,,,,,,,,,,,,,,,,,,,
jeon--000dam,Da Min Jeon,2001-08-21,,JEON|damin,JEON|damin,2001-08-21,2001,no_match,,,,,,,,,,,,,,,,,,,,,,,,,,
park--010san,Sang Jun Park,2001-08-21,,PARK|junsang,PARK|jonsang,2001-08-21,2001,no_match,,,,,,,,,,,,,,,,,,,,,,,,,,
jung--000hai,Hai Young Jung,2001-08-23,KR,JUNG|haiyoung,JUNG|haiyong,2001-08-23,2001,no_match,,,,,,,,,,,,,,,,,,,,,,,,,,
park--004jae,Jae Min Park,2001-08-27,,PARK|jaemin,PARK|jemin,2001-08-27,2001,no_match,,,,,,,,,,,,,,,,,,,,,,,,,,
lee---007min,Min Ho Lee,2001-08-30,,LEE|homin,LEE|homin,2001-08-30,2001,no_match,,,,,,,,,,,,,,,,,,,,,,,,,,
kim---034min,Min Gyu Kim,2001-09-07,,KIM|gyumin,KIM|gyomin,2001-09-07,2001,no_match,,,,,,,,,,,,,,,,,,,,,,,,,,
lee---030san,Sang Hyuk Lee,2001-09-14,,LEE|hyuksang,LEE|hyogsang,2001-09-14,2001,no_match,,,,,,,,,,,,,,,,,,,,,,,,,,
lim---000hyo,Hyoung Won Lim,2001-09-15,KR,LIM|hyoungwon,LIM|hyongwon,2001-09-15,2001,no_match,,,,,,,,,,,,,,,,,,,,,,,,,,
so----000hye,Hyeong Jun So,2001-09-16,"Uijeongbu, KR",SEO|hyeongjun,SEO|hyongjon,2001-09-16,2001,no_match,,,,,,,,,,,,,,,,,,,,,,,,,,
lim---002jon,Jong Chan Lim,2001-09-28,,LIM|chanjong,LIM|janjong,2001-09-28,2001,no_match,,,,,,,,,,,,,,,,,,,,,,,,,,
choi--001jun,Jun Yong Choi,2001-10-10,KR,CHOI|junyong,CHOI|jonyong,2001-10-10,2001,no_match,,,,,,,,,,,,,,,,,,,,,,,,,,
lee---019jae,Jae Hee Lee,2001-10-11,,LEE|heejae,LEE|hije,2001-10-11,2001,no_match,,,,,,,,,,,,,,,,,,,,,,,,,,
kim---013dae,Dae Ho Kim,2001-10-15,"Jeju City, KR",KIM|daeho,KIM|deho,2001-10-15,2001,no_match,,,,,,,,,,,,,,,,,,,,,,,,,,
han---001jae,Jae Hwan Han,2001-10-19,,HAN|hwanjae,HAN|hwanje,2001-10-19,2001,no_match,,,,,,,,,,,,,,,,,,,,,,,,,,
jung--000hye,Hyeon Seung Jung,2001-10-24,,JUNG|hyeonseung,JUNG|hyonsong,2001-10-24,2001,no_match,,,,,,,,,,,,,,,,,,,,,,,,,,
kim---001sia,Si Ang Kim,2001-10-31,KR,KIM|angsi,KIM|angsi,2001-10-31,2001,no_match,,,,,,,,,,,,,,,,,,,,,,,,,,
hwang-000don,Dong Jae Hwang,2001-11-03,,HWANG|dongjae,HWANG|dongje,2001-11-03,2001,no_match,,,,,,,,,,,,,,,,,,,,,,,,,,
kim---012dae,Dae Won Kim,2001-11-07,,KIM|daewon,KIM|dewon,2001-11-07,2001,no_match,,,,,,,,,,,,,,,,,,,,,,,,,,
kim---010cha,Chang Hoon Kim,2001-11-09,,KIM|changhoon,KIM|honjang,2001-11-09,2001,no_match,,,,,,,,,,,,,,,,,,,,,,,,,,
han---000jae,Jae Seung Han,2001-11-21,KR,HAN|jaeseung,HAN|jesong,2001-11-21,2001,no_match,,,,,,,,,,,,,,,,,,,,,,,,,,
hong--000dae,Dae In Hong,2001-11-23,,HONG|daein,HONG|dein,2001-11-23,2001,no_match,,,,,,,,,,,,,,,,,,,,,,,,,,
lee---000kan,Kang Jun Lee,2001-12-14,,LEE|junkang,LEE|gangjon,2001-12-14,2001,no_match,,,,,,,,,,,,,,,,,,,,,,,,,,
choi--003yon,Yong Jun Choi,2001-12-19,,CHOI|junyong,CHOI|jonyong,2001-12-19,2001,no_match,,,,,,,,,,,,,,,,,,,,,,,,,,
kim---022don,Dong Hyeok Kim,2001-12-27,,KIM|donghyeok,KIM|donghyog,2001-12-27,2001,no_match,,,,,,,,,,,,,,,,,,,,,,,,,,
jang--003min,Min Gi Jang,2001-12-30,,JANG|gimin,JANG|gimin,2001-12-30,2001,no_match,,,,,,,,,,,,,,,,,,,,,,,,,,
kim---000whe,Whee Jip Kim,2002-01-01,,KIM|jipwhee,KIM|jibwhi,2002-01-01,2002,no_match,,,,,,,,,,,,,,,,,,,,,,,,,,
kim---000yus,Yu Seong Kim,2002-01-01,,KIM|seongyu,KIM|songyo,2002-01-01,2002,no_match,,,,,,,,,,,,,,,,,,,,,,,,,,
son---000juh,Ju Hwan Son,2002-01-05,,SON|hwanju,SON|hwanjo,2002-01-05,2002,no_match,,,,,,,,,,,,,,,,,,,,,,,,,,
son---001seo,Seoung Bin Son,2002-01-14,KR,SON|binseoung,SON|binsong,2002-01-14,2002,no_match,,,,,,,,,,,,,,,,,,,,,,,,,,
kwon--000hyo,Hyeok Gyung Kwon,2002-01-23,,KWON|gyunghyeok,KWON|gyonghyog,2002-01-23,2002,no_match,,,,,,,,,,,,,,,,,,,,,,,,,,
kim---026don,Dong Ju Kim,2002-02-14,,KIM|dongju,KIM|dongjo,2002-02-14,2002,no_match,,,,,,,,,,,,,,,,,,,,,,,,,,
ji----000mye,Myeong Seong Ji,2002-02-15,,JI|myeongseong,JI|myongsong,2002-02-15,2002,no_match,,,,,,,,,,,,,,,,,,,,,,,,,,
an----001jae,Jae Seok An,2002-02-15,,AHN|jaeseok,AHN|jesog,2002-02-15,2002,no_match,,,,,,,,,,,,,,,,,,,,,,,,,,
na----001seu,Seung Yeup Na,2002-02-15,KR,NA|seungyeup,NA|songyob,2002-02-15,2002,no_match,,,,,,,,,,,,,,,,,,,,,,,,,,
song--000hoj,Ho Jung Song,2002-03-10,,SONG|hojung,SONG|hojong,2002-03-10,2002,no_match,,,,,,,,,,,,,,,,,,,,,,,,,,
cho---000geo,Geon Hee Cho,2002-03-26,,CHO|geonhee,CHO|gonhi,2002-03-26,2002,no_match,,,,,,,,,,,,,,,,,,,,,,,,,,
cho---006hye,Hyeong Woo Cho,2002-04-04,,CHO|hyeongwoo,CHO|hyongwo,2002-04-04,2002,no_match,,,,,,,,,,,,,,,,,,,,,,,,,,
song--003seu,Seung Ki Song,2002-04-10,"Siheung, KR",SONG|kiseung,SONG|gisong,2002-04-10,2002,no_match,,,,,,,,,,,,,,,,,,,,,,,,,,
jeon--000you,Young Jun Jeon,2002-04-16,,JEON|junyoung,JEON|jonyong,2002-04-16,2002,no_match,,,,,,,,,,,,,,,,,,,,,,,,,,
oh----001tae,Tae Yang Oh,2002-04-25,,OH|taeyang,OH|deyang,2002-04-25,2002,no_match,,,,,,,,,,,,,,,,,,,,,,,,,,
lee---014yon,Yong Jun Lee,2002-05-08,,LEE|junyong,LEE|jonyong,2002-05-08,2002,no_match,,,,,,,,,,,,,,,,,,,,,,,,,,
jo----001bye,Byeong Hyeon Jo,2002-05-08,"Asan, KR",CHO|byeonghyeon,CHO|byonghyon,2002-05-08,2002,no_match,,,,,,,,,,,,,,,,,,,,,,,,,,
jang--004jae,Jae Young Jang,2002-05-10,,JANG|jaeyoung,JANG|jeyong,2002-05-10,2002,no_match,,,,,,,,,,,,,,,,,,,,,,,,,,
lee---024seu,Seung Hyun Lee,2002-05-19,,LEE|hyunseung,LEE|hyonsong,2002-05-19,2002,no_match,,,,,,,,,,,,,,,,,,,,,,,,,,
lee---017jun,Jun Ki Lee,2002-05-19,,LEE|junki,LEE|gijon,2002-05-19,2002,no_match,,,,,,,,,,,,,,,,,,,,,,,,,,
oh----000jan,Jang Han Oh,2002-05-20,KR,JANG|hanoh,JANG|hano,2002-05-20,2002,no_match,,,,,,,,,,,,,,,,,,,,,,,,,,
choi--000yub,Yu Bin Choi,2002-05-27,,CHOI|binyu,CHOI|binyo,2002-05-27,2002,no_match,,,,,,,,,,,,,,,,,,,,,,,,,,
park--014jun,Jun Young Park,2002-06-03,,PARK|junyoung,PARK|jonyong,2002-06-03,2002,no_match,,,,,,,,,,,,,,,,,,,,,,,,,,
lee---000eui,Eui Lee Lee,2002-06-16,KR,LEE|euilee,LEE|ili,2002-06-16,2002,no_match,,,,,,,,,,,,,,,,,,,,,,,,,,
kang--000hyu,Hyun Gu Kang,2002-06-16,,KANG|guhyun,KANG|gohyon,2002-06-16,2002,no_match,,,,,,,,,,,,,,,,,,,,,,,,,,
lee---003you,Young Bin Lee,2002-06-17,,LEE|binyoung,LEE|binyong,2002-06-17,2002,no_match,,,,,,,,,,,,,,,,,,,,,,,,,,
song--003jae,Jae Young Song,2002-06-20,,SONG|jaeyoung,SONG|jeyong,2002-06-20,2002,no_match,,,,,,,,,,,,,,,,,,,,,,,,,,
kim---000doy,Do Yun Kim,2002-06-28,,KIM|doyun,KIM|doyon,2002-06-28,2002,no_match,,,,,,,,,,,,,,,,,,,,,,,,,,
chang-000kyu,Kyu Hyun Chang,2002-06-28,,JANG|hyunkyu,JANG|gyohyon,2002-06-28,2002,no_match,,,,,,,,,,,,,,,,,,,,,,,,,,
lee---001juh,Ju Hyeong Lee,2002-07-05,,LEE|hyeongju,LEE|hyongjo,2002-07-05,2002,no_match,,,,,,,,,,,,,,,,,,,,,,,,,,
kim---020jin,Jin Uk Kim,2002-07-05,KR,KIM|jinuk,KIM|jinog,2002-07-05,2002,no_match,,,,,,,,,,,,,,,,,,,,,,,,,,
choi--001seo,Seong Min Choi,2002-07-05,,CHOI|minseong,CHOI|minsong,2002-07-05,2002,no_match,,,,,,,,,,,,,,,,,,,,,,,,,,
ko----000mye,Myeong Jun Ko,2002-07-08,,KO|junmyeong,KO|jonmyong,2002-07-08,2002,no_match,,,,,,,,,,,,,,,,,,,,,,,,,,
kim---000keo,Keon Woo Kim,2002-07-12,,KIM|keonwoo,KIM|gonwo,2002-07-12,2002,no_match,,,,,,,,,,,,,,,,,,,,,,,,,,
son---000him,Him Chan Son,2002-07-17,,SON|chanhim,SON|himjan,2002-07-17,2002,no_match,,,,,,,,,,,,,,,,,,,,,,,,,,
shin--000heo,Heon Min Shin,2002-07-19,,SHIN|heonmin,SHIN|honmin,2002-07-19,2002,no_match,,,,,,,,,,,,,,,,,,,,,,,,,,
lee---027seu,Seung Hyeon Lee,2002-07-23,,LEE|hyeonseung,LEE|hyonsong,2002-07-23,2002,no_match,,,,,,,,,,,,,,,,,,,,,,,,,,
kim---000juw,Ju Won Kim,2002-07-30,"Gunpo-si, KR",KIM|juwon,KIM|jowon,2002-07-30,2002,no_match,,,,,,,,,,,,,,,,,,,,,,,,,,
hwang-001don,Dong Ha Hwang,2002-07-30,,HWANG|dongha,HWANG|dongha,2002-07-30,2002,no_match,,,,,,,,,,,,,,,,,,,,,,,,,,
ryu---001jun,Jun Kyu Ryu,2002-08-16,,RYU|junkyu,RYU|gyojon,2002-08-16,2002,no_match,,,,,,,,,,,,,,,,,,,,,,,,,,
kim---006you,Young Hyun Kim,2002-08-18,,KIM|hyunyoung,KIM|hyonyong,2002-08-18,2002,no_match,,,,,,,,,,,,,,,,,,,,,,,,,,
kim---007kyu,Kyu Yeon Kim,2002-08-23,,KIM|kyuyeon,KIM|gyoyon,2002-08-23,2002,no_match,,,,,,,,,,,,,,,,,,,,,,,,,,
kim---031don,Dong Jun Kim,2002-09-04,,KIM|dongjun,KIM|dongjon,2002-09-04,2002,no_match,,,,,,,,,,,,,,,,,,,,,,,,,,
kim---035min,Min Ju Kim,2002-09-08,,KIM|jumin,KIM|jomin,2002-09-08,2002,no_match,,,,,,,,,,,,,,,,,,,,,,,,,,
cho---003hyu,Hyun Jin Cho,2002-09-10,,CHO|hyunjin,CHO|hyonjin,2002-09-10,2002,no_match,,,,,,,,,,,,,,,,,,,,,,,,,,
takada000tak,Takuto Takada,2002-09-18,JP,|takadatakuto,|dagadadagodo,2002-09-18,2002,no_match,,,,,,,,,,,,,,,,,,,,,,,,,,
woo---000kan,Kang Hoon Woo,2002-10-03,,KANG|hoonwoo,KANG|honwo,2002-10-03,2002,no_match,,,,,,,,,,,,,,,,,,,,,,,,,,
kim---019hye,Hyeon Joon Kim,2002-10-11,,KIM|hyeonjoon,KIM|hyonjon,2002-10-11,2002,no_match,,,,,,,,,,,,,,,,,,,,,,,,,,
kang--001hyo,Hyo Jong Kang,2002-10-14,,KANG|hyojong,KANG|hyojong,2002-10-14,2002,no_match,,,,,,,,,,,,,,,,,,,,,,,,,,
park--008cha,Chan Hyung Park,2002-10-17,,PARK|chanhyung,PARK|hyongjan,2002-10-17,2002,no_match,,,,,,,,,,,,,,,,,,,,,,,,,,
park--007min,Min Jun Park,2002-10-21,,PARK|junmin,PARK|jonmin,2002-10-21,2002,no_match,,,,,,,,,,,,,,,,,,,,,,,,,,
kim---000kij,Ki Joong Kim,2002-11-16,,KIM|joongki,KIM|gijong,2002-11-16,2002,no_match,,,,,,,,,,,,,,,,,,,,,,,,,,
park--004seo,Seoung Jae Park,2002-11-18,,PARK|jaeseoung,PARK|jesong,2002-11-18,2002,no_match,,,,,,,,,,,,,,,,,,,,,,,,,,
lee---012tae,Tae Kyeong Lee,2002-11-24,,LEE|kyeongtae,LEE|degyong,2002-11-24,2002,no_match,,,,,,,,,,,,,,,,,,,,,,,,,,
lee---005mye,Myeong Jong Lee,2002-12-05,,LEE|jongmyeong,LEE|jongmyong,2002-12-05,2002,no_match,,,,,,,,,,,,,,,,,,,,,,,,,,
kim---007joo,Joon Hyoung Kim,2002-12-07,,KIM|hyoungjoon,KIM|hyongjon,2002-12-07,2002,no_match,,,,,,,,,,,,,,,,,,,,,,,,,,
kim---025san,Sang Jun Kim,2002-12-30,,KIM|junsang,KIM|jonsang,2002-12-30,2002,no_match,,,,,,,,,,,,,,,,,,,,,,,,,,
jeong-001jun,Jun Jae Jeong,2003-01-03,,JEON|jaejeong,JEON|jejong,2003-01-03,2003,no_match,,,,,,,,,,,,,,,,,,,,,,,,,,
jeong-002min,Min Kyu Jeong,2003-01-10,,JUNG|kyumin,JUNG|gyomin,2003-01-10,2003,no_match,,,,,,,,,,,,,,,,,,,,,,,,,,
yu----002min,Min Yu,2003-01-20,,RYU|min,RYU|min,2003-01-20,2003,no_match,,,,,,,,,,,,,,,,,,,,,,,,,,
park--003kun,Kun Woo Park,2003-02-01,,PARK|kunwoo,PARK|gonwo,2003-02-01,2003,no_match,,,,,,,,,,,,,,,,,,,,,,,,,,
lee---020jae,Jae Hyeon Lee,2003-02-04,,LEE|hyeonjae,LEE|hyonje,2003-02-04,2003,no_match,,,,,,,,,,,,,,,,,,,,,,,,,,
yang--000dog,Do Geun Yang,2003-02-06,,YANG|dogeun,YANG|dogon,2003-02-06,2003,no_match,,,,,,,,,,,,,,,,,,,,,,,,,,
kim---042tae,Tae Yun Kim,2003-02-28,,KIM|taeyun,KIM|deyon,2003-02-28,2003,no_match,,,,,,,,,,,,,,,,,,,,,,,,,,
park--008jun,Jun Yeong Park,2003-03-02,,PARK|junyeong,PARK|jonyong,2003-03-02,2003,no_match,,,,,,,,,,,,,,,,,,,,,,,,,,
lee---002juh,Ju Heon Lee,2003-03-04,,LEE|heonju,LEE|honjo,2003-03-04,2003,no_match,,,,,,,,,,,,,,,,,,,,,,,,,,
an----002jae,Jae Yeon An,2003-04-10,,AHN|jaeyeon,AHN|jeyon,2003-04-10,2003,no_match,,,,,,,,,,,,,,,,,,,,,,,,,,
park--006cha,Chan Hyeok Park,2003-04-25,,PARK|chanhyeok,PARK|hyogjan,2003-04-25,2003,no_match,,,,,,,,,,,,,,,,,,,,,,,,,,
kim---000doo,Doo Hyun Kim,2003-04-25,,KIM|doohyun,KIM|dohyon,2003-04-25,2003,no_match,,,,,,,,,,,,,,,,,,,,,,,,,,
yang--000jae,Jae Hun Yang,2003-05-01,,YANG|hunjae,YANG|honje,2003-05-01,2003,no_match,,,,,,,,,,,,,,,,,,,,,,,,,,
song--001jun,Jung In Song,2003-05-05,,SONG|injung,SONG|injong,2003-05-05,2003,no_match,,,,,,,,,,,,,,,,,,,,,,,,,,
yoon--000doh,Do Hyun Yoon,2003-05-07,,YOON|dohyun,YOON|dohyon,2003-05-07,2003,no_match,,,,,,,,,,,,,,,,,,,,,,,,,,
lee---011won,Won Jae Lee,2003-05-07,,LEE|jaewon,LEE|jewon,2003-05-07,2003,no_match,,,,,,,,,,,,,,,,,,,,,,,,,,
cho---002won,Won Tae Cho,2003-05-10,,CHO|taewon,CHO|dewon,2003-05-10,2003,no_match,,,,,,,,,,,,,,,,,,,,,,,,,,
lee---000kis,Ki Soon Lee,2003-05-14,,LEE|kisoon,LEE|gison,2003-05-14,2003,no_match,,,,,,,,,,,,,,,,,,,,,,,,,,
kim---000nok,Nok Won Kim,2003-05-17,,KIM|nokwon,KIM|nogwon,2003-05-17,2003,no_match,,,,,,,,,,,,,,,,,,,,,,,,,,
kim---000doh,Do Hyun Kim,2003-05-24,,KIM|dohyun,KIM|dohyon,2003-05-24,2003,no_match,,,,,,,,,,,,,,,,,,,,,,,,,,
lee---004bye,Byeong Heon Lee,2003-06-04,KR,LEE|byeongheon,LEE|byonghon,2003-06-04,2003,no_match,,,,,,,,,,,,,,,,,,,,,,,,,,
han---006seu,Seung Yeon Han,2003-06-09,,HAN|seungyeon,HAN|songyon,2003-06-09,2003,no_match,,,,,,,,,,,,,,,,,,,,,,,,,,
kim---000sem,Se Min Kim,2003-06-14,,KIM|minse,KIM|minse,2003-06-14,2003,no_match,,,,,,,,,,,,,,,,,,,,,,,,,,
noh---000unh,Un Hyun Noh,2003-06-22,,NOH|hyunun,NOH|hyonon,2003-06-22,2003,no_match,,,,,,,,,,,,,,,,,,,,,,,,,,
lee---012jun,Jun Hyeok Lee,2003-06-30,,LEE|hyeokjun,LEE|hyogjon,2003-06-30,2003,no_match,,,,,,,,,,,,,,,,,,,,,,,,,,
park--002jih,Ji Ho Park,2003-07-02,,PARK|hoji,PARK|hoji,2003-07-02,2003,no_match,,,,,,,,,,,,,,,,,,,,,,,,,,
kim---008bye,Byeong Jun Kim,2003-07-03,,KIM|byeongjun,KIM|byongjon,2003-07-03,2003,no_match,,,,,,,,,,,,,,,,,,,,,,,,,,
park--008jae,Jae Kyu Park,2003-07-03,,PARK|jaekyu,PARK|gyoje,2003-07-03,2003,no_match,,,,,,,,,,,,,,,,,,,,,,,,,,
yun---006seo,Seok Won Yun,2003-07-04,,YOON|seokwon,YOON|sogwon,2003-07-04,2003,no_match,,,,,,,,,,,,,,,,,,,,,,,,,,
kim---033min,Min Jae Kim,2003-07-08,KR,KIM|jaemin,KIM|jemin,2003-07-08,2003,no_match,,,,,,,,,,,,,,,,,,,,,,,,,,
heo---000ins,In Seo Heo,2003-07-11,,HEO|inseo,HEO|inso,2003-07-11,2003,no_match,,,,,,,,,,,,,,,,,,,,,,,,,,
choi--005won,Won Yeong Choi,2003-07-18,,CHOI|wonyeong,CHOI|wonyong,2003-07-18,2003,no_match,,,,,,,,,,,,,,,,,,,,,,,,,,
moon--000jeo,Jeong Bin Moon,2003-08-15,,MOON|binjeong,MOON|binjong,2003-08-15,2003,no_match,,,,,,,,,,,,,,,,,,,,,,,,,,
ahn---000hyu,Hyun Min Ahn,2003-08-22,"Gimhae, KR",AHN|hyunmin,AHN|hyonmin,2003-08-22,2003,no_match,,,,,,,,,,,,,,,,,,,,,,,,,,
kim---005you,Young Woong Kim,2003-08-24,,KIM|woongyoung,KIM|wongyong,2003-08-24,2003,no_match,,,,,,,,,,,,,,,,,,,,,,,,,,
kim---001juw,Ju Wan Kim,2003-08-27,,KIM|juwan,KIM|jowan,2003-08-27,2003,no_match,,,,,,,,,,,,,,,,,,,,,,,,,,
lee---001doh,Do Hun Lee,2003-08-27,,LEE|dohun,LEE|dohon,2003-08-27,2003,no_match,,,,,,,,,,,,,,,,,,,,,,,,,,
kim---049seo,Seo Jun Kim,2003-09-01,,KIM|junseo,KIM|jonso,2003-09-01,2003,no_match,,,,,,,,,,,,,,,,,,,,,,,,,,
jin---000seu,Seung Hyun Jin,2003-09-05,,JIN|hyunseung,JIN|hyonsong,2003-09-05,2003,no_match,,,,,,,,,,,,,,,,,,,,,,,,,,
choi--000jim,Ji Min Choi,2003-09-10,,CHOI|jimin,CHOI|jimin,2003-09-10,2003,no_match,,,,,,,,,,,,,,,,,,,,,,,,,,
han---001tae,Tae Yang Han,2003-09-15,KR,HAN|taeyang,HAN|deyang,2003-09-15,2003,no_match,,,,,,,,,,,,,,,,,,,,,,,,,,
yoon--001don,Dong Hee Yoon,2003-09-18,KR,YOON|donghee,YOON|donghi,2003-09-18,2003,no_match,,,,,,,,,,,,,,,,,,,,,,,,,,
park--009jeo,Jeong Min Park,2003-09-26,,PARK|jeongmin,PARK|jongmin,2003-09-26,2003,no_match,,,,,,,,,,,,,,,,,,,,,,,,,,
shin--000sun,Sung Ho Shin,2003-09-28,,SHIN|hosung,SHIN|hosong,2003-09-28,2003,no_match,,,,,,,,,,,,,,,,,,,,,,,,,,
kim---001doy,Do Yeong Kim,2003-10-02,"Gwangju, KR",KIM|doyeong,KIM|doyong,2003-10-02,2003,no_match,,,,,,,,,,,,,,,,,,,,,,,,,,
cho---002min,Min Sung Cho,2003-10-02,,CHO|minsung,CHO|minsong,2003-10-02,2003,no_match,,,,,,,,,,,,,,,,,,,,,,,,,,
yun---002tae,Tae Ho Yun,2003-10-10,,YOON|hotae,YOON|deho,2003-10-10,2003,no_match,,,,,,,,,,,,,,,,,,,,,,,,,,
yun---001tae,Tae Hyeon Yun,2003-10-10,,YOON|hyeontae,YOON|dehyon,2003-10-10,2003,no_match,,,,,,,,,,,,,,,,,,,,,,,,,,
shin--001yon,Yong Seok Shin,2003-10-11,,SHIN|seokyong,SHIN|sogyong,2003-10-11,2003,no_match,,,,,,,,,,,,,,,,,,,,,,,,,,
lim---000jim,Ji Min Lim,2003-10-11,,LIM|jimin,LIM|jimin,2003-10-11,2003,no_match,,,,,,,,,,,,,,,,,,,,,,,,,,
park--000yeo,Yeong Hyun Park,2003-10-11,"Gurye-gun, KR",PARK|hyunyeong,PARK|hyonyong,2003-10-11,2003,no_match,,,,,,,,,,,,,,,,,,,,,,,,,,
kim---001bae,Baek San Kim,2003-10-13,,KIM|baeksan,KIM|begsan,2003-10-13,2003,no_match,,,,,,,,,,,,,,,,,,,,,,,,,,
lee---029san,Sang Woo Lee,2003-10-14,,LEE|sangwoo,LEE|sangwo,2003-10-14,2003,no_match,,,,,,,,,,,,,,,,,,,,,,,,,,
park--008jin,Jin Woo Park,2003-10-14,,PARK|jinwoo,PARK|jinwo,2003-10-14,2003,no_match,,,,,,,,,,,,,,,,,,,,,,,,,,
choi--005hyu,Hyun Seok Choi,2003-10-16,,CHOI|hyunseok,CHOI|hyonsog,2003-10-16,2003,no_match,,,,,,,,,,,,,,,,,,,,,,,,,,
kang--001seu,Seung Gu Kang,2003-10-19,,KANG|guseung,KANG|gosong,2003-10-19,2003,no_match,,,,,,,,,,,,,,,,,,,,,,,,,,
kim---012sun,Sung Woo Kim,2003-11-15,,KIM|sungwoo,KIM|songwo,2003-11-15,2003,no_match,,,,,,,,,,,,,,,,,,,,,,,,,,
cho---000sej,Se Jin Cho,2003-11-21,KR,CHO|jinse,CHO|jinse,2003-11-21,2003,no_match,,,,,,,,,,,,,,,,,,,,,,,,,,
kim---024san,Sang Min Kim,2003-12-06,,KIM|minsang,KIM|minsang,2003-12-06,2003,no_match,,,,,,,,,,,,,,,,,,,,,,,,,,
lee---008min,Min Seok Lee,2003-12-10,,LEE|minseok,LEE|minsog,2003-12-10,2003,no_match,,,,,,,,,,,,,,,,,,,,,,,,,,
jung--000jih,Ji Heon Jung,2003-12-11,,JUNG|heonji,JUNG|honji,2003-12-11,2003,no_match,,,,,,,,,,,,,,,,,,,,,,,,,,
moon--002don,Dong Ju Moon,2003-12-23,"Jangheung-gun, KR",MOON|dongju,MOON|dongjo,2003-12-23,2003,no_match,,,,,,,,,,,,,,,,,,,,,,,,,,
park--006seo,Seong Bin Park,2003-12-29,,PARK|binseong,PARK|binsong,2003-12-29,2003,no_match,,,,,,,,,,,,,,,,,,,,,,,,,,
jeong-000jun,Jun Young Jeong,2004-01-26,,JEON|jeongyoung,JEON|jongyong,2004-01-26,2004,no_match,,,,,,,,,,,,,,,,,,,,,,,,,,
lee---009min,Min Jun Lee,2004-02-02,,LEE|junmin,LEE|jonmin,2004-02-02,2004,no_match,,,,,,,,,,,,,,,,,,,,,,,,,,
park--001yun,Yun Sung Park,2004-02-08,,PARK|sungyun,PARK|songyon,2004-02-08,2004,no_match,,,,,,,,,,,,,,,,,,,,,,,,,,
lee---010tae,Tae Youn Lee,2004-02-21,,LEE|taeyoun,LEE|deyon,2004-02-21,2004,no_match,,,,,,,,,,,,,,,,,,,,,,,,,,
kim---017yeo,Yeon Ju Kim,2004-02-27,,KIM|juyeon,KIM|joyon,2004-02-27,2004,no_match,,,,,,,,,,,,,,,,,,,,,,,,,,
lee---010min,Min Jae Lee,2004-03-07,,LEE|jaemin,LEE|jemin,2004-03-07,2004,no_match,,,,,,,,,,,,,,,,,,,,,,,,,,
kim---020jeo,Jeong Min Kim,2004-03-07,,KIM|jeongmin,KIM|jongmin,2004-03-07,2004,no_match,,,,,,,,,,,,,,,,,,,,,,,,,,
lee---001hoj,Ho Jun Lee,2004-03-20,,LEE|hojun,LEE|hojon,2004-03-20,2004,no_match,,,,,,,,,,,,,,,,,,,,,,,,,,
kim---039min,Min Jun Kim,2004-03-20,,KIM|junmin,KIM|jonmin,2004-03-20,2004,no_match,,,,,,,,,,,,,,,,,,,,,,,,,,
park--001myu,Myung Geun Park,2004-03-27,KR,PARK|geunmyung,PARK|gonmyong,2004-03-27,2004,no_match,,,,,,,,,,,,,,,,,,,,,,,,,,
kwak--000dog,Do Gyu Kwak,2004-04-12,KR,KWAK|dogyu,KWAK|dogyo,2004-04-12,2004,no_match,,,,,,,,,,,,,,,,,,,,,,,,,,
kim---001kij,Ki Jun Kim,2004-04-16,,KIM|junki,KIM|gijon,2004-04-16,2004,no_match,,,,,,,,,,,,,,,,,,,,,,,,,,
yoon--000you,Young Cheol Yoon,2004-04-20,,YOON|cheolyoung,YOON|jolyong,2004-04-20,2004,no_match,,,,,,,,,,,,,,,,,,,,,,,,,,
moon--000hyu,Hyun Bin Moon,2004-04-20,"Daejeon, KR",MOON|binhyun,MOON|binhyon,2004-04-20,2004,no_match,,,,,,,,,,,,,,,,,,,,,,,,,,
park--005seo,Seong Bhin Park,2004-04-21,,PARK|bhinseong,PARK|bhinsong,2004-04-21,2004,no_match,,,,,,,,,,,,,,,,,,,,,,,,,,
shin--001yeo,Yeong Woo Shin,2004-04-21,KR,SHIN|wooyeong,SHIN|woyong,2004-04-21,2004,no_match,,,,,,,,,,,,,,,,,,,,,,,,,,
kim---021jeo,Jeong Woon Kim,2004-04-21,,KIM|jeongwoon,KIM|jongwon,2004-04-21,2004,no_match,,,,,,,,,,,,,,,,,,,,,,,,,,
park--003han,Han Gyeol Park,2004-04-26,,PARK|gyeolhan,PARK|gyolhan,2004-04-26,2004,no_match,,,,,,,,,,,,,,,,,,,,,,,,,,
kim---029min,Min Suk Kim,2004-05-09,,KIM|minsuk,KIM|minsog,2004-05-09,2004,no_match,,,,,,,,,,,,,,,,,,,,,,,,,,
mok---000jih,Ji Hoon Mok,2004-05-11,,JI|hoonmok,JI|honmog,2004-05-11,2004,no_match,,,,,,,,,,,,,,,,,,,,,,,,,,
kim---000beo,Beom Seok Kim,2004-05-21,,KIM|beomseok,KIM|bomsog,2004-05-21,2004,no_match,,,,,,,,,,,,,,,,,,,,,,,,,,
jung--000hae,Hae Won Jung,2004-05-21,,JUNG|haewon,JUNG|hewon,2004-05-21,2004,no_match,,,,,,,,,,,,,,,,,,,,,,,,,,
park--000beo,Beom Jun Park,2004-05-28,,PARK|beomjun,PARK|bomjon,2004-05-28,2004,no_match,,,,,,,,,,,,,,,,,,,,,,,,,,
song--000you,Young Jin Song,2004-05-28,,SONG|jinyoung,SONG|jinyong,2004-05-28,2004,no_match,,,,,,,,,,,,,,,,,,,,,,,,,,
park--001kwo,Kwon Hoo Park,2004-05-28,KR,PARK|hookwon,PARK|gwonho,2004-05-28,2004,no_match,,,,,,,,,,,,,,,,,,,,,,,,,,
kim---051seo,Seo Hyeon Kim,2004-05-31,,KIM|hyeonseo,KIM|hyonso,2004-05-31,2004,no_match,,,,,,,,,,,,,,,,,,,,,,,,,,
lee---007jin,Jin Ha Lee,2004-06-02,,LEE|hajin,LEE|hajin,2004-06-02,2004,no_match,,,,,,,,,,,,,,,,,,,,,,,,,,
choi--002jun,Jun Ho Choi,2004-06-03,,CHOI|hojun,CHOI|hojon,2004-06-03,2004,no_match,,,,,,,,,,,,,,,,,,,,,,,,,,
son---001min,Min Seok Son,2004-06-21,,SON|minseok,SON|minsog,2004-06-21,2004,no_match,,,,,,,,,,,,,,,,,,,,,,,,,,
lee---025seu,Seung Won Lee,2004-07-02,,LEE|seungwon,LEE|songwon,2004-07-02,2004,no_match,,,,,,,,,,,,,,,,,,,,,,,,,,
kim---029don,Dong Kyu Kim,2004-07-09,,KIM|dongkyu,KIM|donggyo,2004-07-09,2004,no_match,,,,,,,,,,,,,,,,,,,,,,,,,,
hong--004jae,Jae Moon Hong,2004-07-09,,HONG|jaemoon,HONG|jemon,2004-07-09,2004,no_match,,,,,,,,,,,,,,,,,,,,,,,,,,
kang--000geo,Geon Kang,2004-07-12,,KANG|geon,KANG|gon,2004-07-12,2004,no_match,,,,,,,,,,,,,,,,,,,,,,,,,,
kim---028don,Dong Heon Kim,2004-07-15,KR,KIM|dongheon,KIM|donghon,2004-07-15,2004,no_match,,,,,,,,,,,,,,,,,,,,,,,,,,
oh----002san,Sang Won Oh,2004-07-21,,OH|sangwon,OH|sangwon,2004-07-21,2004,no_match,,,,,,,,,,,,,,,,,,,,,,,,,,
kim---033jae,Jae Sang Kim,2004-07-26,,KIM|jaesang,KIM|jesang,2004-07-26,2004,no_match,,,,,,,,,,,,,,,,,,,,,,,,,,
sung--001yeo,Yeong Tak Sung,2004-07-28,,SUNG|takyeong,SUNG|dagyong,2004-07-28,2004,no_match,,,,,,,,,,,,,,,,,,,,,,,,,,
kim---012jun,Jun Sang Kim,2004-08-02,,KIM|junsang,KIM|jonsang,2004-08-02,2004,no_match,,,,,,,,,,,,,,,,,,,,,,,,,,
kim---004hyu,Hyun Jong Kim,2004-08-04,,KIM|hyunjong,KIM|hyonjong,2004-08-04,2004,no_match,,,,,,,,,,,,,,,,,,,,,,,,,,
lee---000hos,Ho Sung Lee,2004-08-14,,LEE|hosung,LEE|hosong,2004-08-14,2004,no_match,,,,,,,,,,,,,,,,,,,,,,,,,,
lee---000rou,Ro Un Lee,2004-09-11,KR,LEE|roun,LEE|loon,2004-09-11,2004,no_match,,,,,,,,,,,,,,,,,,,,,,,,,,
ryu---001seu,Seung Min Ryu,2004-10-11,KR,RYU|minseung,RYU|minsong,2004-10-11,2004,no_match,,,,,,,,,,,,,,,,,,,,,,,,,,
weon--000san,Sang Hyun Weon,2004-10-16,,WON|hyunsang,WON|hyonsang,2004-10-16,2004,no_match,,,,,,,,,,,,,,,,,,,,,,,,,,
cho---003don,Dong Uk Cho,2004-11-02,,CHO|donguk,CHO|dongog,2004-11-02,2004,no_match,,,,,,,,,,,,,,,,,,,,,,,,,,
kim---004han,Han Jung Kim,2004-11-03,,KIM|hanjung,KIM|hanjong,2004-11-03,2004,no_match,,,,,,,,,,,,,,,,,,,,,,,,,,
kim---000gun,Gun Hee Kim,2004-11-07,,KIM|gunhee,KIM|gonhi,2004-11-07,2004,no_match,,,,,,,,,,,,,,,,,,,,,,,,,,
jeong-001dae,Dae Sun Jeong,2004-11-16,,JUNG|daesun,JUNG|deson,2004-11-16,2004,no_match,,,,,,,,,,,,,,,,,,,,,,,,,,
park--009cha,Chae Wool Park,2004-11-20,,PARK|chaewool,PARK|jewol,2004-11-20,2004,no_match,,,,,,,,,,,,,,,,,,,,,,,,,,
jang--000sej,Se Jin Jang,2004-12-30,,JANG|jinse,JANG|jinse,2004-12-30,2004,no_match,,,,,,,,,,,,,,,,,,,,,,,,,,
kim---033don,Dong Hyun Kim,2004-12-30,,KIM|donghyun,KIM|donghyon,2004-12-30,2004,no_match,,,,,,,,,,,,,,,,,,,,,,,,,,
lee---026seu,Seung Min Lee,2005-01-06,,LEE|minseung,LEE|minsong,2005-01-06,2005,no_match,,,,,,,,,,,,,,,,,,,,,,,,,,
lee---000doh,Doh Hyun Lee,2005-01-07,,LEE|dohhyun,LEE|dohyon,2005-01-07,2005,no_match,,,,,,,,,,,,,,,,,,,,,,,,,,
song--000jih,Ji Hoo Song,2005-01-08,,SONG|hooji,SONG|hoji,2005-01-08,2005,no_match,,,,,,,,,,,,,,,,,,,,,,,,,,
kim---007you,Young Woo Kim,2005-01-14,,KIM|wooyoung,KIM|woyong,2005-01-14,2005,no_match,,,,,,,,,,,,,,,,,,,,,,,,,,
lee---009sun,Sun Woo Lee,2005-02-22,,LEE|sunwoo,LEE|sonwo,2005-02-22,2005,no_match,,,,,,,,,,,,,,,,,,,,,,,,,,
im----000jon,Jong Sung Im,2005-03-03,,LIM|jongsung,LIM|jongsong,2005-03-03,2005,no_match,,,,,,,,,,,,,,,,,,,,,,,,,,
seo---005jun,Jun O Seo,2005-03-05,,SEO|juno,SEO|jono,2005-03-05,2005,no_match,,,,,,,,,,,,,,,,,,,,,,,,,,
kim---004yun,Yun Ha Kim,2005-03-07,,KIM|hayun,KIM|hayon,2005-03-07,2005,no_match,,,,,,,,,,,,,,,,,,,,,,,,,,
cho---004min,Min Young Cho,2005-03-24,,CHO|minyoung,CHO|minyong,2005-03-24,2005,no_match,,,,,,,,,,,,,,,,,,,,,,,,,,
ryu---002hyu,Hyun Jun Ryu,2005-03-25,,RYU|hyunjun,RYU|hyonjon,2005-03-25,2005,no_match,,,,,,,,,,,,,,,,,,,,,,,,,,
choi--003woo,Woo Seok Choi,2005-03-31,,CHOI|seokwoo,CHOI|sogwo,2005-03-31,2005,no_match,,,,,,,,,,,,,,,,,,,,,,,,,,
kim---000seh,Se Hun Kim,2005-04-04,,KIM|hunse,KIM|honse,2005-04-04,2005,no_match,,,,,,,,,,,,,,,,,,,,,,,,,,
won---001jon,Jong Hae Won,2005-04-09,KR,WON|haejong,WON|hejong,2005-04-09,2005,no_match,,,,,,,,,,,,,,,,,,,,,,,,,,
kang--004seo,Seong Woo Kang,2005-04-12,,KANG|seongwoo,KANG|songwo,2005-04-12,2005,no_match,,,,,,,,,,,,,,,,,,,,,,,,,,
lee---024jae,Jae Sang Lee,2005-04-17,,LEE|jaesang,LEE|jesang,2005-04-17,2005,no_match,,,,,,,,,,,,,,,,,,,,,,,,,,
jhun--000jun,Jun Pyo Jhun,2005-05-07,,JEON|junpyo,JEON|byojon,2005-05-07,2005,no_match,,,,,,,,,,,,,,,,,,,,,,,,,,
jeong-003min,Min Seong Jeong,2005-05-09,"Gunsan, KR",JUNG|minseong,JUNG|minsong,2005-05-09,2005,no_match,,,,,,,,,,,,,,,,,,,,,,,,,,
park--007joo,Joon Woo Park,2005-05-27,,PARK|joonwoo,PARK|jonwo,2005-05-27,2005,no_match,,,,,,,,,,,,,,,,,,,,,,,,,,
shim--000hwi,Hwi Yun Shim,2005-05-28,,YOON|hwishim,YOON|hwisim,2005-05-28,2005,no_match,,,,,,,,,,,,,,,,,,,,,,,,,,
kim---015jun,Jun Won Kim,2005-05-31,,KIM|junwon,KIM|jonwon,2005-05-31,2005,no_match,,,,,,,,,,,,,,,,,,,,,,,,,,
kim---035tae,Taek Yeon Kim,2005-06-03,KR,KIM|taekyeon,KIM|degyon,2005-06-03,2005,no_match,,,,,,,,,,,,,,,,,,,,,,,,,,
park--001jih,Ji Hwan Park,2005-07-12,,PARK|hwanji,PARK|hwanji,2005-07-12,2005,no_match,,,,,,,,,,,,,,,,,,,,,,,,,,
yook--000sun,Sun Yeop Yook,2005-07-13,KR,SEON|yeopyook,SEON|yobyog,2005-07-13,2005,no_match,,,,,,,,,,,,,,,,,,,,,,,,,,
byun--000kun,Kun Woo Byun,2005-07-15,,BYUN|kunwoo,BYUN|gonwo,2005-07-15,2005,no_match,,,,,,,,,,,,,,,,,,,,,,,,,,
kim---002hoj,Ho Jin Kim,2005-07-16,,KIM|hojin,KIM|hojin,2005-07-16,2005,no_match,,,,,,,,,,,,,,,,,,,,,,,,,,
lim---000san,Sang Hyeon Lim,2005-07-16,,LIM|hyeonsang,LIM|hyonsang,2005-07-16,2005,no_match,,,,,,,,,,,,,,,,,,,,,,,,,,
yook--000chu,Chung Myoung Yook,2005-07-18,,JUNG|myoungyook,JUNG|myongyog,2005-07-18,2005,no_match,,,,,,,,,,,,,,,,,,,,,,,,,,
kim---036min,Min Seok Kim,2005-07-22,,KIM|minseok,KIM|minsog,2005-07-22,2005,no_match,,,,,,,,,,,,,,,,,,,,,,,,,,
park--000kih,Ki Ho Park,2005-07-26,,PARK|hoki,PARK|giho,2005-07-26,2005,no_match,,,,,,,,,,,,,,,,,,,,,,,,,,
yeo---000ton,Tong Keon Yeo,2005-08-04,,YEO|keontong,YEO|donggon,2005-08-04,2005,no_match,,,,,,,,,,,,,,,,,,,,,,,,,,
jeon--000mir,Mi R Jeon,2005-08-15,,JEON|mir,JEON|lmi,2005-08-15,2005,no_match,,,,,,,,,,,,,,,,,,,,,,,,,,
hwang-002jun,Jun Seo Hwang,2005-08-22,KR,HWANG|junseo,HWANG|jonso,2005-08-22,2005,no_match,,,,,,,,,,,,,,,,,,,,,,,,,,
won---002jon,Jong Hyeok Won,2005-08-27,,WON|hyeokjong,WON|hyogjong,2005-08-27,2005,no_match,,,,,,,,,,,,,,,,,,,,,,,,,,
son---002hye,Hyeon Gi Son,2005-10-22,,SON|gihyeon,SON|gihyon,2005-10-22,2005,no_match,,,,,,,,,,,,,,,,,,,,,,,,,,
gwok--000hyu,Hyuk Bin Gwok,2005-11-04,,|bingwokhyuk,|bingwoghyog,2005-11-04,2005,no_match,,,,,,,,,,,,,,,,,,,,,,,,,,
yeo---000don,Dong Uk Yeo,2005-11-10,,YEO|donguk,YEO|dongog,2005-11-10,2005,no_match,,,,,,,,,,,,,,,,,,,,,,,,,,
kim---041tae,Tae Hyn Kim,2005-11-16,,KIM|hyntae,KIM|dehyn,2005-11-16,2005,no_match,,,,,,,,,,,,,,,,,,,,,,,,,,
bae---001cha,Chan Seung Bae,2006-01-01,,BAE|chanseung,BAE|jansong,2006-01-01,2006,no_match,,,,,,,,,,,,,,,,,,,,,,,,,,
park--001heo,Heon Park,2006-01-05,,PARK|heon,PARK|hon,2006-01-05,2006,no_match,,,,,,,,,,,,,,,,,,,,,,,,,,
park--000seh,Se Hyun Park,2006-01-21,,PARK|hyunse,PARK|hyonse,2006-01-21,2006,no_match,,,,,,,,,,,,,,,,,,,,,,,,,,
kim---032don,Dong Hyun Kim,2006-01-21,,KIM|donghyun,KIM|donghyon,2006-01-21,2006,no_match,,,,,,,,,,,,,,,,,,,,,,,,,,
park--007jae,Jae Yeop Park,2006-01-23,,PARK|jaeyeop,PARK|jeyob,2006-01-23,2006,no_match,,,,,,,,,,,,,,,,,,,,,,,,,,
oh----004seo,Seo Jin Oh,2006-02-22,,SEO|jinoh,SEO|jino,2006-02-22,2006,no_match,,,,,,,,,,,,,,,,,,,,,,,,,,
jeon--000tae,Tae Hyun Jeon,2006-03-02,,JEON|hyuntae,JEON|dehyon,2006-03-02,2006,no_match,,,,,,,,,,,,,,,,,,,,,,,,,,
sim---000jae,Jae Hoon Sim,2006-03-03,,SHIM|hoonjae,SHIM|honje,2006-03-03,2006,no_match,,,,,,,,,,,,,,,,,,,,,,,,,,
ham---000soo,Soo Ho Ham,2006-03-10,KR,HAM|hosoo,HAM|hoso,2006-03-10,2006,no_match,,,,,,,,,,,,,,,,,,,,,,,,,,
yum---000seu,Seung Won Yum,2006-03-20,,YEOM|seungwon,YEOM|songwon,2006-03-20,2006,no_match,,,,,,,,,,,,,,,,,,,,,,,,,,
park--001gwa,Gwan Woo Park,2006-03-22,,PARK|gwanwoo,PARK|gwanwo,2006-03-22,2006,no_match,,,,,,,,,,,,,,,,,,,,,,,,,,
park--008jeo,Jeong Hun Park,2006-03-23,,PARK|hunjeong,PARK|honjong,2006-03-23,2006,no_match,,,,,,,,,,,,,,,,,,,,,,,,,,
lee---014seo,Seon Woo Lee,2006-04-04,,LEE|seonwoo,LEE|sonwo,2006-04-04,2006,no_match,,,,,,,,,,,,,,,,,,,,,,,,,,
kim---037min,Min Jun Kim,2006-04-08,,KIM|junmin,KIM|jonmin,2006-04-08,2006,no_match,,,,,,,,,,,,,,,,,,,,,,,,,,
han---000jiy,Ji Youn Han,2006-04-10,,YOON|hanji,YOON|hanji,2006-04-10,2006,no_match,,,,,,,,,,,,,,,,,,,,,,,,,,
park--001siw,Si Won Park,2006-04-12,,PARK|siwon,PARK|siwon,2006-04-12,2006,no_match,,,,,,,,,,,,,,,,,,,,,,,,,,
jung--000hyu,Hyun Woo Jung,2006-04-13,,JUNG|hyunwoo,JUNG|hyonwo,2006-04-13,2006,no_match,,,,,,,,,,,,,,,,,,,,,,,,,,
shin--000jih,Ji Hwan Shin,2006-04-17,,SHIN|hwanji,SHIN|hwanji,2006-04-17,2006,no_match,,,,,,,,,,,,,,,,,,,,,,,,,,
kim---022jeo,Jeong Yeop Kim,2006-04-18,,KIM|jeongyeop,KIM|jongyob,2006-04-18,2006,no_match,,,,,,,,,,,,,,,,,,,,,,,,,,
uhm---000jun,Jun Hyun Uhm,2006-04-20,,EOM|hyunjun,EOM|hyonjon,2006-04-20,2006,no_match,,,,,,,,,,,,,,,,,,,,,,,,,,
lim---001jin,Jin Muk Lim,2006-04-23,,LIM|jinmuk,LIM|jinmog,2006-04-23,2006,no_match,,,,,,,,,,,,,,,,,,,,,,,,,,
choi--001yun,Yun Seok Choi,2006-04-25,,CHOI|seokyun,CHOI|sogyon,2006-04-25,2006,no_match,,,,,,,,,,,,,,,,,,,,,,,,,,
gwon--001min,Min Gyu Gwon,2006-05-13,,KWON|gyumin,KWON|gyomin,2006-05-13,2006,no_match,,,,,,,,,,,,,,,,,,,,,,,,,,
bae---000seu,Seung Su Bae,2006-05-15,,BAE|seungsu,BAE|sosong,2006-05-15,2006,no_match,,,,,,,,,,,,,,,,,,,,,,,,,,
kim---014sun,Sung Jae Kim,2006-05-16,,KIM|jaesung,KIM|jesong,2006-05-16,2006,no_match,,,,,,,,,,,,,,,,,,,,,,,,,,
lee---010sun,Sung Won Lee,2006-05-18,,LEE|sungwon,LEE|songwon,2006-05-18,2006,no_match,,,,,,,,,,,,,,,,,,,,,,,,,,
lee---008jin,Jin Yong Lee,2006-06-30,,LEE|jinyong,LEE|jinyong,2006-06-30,2006,no_match,,,,,,,,,,,,,,,,,,,,,,,,,,
choi--005min,Min Seok Choi,2006-07-02,,CHOI|minseok,CHOI|minsog,2006-07-02,2006,no_match,,,,,,,,,,,,,,,,,,,,,,,,,,
jung--000dah,Da Hun Jung,2006-07-06,,JUNG|dahun,JUNG|dahon,2006-07-06,2006,no_match,,,,,,,,,,,,,,,,,,,,,,,,,,
park--010jun,Jun Soon Park,2006-07-13,,PARK|junsoon,PARK|jonson,2006-07-13,2006,no_match,,,,,,,,,,,,,,,,,,,,,,,,,,
jeong-000hyu,Hyun Chang Jeong,2006-07-14,,JANG|hyunjeong,JANG|hyonjong,2006-07-14,2006,no_match,,,,,,,,,,,,,,,,,,,,,,,,,,
kim---005han,Han Kyeol Kim,2006-07-24,,KIM|hankyeol,KIM|gyolhan,2006-07-24,2006,no_match,,,,,,,,,,,,,,,,,,,,,,,,,,
kim---043tae,Tae Gyun Kim,2006-07-31,,KIM|gyuntae,KIM|degyon,2006-07-31,2006,no_match,,,,,,,,,,,,,,,,,,,,,,,,,,
lee---014jun,Jun Seo Lee,2006-08-05,,LEE|junseo,LEE|jonso,2006-08-05,2006,no_match,,,,,,,,,,,,,,,,,,,,,,,,,,
yang--001hyu,Hyun Jong Yang,2006-08-15,,YANG|hyunjong,YANG|hyonjong,2006-08-15,2006,no_match,,,,,,,,,,,,,,,,,,,,,,,,,,
choi--000juh,Ju Hyeong Choi,2006-08-19,,CHOI|hyeongju,CHOI|hyongjo,2006-08-19,2006,no_match,,,,,,,,,,,,,,,,,,,,,,,,,,
kim---034jae,Jae Won Kim,2006-08-21,,KIM|jaewon,KIM|jewon,2006-08-21,2006,no_match,,,,,,,,,,,,,,,,,,,,,,,,,,
lee---000hom,Ho Min Lee,2006-08-26,,LEE|homin,LEE|homin,2006-08-26,2006,no_match,,,,,,,,,,,,,,,,,,,,,,,,,,
kim---026jon,Jong Wun Kim,2006-09-11,,KIM|jongwun,KIM|jongwon,2006-09-11,2006,no_match,,,,,,,,,,,,,,,,,,,,,,,,,,
hong--004min,Min Gyu Hong,2006-09-11,,HONG|gyumin,HONG|gyomin,2006-09-11,2006,no_match,,,,,,,,,,,,,,,,,,,,,,,,,,
chung-000sey,Se Young Chung,2006-09-23,,JUNG|seyoung,JUNG|seyong,2006-09-23,2006,no_match,,,,,,,,,,,,,,,,,,,,,,,,,,
lee---004you,Young Jae Lee,2006-10-20,,LEE|jaeyoung,LEE|jeyong,2006-10-20,2006,no_match,,,,,,,,,,,,,,,,,,,,,,,,,,
yoon--000hyu,Hyun Yoon,2006-10-20,,YOON|hyun,YOON|hyon,2006-10-20,2006,no_match,,,,,,,,,,,,,,,,,,,,,,,,,,
kim---039tae,Tae Hoon Kim,2006-10-26,,KIM|hoontae,KIM|dehon,2006-10-26,2006,no_match,,,,,,,,,,,,,,,,,,,,,,,,,,
han---005seu,Seung Hyun Han,2006-10-29,,HAN|hyunseung,HAN|hyonsong,2006-10-29,2006,no_match,,,,,,,,,,,,,,,,,,,,,,,,,,
jeong-002woo,Woo Joo Jeong,2006-11-07,"Namyangju-si, KR",JUNG|joowoo,JUNG|jowo,2006-11-07,2006,no_match,,,,,,,,,,,,,,,,,,,,,,,,,,
cha---000seu,Seung Jun Cha,2006-11-20,"Masan, KR",CHA|junseung,CHA|jonsong,2006-11-20,2006,no_match,,,,,,,,,,,,,,,,,,,,,,,,,,
lee---000yul,Yul Ye Lee,2006-11-21,,LEE|yeyul,LEE|yeyol,2006-11-21,2006,no_match,,,,,,,,,,,,,,,,,,,,,,,,,,
eo----000joo,Joon Seo Eo,2006-11-27,,SEO|eojoon,SEO|jono,2006-11-27,2006,no_match,,,,,,,,,,,,,,,,,,,,,,,,,,
park--002geo,Geon Woo Park,2006-11-28,,PARK|geonwoo,PARK|gonwo,2006-11-28,2006,no_match,,,,,,,,,,,,,,,,,,,,,,,,,,
park--006jae,Jae Hyun Park,2006-12-08,,PARK|hyunjae,PARK|hyonje,2006-12-08,2006,no_match,,,,,,,,,,,,,,,,,,,,,,,,,,
kim---006han,Han Hol Kim,2006-12-12,,KIM|hanhol,KIM|hanhol,2006-12-12,2006,no_match,,,,,,,,,,,,,,,,,,,,,,,,,,
kim---040tae,Tae Hyeong Kim,2006-12-15,,KIM|hyeongtae,KIM|dehyong,2006-12-15,2006,no_match,,,,,,,,,,,,,,,,,,,,,,,,,,
kim---052seo,Seo Jun Kim,2006-12-22,,KIM|junseo,KIM|jonso,2006-12-22,2006,no_match,,,,,,,,,,,,,,,,,,,,,,,,,,
choi--004jae,Jae Young Choi,2007-01-08,,CHOI|jaeyoung,CHOI|jeyong,2007-01-08,2007,no_match,,,,,,,,,,,,,,,,,,,,,,,,,,
park--004jih,Ji Hun Park,2007-01-19,,PARK|hunji,PARK|honji,2007-01-19,2007,no_match,,,,,,,,,,,,,,,,,,,,,,,,,,
oh----003jae,Jae Won Oh,2007-01-21,,OH|jaewon,OH|jewon,2007-01-21,2007,no_match,,,,,,,,,,,,,,,,,,,,,,,,,,
kim---040min,Min Kyu Kim,2007-01-26,,KIM|kyumin,KIM|gyomin,2007-01-26,2007,no_match,,,,,,,,,,,,,,,,,,,,,,,,,,
lee---003gan,Gang Min Lee,2007-01-27,,LEE|gangmin,LEE|gangmin,2007-01-27,2007,no_match,,,,,,,,,,,,,,,,,,,,,,,,,,
shin--001san,Sang Yeon Shin,2007-02-03,,SHIN|sangyeon,SHIN|sangyon,2007-02-03,2007,no_match,,,,,,,,,,,,,,,,,,,,,,,,,,
kim---000jis,Ji Seok Kim,2007-02-19,,KIM|jiseok,KIM|jisog,2007-02-19,2007,no_match,,,,,,,,,,,,,,,,,,,,,,,,,,
lee---013tae,Tae Yang Lee,2007-03-03,,LEE|taeyang,LEE|deyang,2007-03-03,2007,no_match,,,,,,,,,,,,,,,,,,,,,,,,,,
jeong-006jae,Jae Hoon Jeong,2007-03-08,,JUNG|hoonjae,JUNG|honje,2007-03-08,2007,no_match,,,,,,,,,,,,,,,,,,,,,,,,,,
park--000jis,Ji Sung Park,2007-03-16,,PARK|jisung,PARK|jisong,2007-03-16,2007,no_match,,,,,,,,,,,,,,,,,,,,,,,,,,
park--003yon,Yong Jae Park,2007-03-24,,PARK|jaeyong,PARK|jeyong,2007-03-24,2007,no_match,,,,,,,,,,,,,,,,,,,,,,,,,,
heo---001yun,Yun Heo,2007-03-29,,HEO|yun,HEO|yon,2007-03-29,2007,no_match,,,,,,,,,,,,,,,,,,,,,,,,,,
lee---001hui,Hui Seong Lee,2007-04-01,,LEE|huiseong,LEE|hisong,2007-04-01,2007,no_match,,,,,,,,,,,,,,,,,,,,,,,,,,
lee---025jae,Jae Won Lee,2007-04-27,,LEE|jaewon,LEE|jewon,2007-04-27,2007,no_match,,,,,,,,,,,,,,,,,,,,,,,,,,
kim---000yos,Yo Sep Kim,2007-05-03,,KIM|sepyo,KIM|sebyo,2007-05-03,2007,no_match,,,,,,,,,,,,,,,,,,,,,,,,,,
kim---001gun,Gun Kim,2007-05-23,,KIM|gun,KIM|gon,2007-05-23,2007,no_match,,,,,,,,,,,,,,,,,,,,,,,,,,
yang--001woo,Woo Jin Yang,2007-06-05,,YANG|jinwoo,YANG|jinwo,2007-06-05,2007,no_match,,,,,,,,,,,,,,,,,,,,,,,,,,
shin--002jae,Jae In Shin,2007-06-28,,SHIN|injae,SHIN|inje,2007-06-28,2007,no_match,,,,,,,,,,,,,,,,,,,,,,,,,,
ji----000hyu,Hyun Ji,2007-07-13,,JI|hyun,JI|hyon,2007-07-13,2007,no_match,,,,,,,,,,,,,,,,,,,,,,,,,,
choi--006hyu,Hyun Woo Choi,2007-07-19,,CHOI|hyunwoo,CHOI|hyonwo,2007-07-19,2007,no_match,,,,,,,,,,,,,,,,,,,,,,,,,,
kang--000kun,Kun Woo Kang,2007-07-19,,KANG|kunwoo,KANG|gonwo,2007-07-19,2007,no_match,,,,,,,,,,,,,,,,,,,,,,,,,,
ko----000jun,Jun Hwi Ko,2007-08-12,,KO|hwijun,KO|hwijon,2007-08-12,2007,no_match,,,,,,,,,,,,,,,,,,,,,,,,,,
park--012jun,Jun Hyun Park,2007-08-29,,PARK|hyunjun,PARK|hyonjon,2007-08-29,2007,no_match,,,,,,,,,,,,,,,,,,,,,,,,,,
jang--002cha,Chan Hee Jang,2007-10-05,,JANG|chanhee,JANG|hijan,2007-10-05,2007,no_match,,,,,,,,,,,,,,,,,,,,,,,,,,
shin--005don,Dong Kun Shin,2007-10-05,,SHIN|dongkun,SHIN|donggon,2007-10-05,2007,no_match,,,,,,,,,,,,,,,,,,,,,,,,,,
lee---016seo,Seo Jun Lee,2007-10-10,,LEE|junseo,LEE|jonso,2007-10-10,2007,no_match,,,,,,,,,,,,,,,,,,,,,,,,,,
choi--000yoh,Yo Han Choi,2007-10-16,,CHOI|hanyo,CHOI|hanyo,2007-10-16,2007,no_match,,,,,,,,,,,,,,,,,,,,,,,,,,
oh----000sih,Si Hu Oh,2007-10-20,,HEO|ohsi,HEO|osi,2007-10-20,2007,no_match,,,,,,,,,,,,,,,,,,,,,,,,,,
park--004han,Han Gyeol Park,2007-12-05,,PARK|gyeolhan,PARK|gyolhan,2007-12-05,2007,no_match,,,,,,,,,,,,,,,,,,,,,,,,,,
lee---008san,Sang-hun Lee,,,,LEE|honsang,,1971,low_confidence_proposal,1971-03-21,LEE|hunsang,1971-03-21,c66c1778,c66c1778-6a60-49c2-8a13-0294b301a55d,275931.0,lee-s001,leesa01,lee---001san,1007465.0,Lee,Sang-Hoon,Sang-Hoon,1971.0,3.0,11.0,1993.0,2004.0,2000.0,2000.0,Sang-Hoon Lee,1971-03-11,LEE|hoonsang,1971-03-11,phonetic_year,0.6
