player_register_id,player,date_of_birth_kbo,birth_city,_strict_kbo,_loose_kbo,_dob_kbo,_birth_year_kbo,key_mlbam,key_fangraphs_kbo,key_person,key_uuid,key_retro,key_bbref,key_bbref_minors,key_fangraphs_mlb,name_last,name_first,name_given,birth_year,birth_month,birth_day,pro_played_first,pro_played_last,mlb_played_first,mlb_played_last,name,date_of_birth_mlb,_strict_mlb,_loose_mlb,_dob_mlb,_birth_year_mlb,match_tier,match_confidence
franco001jul,Julio Franco,1958-08-23,"Hato Mayor del Rey, Hato Mayor, DO",|francojulio,|flangojolio,1958-08-23,1958,212297.0,87.0,ade5464a,ade5464a-31c4-4dd2-9b55-a0de5b29b15f,franj002,francju01,franco001jul,87.0,Franco,Julio,Julio Cesar,1958.0,8.0,23.0,1978.0,2014.0,1982.0,2007.0,Julio Franco,1958-08-23,|francojulio,|flangojolio,1958-08-23,1958.0,register_id,1.0
manzan001rav,Ravelo Manzanillo,1963-10-17,"San Pedro de Macoris, San Pedro de Macoris, DO",|manzanilloravelo,|lavelomanzanilo,1963-10-17,1963,118269.0,1008092.0,f5d0f845,f5d0f845-9dda-49a4-bb57-65f6ef63d087,manzr001,manzara01,manzan001rav,1008092.0,Manzanillo,Ravelo,Ravelo,1963.0,10.0,17.0,1981.0,2005.0,1988.0,1995.0,Ravelo Manzanillo,1963-10-17,|manzanilloravelo,|lavelomanzanilo,1963-10-17,1963.0,register_id,1.0
nunez-001jos,José Núñez,1964-01-13,"Jarabacoa, La Vega, DO",|josenunez,|josenonez,1964-01-13,1964,119867.0,1009659.0,6f63dcc8,6f63dcc8-3e7c-478c-8267-3ebe57be0fac,nunej001,nunezjo01,nunez-001jos,1009659.0,Núñez,José,José,1964.0,1.0,13.0,1984.0,2005.0,1987.0,1990.0,José Núñez,1964-01-13,|josenunez,|josenonez,1964-01-13,1964.0,register_id,1.0
galvez001bal,Balvino Gálvez,1964-03-31,"San Pedro de Macoris, San Pedro de Macoris, DO",|balvinogalvez,|balvinogalvez,1964-03-31,1964,114551.0,1004465.0,6910361c,6910361c-689b-4044-a4ef-e5343a5500cf,galvb001,galveba01,galvez001bal,1004465.0,Gálvez,Balvino,Balvino,1964.0,3.0,31.0,1982.0,2001.0,1986.0,1986.0,Balvino Gálvez,1964-03-31,|balvinogalvez,|balvinogalvez,1964-03-31,1964.0,register_id,1.0
newson001war,Warren Newson,1964-07-03,"Newnan, GA, US",|newsonwarren,|newsonwalen,1964-07-03,1964,119752.0,1009549.0,6f3a2de3,6f3a2de3-47cb-4c65-acb0-996a1200e563,newsw001,newsowa01,newson001war,1009549.0,Newson,Warren,Warren Dale,1964.0,7.0,3.0,1986.0,2003.0,1991.0,1998.0,Warren Newson,1964-07-03,|newsonwarren,|newsonwalen,1964-07-03,1964.0,register_id,1.0
willia005edw,Eddie Williams,1964-11-01,"Shreveport, LA, US",|eddiewilliams,|ediewiliams,1964-11-01,1964,124305.0,1013996.0,0de7776e,0de7776e-c1b7-41c0-8afb-248e647983be,wille001,willied01,willia005edw,1013996.0,Williams,Eddie,Edward Laquan,1964.0,11.0,1.0,1983.0,2002.0,1986.0,1998.0,Eddie Williams,1964-11-01,|eddiewilliams,|ediewiliams,1964-11-01,1964.0,register_id,1.0
linton001dou,Doug Linton,1965-02-09,"Santa Ana, CA, US",|douglinton,|doglindon,1965-02-09,1965,117800.0,1662.0,f8a709fc,f8a709fc-39d0-420f-b5b0-ef6a187a2151,lintd001,lintodo01,linton001dou,1662.0,Linton,Doug,Douglas Warren,1965.0,2.0,9.0,1987.0,2005.0,1992.0,2003.0,Doug Linton,1965-02-09,|douglinton,|doglindon,1965-02-09,1965.0,register_id,1.0
berroa001ger,Gerónimo Berroa,1965-03-18,"Santo Domingo, Distrito Nacional, DO",|berroageronimo,|beloagelonimo,1965-03-18,1965,110928.0,1000900.0,0fd67ee8,0fd67ee8-367f-4051-bb25-c267f347a8dc,berrg001,berroge01,berroa001ger,1000900.0,Berroa,Gerónimo,Gerónimo Emiliano Letta,1965.0,3.0,18.0,1984.0,2003.0,1989.0,2000.0,Gerónimo Berroa,1965-03-18,|berroageronimo,|beloagelonimo,1965-03-18,1965.0,register_id,1.0
jose--001dom,Félix José,1965-05-02,"Santo Domingo, Distrito Nacional, DO",|felixjose,|felixjose,1965-05-02,1965,116768.0,1610.0,f121e46b,f121e46b-f610-466c-bb05-aee86e6b7e5e,josef001,josefe01,jose--001dom,1610.0,José,Félix,Domingo Félix Andújar,1965.0,5.0,2.0,1984.0,2009.0,1988.0,2003.0,Félix José,1965-05-02,|felixjose,|felixjose,1965-05-02,1965.0,register_id,1.0
neel--001tro,Troy Neel,1965-09-14,"Freeport, TX, US",|neeltroy,|dloynil,1965-09-14,1965,119682.0,1009480.0,ad45499a,ad45499a-737d-49c2-88cf-6ff989e92570,neelt001,neeltr01,neel--001tro,1009480.0,Neel,Troy,Troy Lee,1965.0,9.0,14.0,1986.0,2001.0,1992.0,1994.0,Troy Neel,1965-09-14,|neeltroy,|dloynil,1965-09-14,1965.0,register_id,1.0
rohrme001dan,Dan Rohrmeier,1965-09-27,"Cincinnati, OH, US",|danrohrmeier,|danlohlmeiel,1965-09-27,1965,121401.0,1011149.0,38d4e44d,38d4e44d-391f-46c3-9ed7-5f563b48b5b1,rohrd001,rohrmda01,rohrme001dan,1011149.0,Rohrmeier,Dan,Daniel,1965.0,9.0,27.0,1987.0,2002.0,1997.0,1997.0,Dan Rohrmeier,1965-09-27,|danrohrmeier,|danlohlmeiel,1965-09-27,1965.0,register_id,1.0
lewis-005ric,Richie Lewis,1966-01-25,"Muncie, IN, US",|lewisrichie,|lewislijie,1966-01-25,1966,117742.0,1007587.0,1b5becae,1b5becae-6d19-4235-b1f4-27a7069bed71,lewir001,lewisri01,lewis-005ric,1007587.0,Lewis,Richie,Richie Todd,1966.0,1.0,25.0,1987.0,2003.0,1992.0,1998.0,Richie Lewis,1966-01-25,|lewisrichie,|lewislijie,1966-01-25,1966.0,register_id,1.0
winsto001dar,Darrin Winston,1966-07-06,"Passaic, NJ, US",|darrinwinston,|dalinwinsdon,1966-07-06,1966,124461.0,1014142.0,6b5a6dc6,6b5a6dc6-fb92-4173-b54b-68da7bb2cf9b,winsd001,winstda01,winsto001dar,1014142.0,Winston,Darrin,Darrin Alexander,1966.0,7.0,6.0,1988.0,2002.0,1997.0,1998.0,Darrin Winston,1966-07-06,|darrinwinston,|dalinwinsdon,1966-07-06,1966.0,register_id,1.0
valdez001efr,Efrain Valdez,1966-07-11,"Nizao, Peravia, DO",|efrainvaldez,|eflainvaldez,1966-07-11,1966,123601.0,1013311.0,5e0205a7,5e0205a7-7b7d-49e4-8a40-51a1377f4e15,valde001,valdeef01,valdez001efr,1013311.0,Valdez,Efrain,Efrain Antonio,1966.0,7.0,11.0,1983.0,2003.0,1990.0,1998.0,Efrain Valdez,1966-07-11,|efrainvaldez,|eflainvaldez,1966-07-11,1966.0,register_id,1.0
deloss002lui,Luis de los Santos,1966-12-29,"San Cristobal, San Cristobal, DO",|delosluissantos,|delislossandos,1966-12-29,1966,113243.0,1003180.0,8e35855a,8e35855a-8e24-445d-837a-828b745b3f90,delol001,deloslu01,deloss002lui,1003180.0,de los Santos,Luis,Luis Manuel,1966.0,12.0,29.0,1984.0,2002.0,1988.0,1991.0,Luis de los Santos,1966-12-29,|delosluissantos,|delislossandos,1966-12-29,1966.0,register_id,1.0
wood--001edw,Ted Wood,1967-01-04,"Mansfield, OH, US",|tedwood,|dedwod,1967-01-04,1967,124529.0,1014246.0,9af60fc4,9af60fc4-4ca0-4df7-8b32-3bfa82effa00,woodt002,woodte01,wood--001edw,1014246.0,Wood,Ted,Edward Robert,1967.0,1.0,4.0,1989.0,2000.0,1991.0,1993.0,Ted Wood,1967-01-04,|tedwood,|dedwod,1967-01-04,1967.0,register_id,1.0
meulen001hen,Hensley Meulens,1967-06-23,"Willemstad, CW",|hensleymeulens,|hensleymolens,1967-06-23,1967,119004.0,1008816.0,4cf9f8e2,4cf9f8e2-890d-4695-ad9f-40e3846d5de3,meulh001,meulehe01,meulen001hen,1008816.0,Meulens,Hensley,Hensley Filemon Acasio,1967.0,6.0,23.0,1986.0,2002.0,1989.0,1998.0,Hensley Meulens,1967-06-23,|hensleymeulens,|hensleymolens,1967-06-23,1967.0,register_id,1.0
tatum-002jam,Jim Tatum,1967-10-09,"San Diego, CA, US",|jimtatum,|dadomjim,1967-10-09,1967,123109.0,1012842.0,ec5755a0,ec5755a0-d600-4425-8eb4-b58512bb3718,tatuj001,tatumji01,tatum-002jam,1012842.0,Tatum,Jim,James Ray,1967.0,10.0,9.0,1985.0,2000.0,1992.0,1998.0,Jim Tatum,1967-10-09,|jimtatum,|dadomjim,1967-10-09,1967.0,register_id,1.0
pullia001har,Harvey Pulliam,1967-10-20,"San Francisco, CA, US",|harveypulliam,|boliamhalvey,1967-10-20,1967,120801.0,1010567.0,1e631f8b,1e631f8b-bb35-4fc3-90fb-eff64fc583f9,pullh001,pulliha01,pullia001har,1010567.0,Pulliam,Harvey,Harvey Jerome,1967.0,10.0,20.0,1986.0,2001.0,1991.0,1997.0,Harvey Pulliam,1967-10-20,|harveypulliam,|boliamhalvey,1967-10-20,1967.0,register_id,1.0
elvira001nar,Narciso Elvira,1967-10-29,"Tlalixcoyan, Veracruz, MX",|elviranarciso,|elvilanalgiso,1967-10-29,1967,113830.0,1003760.0,58d8500b,58d8500b-e898-43e9-981e-52edb5867e38,elvin001,elvirna01,elvira001nar,1003760.0,Elvira,Narciso,Narciso Chicho,1967.0,10.0,29.0,1986.0,2009.0,1990.0,1990.0,Narciso Elvira,1967-10-29,|elviranarciso,|elvilanalgiso,1967-10-29,1967.0,register_id,1.0
martin001alb,Al Martin,1967-11-24,"West Covina, CA, US",|almartin,|almaldin,1967-11-24,1967,118329.0,1167.0,4587a767,4587a767-d026-4ebf-b6bd-34323ab70681,marta001,martial03,martin001alb,1167.0,Martin,Al,Albert Lee,1967.0,11.0,24.0,1985.0,2004.0,1992.0,2003.0,Al Martin,1967-11-24,|almartin,|almaldin,1967-11-24,1967.0,register_id,1.0
rivera001bie,Ben Rivera,1968-01-11,"San Pedro de Macoris, San Pedro de Macoris, DO",|benrivera,|benlivela,1968-01-11,1968,121245.0,1010999.0,f7617c44,f7617c44-b361-4c9f-9a48-a653520fecac,riveb001,riverbe01,rivera001bie,1010999.0,Rivera,Ben,Bienvenido,1968.0,1.0,11.0,1987.0,2006.0,1992.0,1994.0,Ben Rivera,1968-01-11,|benrivera,|benlivela,1968-01-11,1968.0,register_id,1.0
cole--001vic,Victor Cole,1968-01-23,"St. Petersburg, St. Petersburg, RU",|colevictor,|golevigdol,1968-01-23,1968,112470.0,1002439.0,489654fa,489654fa-5e3f-44af-8fcb-bf78bb585e57,colev002,colevi01,cole--001vic,1002439.0,Cole,Victor,Victor Alexander,1968.0,1.0,23.0,1988.0,2002.0,1992.0,1992.0,Victor Cole,1968-01-23,|colevictor,|golevigdol,1968-01-23,1968.0,register_id,1.0
quinla002tho,Tom Quinlan,1968-03-27,"St. Paul, MN, US",|quinlantom,|domqinlan,1968-03-27,1968,120838.0,1010602.0,e1e9e60f,e1e9e60f-df5a-41b0-a794-36a91c3a1135,quint001,quinlto01,quinla002tho,1010602.0,Quinlan,Tom,Thomas Raymond,1968.0,3.0,27.0,1987.0,2002.0,1990.0,1996.0,Tom Quinlan,1968-03-27,|quinlantom,|domqinlan,1968-03-27,1968.0,register_id,1.0
garcia002mic,Mike Garcia,1968-05-11,"Riverside, CA, US",|garciamike,|galgiamige,1968-05-11,1968,237694.0,1004507.0,d91002b5,d91002b5-ed7a-4a4a-ad59-e627080169e3,garcm002,garcimi03,garcia002mic,1004507.0,Garcia,Mike,Michael R.,1968.0,5.0,11.0,1989.0,2007.0,1999.0,2000.0,Mike Garcia,1968-05-11,|garciamike,|galgiamige,1968-05-11,1968.0,register_id,1.0
farmer001mic,Mike Farmer,1968-07-03,"Gary, IN, US",|farmermike,|falmelmige,1968-07-03,1968,114014.0,1003938.0,5d54c620,5d54c620-0d16-4433-9226-8c69971c1b4d,farmm001,farmemi01,farmer001mic,1003938.0,Farmer,Mike,Michael Anthony,1968.0,7.0,3.0,1990.0,2001.0,1996.0,1996.0,Mike Farmer,1968-07-03,|farmermike,|falmelmige,1968-07-03,1968.0,register_id,1.0
carpen002cha,Bubba Carpenter,1968-07-23,"Dallas, TX, US",|bubbacarpenter,|bobagalbendel,1968-07-23,1968,150084.0,1001977.0,18bda3d8,18bda3d8-4eb7-4d5c-9fd8-37e6766b03eb,carpb001,carpebu01,carpen002cha,1001977.0,Carpenter,Bubba,Charles Sydney,1968.0,7.0,23.0,1991.0,2003.0,2000.0,2000.0,Bubba Carpenter,1968-07-23,|bubbacarpenter,|bobagalbendel,1968-07-23,1968.0,register_id,1.0
baerga001car,Carlos Baerga,1968-11-04,"Santurce, PR",|baergacarlos,|belgagalos,1968-11-04,1968,110427.0,175.0,08dc9574,08dc9574-7b99-448f-8bd2-c51f682baaec,baerc001,baergca01,baerga001car,175.0,Baerga,Carlos,Carlos Obed,1968.0,11.0,4.0,1986.0,2005.0,1990.0,2005.0,Carlos Baerga,1968-11-04,|baergacarlos,|belgagalos,1968-11-04,1968.0,register_id,1.0
kiefer001mar,Mark Kiefer,1968-11-13,"Orange, CA, US",|kiefermark,|giefelmalg,1968-11-13,1968,117039.0,1006892.0,8b3b3fc1,8b3b3fc1-574a-4e12-a6db-322d3ce5b974,kiefm001,kiefema01,kiefer001mar,1006892.0,Kiefer,Mark,Mark Andrew,1968.0,11.0,13.0,1988.0,2004.0,1993.0,1996.0,Mark Kiefer,1968-11-13,|kiefermark,|giefelmalg,1968-11-13,1968.0,register_id,1.0
takats001shi,Shingo Takatsu,1968-11-25,"Hiroshima, Hiroshima, JP",|shingotakatsu,|dagadsosingo,1968-11-25,1968,430968.0,1896.0,18669f7b,18669f7b-5171-47da-ae6f-e024a61b59ab,takas001,takatsh01,takats001shi,1896.0,Takatsu,Shingo,Shingo,1968.0,11.0,25.0,1991.0,2010.0,2004.0,2005.0,Shingo Takatsu,1968-11-25,|shingotakatsu,|dagadsosingo,1968-11-25,1968.0,register_id,1.0
hatche001chr,Chris Hatcher,1969-01-07,"Anaheim, CA, US",|chrishatcher,|hadjeljlis,1969-01-07,1969,136721.0,1005487.0,38c24e75,38c24e75-a966-437f-a608-1ca3bd689e9f,hatcc001,hatchch01,hatche001chr,1005487.0,Hatcher,Chris,Christopher Kenneth,1969.0,1.0,7.0,1990.0,2002.0,1998.0,1998.0,Chris Hatcher,1969-01-07,|chrishatcher,|hadjeljlis,1969-01-07,1969.0,register_id,1.0
perez-001rob,Robert Pérez,1969-06-04,"Ciudad Bolivar, Bolivar, VE",|perezrobert,|belezlobeld,1969-06-04,1969,120415.0,1010186.0,d2d4dba3,d2d4dba3-9760-4ff5-8284-06e671d08426,perer001,perezro01,perez-001rob,1010186.0,Pérez,Robert,Robert Alexander,1969.0,6.0,4.0,1990.0,2014.0,1994.0,2001.0,Robert Pérez,1969-06-04,|perezrobert,|belezlobeld,1969-06-04,1969.0,register_id,1.0
harrig001den,Denny Harriger,1969-07-21,"Kittanning, PA, US",|dennyharriger,|denyhaligel,1969-07-21,1969,133743.0,1005409.0,5b1a984f,5b1a984f-1f29-481d-b969-bbf10ec3aacd,harrd002,harride01,harrig001den,1005409.0,Harriger,Denny,Dennis Scott,1969.0,7.0,21.0,1987.0,2006.0,1998.0,1998.0,Denny Harriger,1969-07-21,|dennyharriger,|denyhaligel,1969-07-21,1969.0,register_id,1.0
koo---001dae,Dae-Sung Koo,1969-08-02,"Daejeon, Daejeon, KR",KOO|daesung,KOO|desong,1969-08-02,1969,435082.0,8619.0,5befc1b1,5befc1b1-2987-485f-9008-dfad6f29083b,koo-d001,kooda01,koo---001dae,8619.0,Koo,Dae-Sung,Dae-Sung,1969.0,8.0,2.0,1993.0,2022.0,2005.0,2005.0,Dae-Sung Koo,1969-08-02,KOO|daesung,KOO|desong,1969-08-02,1969.0,register_id,1.0
oleary001tro,Troy O'Leary,1969-08-04,"Compton, CA, US",|olearytroy,|dloyolealy,1969-08-04,1969,119975.0,789.0,0392a58a,0392a58a-f631-4732-9ad8-da67ff448a2f,oleat001,o'leatr01,oleary001tro,789.0,O'Leary,Troy,Troy Franklin,1969.0,8.0,4.0,1987.0,2005.0,1993.0,2003.0,Troy O'Leary,1969-08-04,|olearytroy,|dloyolealy,1969-08-04,1969.0,register_id,1.0
mitche001kei,Keith Mitchell,1969-08-06,"San Diego, CA, US",|keithmitchell,|geidmidjel,1969-08-06,1969,119194.0,1009005.0,68ecd810,68ecd810-32a6-4f6d-8047-75df811d77b2,mitck002,mitchke02,mitche001kei,1009005.0,Mitchell,Keith,Keith Alexander,1969.0,8.0,6.0,1987.0,2003.0,1991.0,1998.0,Keith Mitchell,1969-08-06,|keithmitchell,|geidmidjel,1969-08-06,1969.0,register_id,1.0
cookso001bre,Brent Cookson,1969-09-07,"Van Nuys, CA, US",|brentcookson,|blendgogson,1969-09-07,1969,112634.0,1002577.0,ab4047a9,ab4047a9-eb6e-440b-8ae9-e62de2660c74,cookb001,cooksbr01,cookso001bre,1002577.0,Cookson,Brent,Brent Adam,1969.0,9.0,7.0,1991.0,2004.0,1995.0,1999.0,Brent Cookson,1969-09-07,|brentcookson,|blendgogson,1969-09-07,1969.0,register_id,1.0
white-002der,Derrick White,1969-10-12,"San Rafael, CA, US",|derrickwhite,|deligwhide,1969-10-12,1969,124163.0,1013863.0,a3a1e87c,a3a1e87c-e22f-44f2-9126-e1458df0d06d,whitd003,whitede04,white-002der,1013863.0,White,Derrick,Derrick Ramon,1969.0,10.0,12.0,1991.0,2009.0,1993.0,1998.0,Derrick White,1969-10-12,|derrickwhite,|deligwhide,1969-10-12,1969.0,register_id,1.0
smith-009cha,Chuck Smith,1969-10-21,"Memphis, TN, US",|chucksmith,|jogsmid,1969-10-21,1969,276540.0,1012114.0,280fee19,280fee19-7a7f-4223-ae09-a8d79a0a1010,smitc001,smithch07,smith-009cha,1012114.0,Smith,Chuck,Charles Edward,1969.0,10.0,21.0,1991.0,2006.0,2000.0,2001.0,Chuck Smith,1969-10-21,|chucksmith,|jogsmid,1969-10-21,1969.0,register_id,1.0
fyhrie001mic,Mike Fyhrie,1969-12-09,"Long Beach, CA, US",|fyhriemike,|fyhliemige,1969-12-09,1969,114499.0,1447.0,369431f0,369431f0-6a38-49c9-a9f0-f2c689cb0e93,fyhrm001,fyhrimi01,fyhrie001mic,1447.0,Fyhrie,Mike,Michael Edwin,1969.0,12.0,9.0,1991.0,2004.0,1996.0,2002.0,Mike Fyhrie,1969-12-09,|fyhriemike,|fyhliemige,1969-12-09,1969.0,register_id,1.0
pember001rud,Rudy Pemberton,1969-12-17,"San Pedro de Macoris, San Pedro de Macoris, DO",|pembertonrudy,|bembeldonlody,1969-12-17,1969,120367.0,1010139.0,88939359,88939359-8c88-46d0-ad88-80f22fccfaec,pembr001,pemberu01,pember001rud,1010139.0,Pemberton,Rudy,Rudy Hector,1969.0,12.0,17.0,1988.0,2006.0,1995.0,1997.0,Rudy Pemberton,1969-12-17,|pembertonrudy,|bembeldonlody,1969-12-17,1969.0,register_id,1.0
hurtad002edw,Edwin Hurtado,1970-02-01,"Barquisimeto, Lara, VE",|edwinhurtado,|edwinholdado,1970-02-01,1970,116356.0,1006227.0,63cf78a8,63cf78a8-6727-44bb-997a-e7c1a1c3003e,hurte001,hurtaed01,hurtad002edw,1006227.0,Hurtado,Edwin,Edwin Amilgar,1970.0,2.0,1.0,1993.0,2006.0,1995.0,1997.0,Edwin Hurtado,1970-02-01,|edwinhurtado,|edwinholdado,1970-02-01,1970.0,register_id,1.0
philli003cha,J.R. Phillips,1970-04-29,"West Covina, CA, US",|jphillipsr,|bilibsjl,1970-04-29,1970,120514.0,1010294.0,35795b52,35795b52-4930-4e5a-afb9-56e8b5284176,philj001,phillj.01,philli003cha,1010294.0,Phillips,J. R.,Charles Gene,1970.0,4.0,29.0,1988.0,2005.0,1993.0,1999.0,J. R. Phillips,1970-04-29,|jphillipsr,|bilibsjl,1970-04-29,1970.0,register_id,1.0
smith-006mar,Mark Smith,1970-05-07,"Pasadena, CA, US",|marksmith,|malgsmid,1970-05-07,1970,122432.0,540.0,f80a7872,f80a7872-ce3b-4382-8b67-076ed5f6aeb7,smitm004,smithma03,smith-006mar,540.0,Smith,Mark,Mark Edward,1970.0,5.0,7.0,1991.0,2005.0,1994.0,2003.0,Mark Smith,1970-05-07,|marksmith,|malgsmid,1970-05-07,1970.0,register_id,1.0
sutton002lar,Larry Sutton,1970-05-14,"West Covina, CA, US",|larrysutton,|lalysodon,1970-05-14,1970,123009.0,939.0,d5d90c97,d5d90c97-51e7-4be5-9b4c-7937900df18a,suttl001,suttola01,sutton002lar,939.0,Sutton,Larry,Larry James,1970.0,5.0,14.0,1992.0,2007.0,1997.0,2004.0,Larry Sutton,1970-05-14,|larrysutton,|lalysodon,1970-05-14,1970.0,register_id,1.0
patric001bro,Bronswell Patrick,1970-09-16,"Greenville, NC, US",|bronswellpatrick,|badligblonswel,1970-09-16,1970,132940.0,1010054.0,417bcf2a,417bcf2a-4ca2-4d53-8cfa-acb2fbab7198,patrb001,patribr01,patric001bro,1010054.0,Patrick,Bronswell,Bronswell Dante,1970.0,9.0,16.0,1988.0,2006.0,1998.0,1999.0,Bronswell Patrick,1970-09-16,|bronswellpatrick,|badligblonswel,1970-09-16,1970.0,register_id,1.0
martin005man,Manny Martínez,1970-10-03,"San Pedro de Macoris, San Pedro de Macoris, DO",|mannymartinez,|maldinezmany,1970-10-03,1970,118373.0,1008182.0,f2270a5d,f2270a5d-7416-49f6-80c5-b163132a8803,martm002,martima02,martin005man,1008182.0,Martínez,Manny,Manuel,1970.0,10.0,3.0,1990.0,2008.0,1996.0,1999.0,Manny Martínez,1970-10-03,|mannymartinez,|maldinezmany,1970-10-03,1970.0,register_id,1.0
taylor002ker,Kerry Taylor,1971-01-25,"Bemidji, MN, US",|kerrytaylor,|daylolgely,1971-01-25,1971,123147.0,1012881.0,8e6dae7e,8e6dae7e-4c94-4ab5-a7aa-acb5987d3ffb,taylk001,tayloke01,taylor002ker,1012881.0,Taylor,Kerry,Kerry Thomas,1971.0,1.0,25.0,1989.0,2001.0,1993.0,1994.0,Kerry Taylor,1971-01-25,|kerrytaylor,|daylolgely,1971-01-25,1971.0,register_id,1.0
lee---001san,Sang-Hoon Lee,1971-03-11,"Seoul, Seoul, KR",LEE|hoonsang,LEE|honsang,1971-03-11,1971,275931.0,1007465.0,c66c1778,c66c1778-6a60-49c2-8a13-0294b301a55d,lee-s001,leesa01,lee---001san,1007465.0,Lee,Sang-Hoon,Sang-Hoon,1971.0,3.0,11.0,1993.0,2004.0,2000.0,2000.0,Sang-Hoon Lee,1971-03-11,LEE|hoonsang,LEE|honsang,1971-03-11,1971.0,register_id,1.0
tavare001jes,Jesús Tavárez,1971-03-26,"Santo Domingo, Distrito Nacional, DO",|jesustavarez,|davalezjesos,1971-03-26,1971,123117.0,1012849.0,5fdfd404,5fdfd404-7f88-430f-b7fe-64ddae6e2383,tavaj002,tavarje01,tavare001jes,1012849.0,Tavárez,Jesús,Jesús Rafael,1971.0,3.0,26.0,1990.0,2001.0,1994.0,1998.0,Jesús Tavárez,1971-03-26,|jesustavarez,|davalezjesos,1971-03-26,1971.0,register_id,1.0
petagi001rob,Roberto Petagine,1971-06-07,"Porlamar, Nueva Esparta, VE",|petagineroberto,|bedaginelobeldo,1971-06-07,1971,120451.0,8607.0,19c405e7,19c405e7-b39c-4048-9848-5bc123abbbba,petar001,petagro01,petagi001rob,8607.0,Petagine,Roberto,Roberto Antonio,1971.0,6.0,7.0,1990.0,2010.0,1994.0,2006.0,Roberto Petagine,1971-06-07,|petagineroberto,|bedaginelobeldo,1971-06-07,1971.0,register_id,1.0
hernan001fer,Fernando Hernández,1971-06-16,"Santiago, Santiago, DO",|fernandohernandez,|felnandohelnandez,1971-06-16,1971,115819.0,1005702.0,1fd1108b,1fd1108b-3362-4d3a-af92-d8a9fdaf7a9b,hernf001,hernafe01,hernan001fer,1005702.0,Hernández,Fernando,Fernando,1971.0,6.0,16.0,1990.0,2006.0,1997.0,1997.0,Fernando Hernández,1971-06-16,|fernandohernandez,|felnandohelnandez,1971-06-16,1971.0,register_id,1.0
harikk001tim,Tim Harikkala,1971-07-15,"West Palm Beach, FL, US",|harikkalatim,|dimhaligala,1971-07-15,1971,115475.0,1909.0,112e3f7b,112e3f7b-050b-4326-bf23-08c4de52f1c1,harit001,harikti01,harikk001tim,1909.0,Harikkala,Tim,Timothy Allan,1971.0,7.0,15.0,1992.0,2010.0,1995.0,2007.0,Tim Harikkala,1971-07-15,|harikkalatim,|dimhaligala,1971-07-15,1971.0,register_id,1.0
bowers001sha,Shane Bowers,1971-07-27,"Glendora, CA, US",|bowersshane,|bowelssane,1971-07-27,1971,111292.0,1001254.0,3987cf30,3987cf30-3705-4867-aaf2-46700f0e8105,bowes001,bowersh01,bowers001sha,1001254.0,Bowers,Shane,Shane Patrick,1971.0,7.0,27.0,1993.0,2004.0,1997.0,1997.0,Shane Bowers,1971-07-27,|bowersshane,|bowelssane,1971-07-27,1971.0,register_id,1.0
ruffin001joh,Johnny Ruffin,1971-07-29,"Butler, AL, US",|johnnyruffin,|johnylofin,1971-07-29,1971,121546.0,1011295.0,195372bd,195372bd-a251-434e-bb1c-2735c7f74919,ruffj001,ruffijo01,ruffin001joh,1011295.0,Ruffin,Johnny,Johnny Renando,1971.0,7.0,29.0,1988.0,2004.0,1993.0,2001.0,Johnny Ruffin,1971-07-29,|johnnyruffin,|johnylofin,1971-07-29,1971.0,register_id,1.0
diaz--002edd,Eddy Díaz,1971-09-29,"Barquisimeto, Lara, VE",|diazeddy,|diazedy,1971-09-29,1971,113328.0,1003265.0,f3a17477,f3a17477-7f4b-48a8-8aad-af9a92f37c31,diaze003,diazed02,diaz--002edd,1003265.0,Díaz,Eddy,Eddy Javier,1971.0,9.0,29.0,1991.0,2007.0,1997.0,1997.0,Eddy Díaz,1971-09-29,|diazeddy,|diazedy,1971-09-29,1971.0,register_id,1.0
jackso001rya,Ryan Jackson,1971-11-15,"Orlando, FL, US",|jacksonryan,|jagsonlyan,1971-11-15,1971,133224.0,472.0,867bb659,867bb659-a3e5-4417-99ef-d0386a12d42d,jackr004,jacksry01,jackso001rya,472.0,Jackson,Ryan,Ryan Dewitte,1971.0,11.0,15.0,1994.0,2005.0,1998.0,2002.0,Ryan Jackson,1971-11-15,|jacksonryan,|jagsonlyan,1971-11-15,1971.0,register_id,1.0
romano002mic,Mike Romano,1972-03-03,"New Orleans, LA, US",|mikeromano,|lomanomige,1972-03-03,1972,237334.0,1011167.0,955418a5,955418a5-af2d-4d78-b82f-7f2d44f6b94b,romam001,romanmi01,romano002mic,1011167.0,Romano,Mike,Michael Desport,1972.0,3.0,3.0,1993.0,2008.0,1999.0,1999.0,Mike Romano,1972-03-03,|mikeromano,|lomanomige,1972-03-03,1972.0,register_id,1.0
torres001sal,Salomón Torres,1972-03-11,"San Pedro de Macoris, San Pedro de Macoris, DO",|salomontorres,|dolessalomon,1972-03-11,1972,123415.0,1628.0,c486a2c1,c486a2c1-a8cc-43d1-8916-724704a5a799,torrs001,torresa01,torres001sal,1628.0,Torres,Salomón,Salomón,1972.0,3.0,11.0,1991.0,2008.0,1993.0,2008.0,Salomón Torres,1972-03-11,|salomontorres,|dolessalomon,1972-03-11,1972.0,register_id,1.0
cabrer001jos,José Cabrera,1972-03-24,"La Delgada, Santiago, DO",|cabrerajose,|gablelajose,1972-03-24,1972,111850.0,679.0,96e3966f,96e3966f-4740-4e2c-a725-1b4c0a7dec4e,cabrj001,cabrejo01,cabrer001jos,679.0,Cabrera,José,José Alberto,1972.0,3.0,24.0,1992.0,2014.0,1997.0,2002.0,José Cabrera,1972-03-24,|cabrerajose,|gablelajose,1972-03-24,1972.0,register_id,1.0
bennet001sha,Shayne Bennett,1972-04-10,"Adelaide, South Australia, AU",|bennettshayne,|benedsayne,1972-04-10,1972,110875.0,1000847.0,02467606,02467606-8f01-42b9-a55f-7e857525fff7,benns001,bennesh01,bennet001sha,1000847.0,Bennett,Shayne,Shayne Anthony,1972.0,4.0,10.0,1993.0,2003.0,1997.0,1999.0,Shayne Bennett,1972-04-10,|bennettshayne,|benedsayne,1972-04-10,1972.0,register_id,1.0
mejia-001rob,Roberto Mejía,1972-04-14,"Hato Mayor del Rey, Hato Mayor, DO",|mejiaroberto,|lobeldomejia,1972-04-14,1972,118925.0,1008741.0,fe9cb586,fe9cb586-bc29-49f8-82cd-499b34a0e3aa,mejir001,mejiaro02,mejia-001rob,1008741.0,Mejía,Roberto,Roberto Antonio,1972.0,4.0,14.0,1991.0,2009.0,1993.0,1997.0,Roberto Mejía,1972-04-14,|mejiaroberto,|lobeldomejia,1972-04-14,1972.0,register_id,1.0
frankl001mic,Micah Franklin,1972-04-25,"San Francisco, CA, US",|franklinmicah,|flanglinmiga,1972-04-25,1972,114385.0,1004301.0,8af676cd,8af676cd-6696-4f84-b2f4-4ed9608c6fd5,franm002,frankmi01,frankl001mic,1004301.0,Franklin,Micah,Micah Ishanti,1972.0,4.0,25.0,1990.0,2004.0,1997.0,1997.0,Micah Franklin,1972-04-25,|franklinmicah,|flanglinmiga,1972-04-25,1972.0,register_id,1.0
brito-001til,Tilson Brito,1972-05-28,"Santo Domingo, Distrito Nacional, DO",|britotilson,|blidodilson,1972-05-28,1972,111483.0,1001446.0,074424e5,074424e5-8ec0-4d02-944d-577401607d3e,britt001,britoti01,brito-001til,1001446.0,Brito,Tilson,Tilson Manuel,1972.0,5.0,28.0,1992.0,2008.0,1996.0,1997.0,Tilson Brito,1972-05-28,|britotilson,|blidodilson,1972-05-28,1972.0,register_id,1.0
coolba001mic,Mike Coolbaugh,1972-06-05,"Binghamton, NY, US",|coolbaughmike,|golbaogmige,1972-06-05,1972,150086.0,1147.0,28daa443,28daa443-d5f7-4691-9133-82bf36fd7cfb,coolm001,coolbmi01,coolba001mic,1147.0,Coolbaugh,Mike,Michael Robert,1972.0,6.0,5.0,1990.0,2006.0,2001.0,2002.0,Mike Coolbaugh,1972-06-05,|coolbaughmike,|golbaogmige,1972-06-05,1972.0,register_id,1.0
herrer009jos,José Herrera,1972-08-30,"Santo Domingo, Distrito Nacional, DO",|herrerajose,|helelajose,1972-08-30,1972,115842.0,1005722.0,88e6cdd7,88e6cdd7-8d4d-48d7-bede-b8bb759b9f4a,herrj001,herrejo02,herrer009jos,1005722.0,Herrera,José,José Ramón,1972.0,8.0,30.0,1991.0,2011.0,1995.0,1996.0,José Herrera,1972-08-30,|herrerajose,|helelajose,1972-08-30,1972.0,register_id,1.0
rodrig002fel,Félix Rodríguez,1972-09-09,"Monte Cristi, Monte Cristi, DO",|felixrodriguez,|felixlodligoez,1972-09-09,1972,121353.0,1127.0,900f6463,900f6463-eb8b-4e30-9739-e8a843a45f50,rodrf002,rodrife01,rodrig002fel,1127.0,Rodríguez,Félix,Félix Antonio,1972.0,9.0,9.0,1991.0,2011.0,1995.0,2006.0,Félix Rodríguez,1972-09-09,|felixrodriguez,|felixlodligoez,1972-09-09,1972.0,register_id,1.0
cruz--001nel,Nelson Cruz,1972-09-13,"Puerto Plata, Puerto Plata, DO",|cruznelson,|gloznelson,1972-09-13,1972,112906.0,554.0,7eb96018,7eb96018-67aa-469a-b98f-c25bcf74c882,cruzn001,cruzne01,cruz--001nel,554.0,Cruz,Nelson,Nelson,1972.0,9.0,13.0,1991.0,2008.0,1997.0,2003.0,Nelson Cruz,1972-09-13,|cruznelson,|gloznelson,1972-09-13,1972.0,register_id,1.0
lima--001jos,José Lima,1972-09-30,"Santiago, Santiago, DO",|joselima,|joselima,1972-09-30,1972,117769.0,475.0,be226b55,be226b55-9c87-43b0-8938-7638a8a491ec,limaj001,limajo01,lima--001jos,475.0,Lima,José,José Desiderio Rodriguez,1972.0,9.0,30.0,1990.0,2009.0,1994.0,2006.0,José Lima,1972-09-30,|joselima,|joselima,1972-09-30,1972.0,register_id,1.0
smith-002tra,Travis Smith,1972-11-07,"Springfield, OR, US",|smithtravis,|dlavissmid,1972-11-07,1972,134000.0,1522.0,81039503,81039503-4e1c-441d-9260-5333be08fdc0,smitt001,smithtr01,smith-002tra,1522.0,Smith,Travis,Travis William,1972.0,11.0,7.0,1995.0,2007.0,1998.0,2006.0,Travis Smith,1972-11-07,|smithtravis,|dlavissmid,1972-11-07,1972.0,register_id,1.0
rios--001dan,Danny Rios,1972-11-11,"Madrid, Madrid, ES",|dannyrios,|danylios,1972-11-11,1972,121220.0,1010975.0,85b75ea3,85b75ea3-1b15-4630-9640-c15cd2636d0e,riosd001,riosda01,rios--001dan,1010975.0,Rios,Danny,Daniel,1972.0,11.0,11.0,1993.0,2008.0,1997.0,1998.0,Danny Rios,1972-11-11,|dannyrios,|danylios,1972-11-11,1972.0,register_id,1.0
cubill001dar,Darwin Cubillán,1972-11-15,"Bobures, Zulia, VE",|cubillandarwin,|dalwingobilan,1972-11-15,1972,319114.0,771.0,797f637a,797f637a-0bc4-4d87-9de8-893b4bf2ec01,cubid001,cubilda01,cubill001dar,771.0,Cubillán,Darwin,Darwin Harrikson,1972.0,11.0,15.0,1994.0,2016.0,2000.0,2004.0,Darwin Cubillán,1972-11-15,|cubillandarwin,|dalwingobilan,1972-11-15,1972.0,register_id,1.0
anduja001lui,Luis Andújar,1972-11-22,"Bani, Peravia, DO",|andujarluis,|andojallis,1972-11-22,1972,110279.0,1000267.0,6efe4de6,6efe4de6-d33f-4b3d-8343-97b1835247c1,andul001,andujlu01,anduja001lui,1000267.0,Andújar,Luis,Luis,1972.0,11.0,22.0,1991.0,2004.0,1995.0,1998.0,Luis Andújar,1972-11-22,|andujarluis,|andojallis,1972-11-22,1972.0,register_id,1.0
parra-002jos,José Parra,1972-11-28,"Jacagua, Santiago, DO",|joseparra,|balajose,1972-11-28,1972,120244.0,70.0,dba8d742,dba8d742-b347-4b85-a992-1bb633e7fd36,parrj002,parrajo01,parra-002jos,70.0,Parra,José,José Miguel,1972.0,11.0,28.0,1990.0,2005.0,1995.0,2004.0,José Parra,1972-11-28,|joseparra,|balajose,1972-11-28,1972.0,register_id,1.0
rath--001alf,Gary Rath,1973-01-10,"Gulfport, MS, US",|garyrath,|galylad,1973-01-10,1973,133320.0,1010708.0,f6333710,f6333710-01ae-40c9-9a57-92bcdc6ecea1,rathg001,rathga01,rath--001alf,1010708.0,Rath,Gary,Alfred Gary,1973.0,1.0,10.0,1994.0,2008.0,1998.0,1999.0,Gary Rath,1973-01-10,|garyrath,|galylad,1973-01-10,1973.0,register_id,1.0
cruz--001jac,Jacob Cruz,1973-01-28,"Oxnard, CA, US",|cruzjacob,|glozjagob,1973-01-28,1973,112901.0,463.0,556653df,556653df-73b3-42d3-9ad6-9df3735dafd2,cruzj003,cruzja01,cruz--001jac,463.0,Cruz,Jacob,Jacob,1973.0,1.0,28.0,1994.0,2010.0,1996.0,2005.0,Jacob Cruz,1973-01-28,|cruzjacob,|glozjagob,1973-01-28,1973.0,register_id,1.0
nitkow001chr,C.J. Nitkowski,1973-03-09,"Suffern, NY, US",|cjnitkowski,|gjnidgowsgi,1973-03-09,1973,119809.0,570.0,8c89e06e,8c89e06e-a990-4d58-9453-882e13136ec6,nitkc001,nitkoc.01,nitkow001chr,570.0,Nitkowski,C. J.,Christopher John,1973.0,3.0,9.0,1994.0,2012.0,1995.0,2005.0,C. J. Nitkowski,1973-03-09,|cjnitkowski,|gjnidgowsgi,1973-03-09,1973.0,register_id,1.0
veras-001dar,Darío Veras,1973-03-13,"Santiago, Santiago, DO",|darioveras,|daliovelas,1973-03-13,1973,123699.0,1013403.0,b5df35e0,b5df35e0-a12b-48da-a01e-2871f047c810,verad001,verasda01,veras-001dar,1013403.0,Veras,Darío,Darío Antonio,1973.0,3.0,13.0,1993.0,2010.0,1996.0,1998.0,Darío Veras,1973-03-13,|darioveras,|daliovelas,1973-03-13,1973.0,register_id,1.0
alcant001isr,Israel Alcántara,1973-05-06,"Bani, Peravia, DO",|alcantaraisrael,|algandalaislel,1973-05-06,1973,150161.0,1558.0,55b48db8,55b48db8-206a-464e-b647-235ee5a4475b,alcai001,alcanis01,alcant001isr,1558.0,Alcántara,Israel,Israel,1973.0,5.0,6.0,1992.0,2007.0,2000.0,2002.0,Israel Alcántara,1973-05-06,|alcantaraisrael,|algandalaislel,1973-05-06,1973.0,register_id,1.0
janzen001mar,Marty Janzen,1973-05-31,"Homestead, FL, US",|janzenmarty,|janzenmaldy,1973-05-31,1973,116495.0,1006362.0,10cc3620,10cc3620-f9b5-4391-88f3-9c584d33bda4,janzm001,janzema01,janzen001mar,1006362.0,Janzen,Marty,Martin Thomas,1973.0,5.0,31.0,1992.0,2005.0,1996.0,1997.0,Marty Janzen,1973-05-31,|janzenmarty,|janzenmaldy,1973-05-31,1973.0,register_id,1.0
manon-001jul,Julio Mañón,1973-06-10,"Guerra, Distrito Nacional, DO",|juliomanon,|joliomanon,1973-06-10,1973,408249.0,1732.0,09e76525,09e76525-5202-4172-98d9-b49641937ef3,manoj001,manonju01,manon-001jul,1732.0,Mañón,Julio,Julio Alberto,1973.0,6.0,10.0,1993.0,2011.0,2003.0,2006.0,Julio Mañón,1973-06-10,|juliomanon,|joliomanon,1973-06-10,1973.0,register_id,1.0
hodges001kev,Kevin Hodges,1973-06-24,"Houston, TX, US",|hodgeskevin,|gevinhodges,1973-06-24,1973,277406.0,1005885.0,4a61da20,4a61da20-f859-49fc-b166-042e63781202,hodgk001,hodgeke01,hodges001kev,1005885.0,Hodges,Kevin,Kevin Jon,1973.0,6.0,24.0,1991.0,2006.0,2000.0,2000.0,Kevin Hodges,1973-06-24,|hodgeskevin,|gevinhodges,1973-06-24,1973.0,register_id,1.0
valdes001ped,Pedro Valdés,1973-06-29,"Fajardo, PR",|pedrovaldes,|bedlovaldes,1973-06-29,1973,123597.0,1013315.0,f34f2d40,f34f2d40-8fc4-4145-93d1-d116671cbdc5,valdp001,valdepe01,valdes001ped,1013315.0,Valdés,Pedro,Pedro José,1973.0,6.0,29.0,1991.0,2012.0,1996.0,2000.0,Pedro Valdés,1973-06-29,|pedrovaldes,|bedlovaldes,1973-06-29,1973.0,register_id,1.0
park--001cha,Chan Ho Park,1973-06-30,"Gongju, South Chungcheong, KR",PARK|chanho,PARK|hojan,1973-06-30,1973,120221.0,1267.0,3b8cfc51,3b8cfc51-6783-43d5-840d-bf8eaf97a845,parkc002,parkch01,park--001cha,1267.0,Park,Chan Ho,Chan Ho,1973.0,6.0,30.0,1994.0,2012.0,1994.0,2010.0,Chan Ho Park,1973-06-30,PARK|chanho,PARK|hojan,1973-06-30,1973.0,register_id,1.0
collie001lou,Lou Collier,1973-08-21,"Chicago, IL, US",|collierlou,|goliello,1973-08-21,1973,112496.0,1438.0,82b626b6,82b626b6-1e15-41bd-ab21-676b4685acc1,colll001,collilo01,collie001lou,1438.0,Collier,Lou,Louis Keith,1973.0,8.0,21.0,1993.0,2007.0,1997.0,2004.0,Lou Collier,1973-08-21,|collierlou,|goliello,1973-08-21,1973.0,register_id,1.0
pozo--001arq,Arquimedez Pozo,1973-08-24,"Santo Domingo, Distrito Nacional, DO",|arquimedezpozo,|alqimedezbozo,1973-08-24,1973,120739.0,1010508.0,e95bfbe3,e95bfbe3-2494-4e0a-939d-e3a78c39c66a,pozoa001,pozoar01,pozo--001arq,1010508.0,Pozo,Arquimedez,Arquimedez,1973.0,8.0,24.0,1992.0,2000.0,1995.0,1997.0,Arquimedez Pozo,1973-08-24,|arquimedezpozo,|alqimedezbozo,1973-08-24,1973.0,register_id,1.0
pellow001kit,Kit Pellow,1973-08-28,"Kansas City, MO, US",|kitpellow,|belowgid,1973-08-28,1973,408227.0,1576.0,fbd9db4a,fbd9db4a-1128-46d7-beed-3da85412e991,pellk001,pelloki01,pellow001kit,1576.0,Pellow,Kit,Kit Donovan,1973.0,8.0,28.0,1996.0,2010.0,2002.0,2004.0,Kit Pellow,1973-08-28,|kitpellow,|belowgid,1973-08-28,1973.0,register_id,1.0
lopez-001men,Mendy López,1973-10-15,"Pimentel, Duarte, DO",|lopezmendy,|lobezmendy,1973-10-15,1973,133741.0,1458.0,3c458b39,3c458b39-9cbf-44de-a39d-e032549d48d6,lopem001,lopezme01,lopez-001men,1458.0,López,Mendy,Mendy,1973.0,10.0,15.0,1994.0,2013.0,1998.0,2004.0,Mendy López,1973-10-15,|lopezmendy,|lobezmendy,1973-10-15,1973.0,register_id,1.0
cortes001dav,David Cortés,1973-10-15,"Mexicali, Baja California, MX",|cortesdavid,|davidgoldes,1973-10-15,1973,233694.0,1798.0,32f53b41,32f53b41-778d-476a-a609-a5f3397a1983,cortd001,corteda01,cortes001dav,1798.0,Cortés,David,David Cardenas,1973.0,10.0,15.0,1996.0,2010.0,1999.0,2006.0,David Cortés,1973-10-15,|cortesdavid,|davidgoldes,1973-10-15,1973.0,register_id,1.0
corey-001bry,Bryan Corey,1973-10-21,"Thousand Oaks, CA, US",|bryancorey,|blyangoley,1973-10-21,1973,132241.0,1439.0,292389c3,292389c3-00ab-4e12-9231-14c1ad94df41,coreb001,coreybr01,corey-001bry,1439.0,Corey,Bryan,Bryan Scott,1973.0,10.0,21.0,1993.0,2012.0,1998.0,2008.0,Bryan Corey,1973-10-21,|bryancorey,|blyangoley,1973-10-21,1973.0,register_id,1.0
telema001ama,Amaury Telemaco,1974-01-19,"Higuey, La Altagracia, DO",|amaurytelemaco,|amaolydelemago,1974-01-19,1974,123176.0,1802.0,eadd714c,eadd714c-991e-4886-908d-70325352e5f0,telea001,telemam01,telema001ama,1802.0,Telemaco,Amaury,Amaury,1974.0,1.0,19.0,1992.0,2006.0,1996.0,2005.0,Amaury Telemaco,1974-01-19,|amaurytelemaco,|amaolydelemago,1974-01-19,1974.0,register_id,1.0
henriq001osc,Óscar Henríquez,1974-01-28,"La Guaira, La Guaira, VE",|henriquezoscar,|henliqoezosgal,1974-01-28,1974,115780.0,1540.0,70a6d7df,70a6d7df-1013-4f5f-ba7b-0a1c604fe68b,henro001,henrios01,henriq001osc,1540.0,Henríquez,Óscar,Óscar Eduardo,1974.0,1.0,28.0,1993.0,2006.0,1997.0,2002.0,Óscar Henríquez,1974-01-28,|henriquezoscar,|henliqoezosgal,1974-01-28,1974.0,register_id,1.0
brumba001cli,Cliff Brumbaugh,1974-04-21,"Wilmington, DE, US",|brumbaughcliff,|blombaogglif,1974-04-21,1974,406733.0,1001582.0,e7841dc4,e7841dc4-611d-4877-807a-03ccea9b415e,brumc001,brumbcl01,brumba001cli,1001582.0,Brumbaugh,Cliff,Clifford Michael,1974.0,4.0,21.0,1995.0,2010.0,2001.0,2001.0,Cliff Brumbaugh,1974-04-21,|brumbaughcliff,|blombaogglif,1974-04-21,1974.0,register_id,1.0
cooper001bri,Brian Cooper,1974-08-19,"Hollywood, CA, US",|briancooper,|bliangobel,1974-08-19,1974,150001.0,1295.0,45fb0171,45fb0171-ab6e-4475-b3ec-07480a1335c1,coopb001,coopebr01,cooper001bri,1295.0,Cooper,Brian,Brian John,1974.0,8.0,19.0,1995.0,2006.0,1999.0,2005.0,Brian Cooper,1974-08-19,|briancooper,|bliangobel,1974-08-19,1974.0,register_id,1.0
hackma001lut,Luther Hackman,1974-10-10,"Columbus, MS, US",|hackmanluther,|hagmanlodel,1974-10-10,1974,235097.0,1155.0,f0eff7ad,f0eff7ad-ca61-4f67-991f-a0140626cdd7,hackl001,hackmlu01,hackma001lut,1155.0,Hackman,Luther,Luther Gean,1974.0,10.0,10.0,1994.0,2010.0,1999.0,2003.0,Luther Hackman,1974-10-10,|hackmanluther,|hagmanlodel,1974-10-10,1974.0,register_id,1.0
mclear001mar,Marty McLeary,1974-10-26,"Kettering, OH, US",|martymcleary,|maldymglealy,1974-10-26,1974,276373.0,2022.0,cfab3a38,cfab3a38-8951-4cc9-b06f-fa21f4db0b89,mclem002,mcleama01,mclear001mar,2022.0,McLeary,Marty,Marty Lee,1974.0,10.0,26.0,1997.0,2010.0,2004.0,2007.0,Marty McLeary,1974-10-26,|martymcleary,|maldymglealy,1974-10-26,1974.0,register_id,1.0
glynn-001rya,Ryan Glynn,1974-11-01,"Portsmouth, VA, US",|glynnryan,|glynlyan,1974-11-01,1974,150281.0,686.0,5cb88ebe,5cb88ebe-4379-437b-bacc-bf33dc7b2bd5,glynr001,glynnry01,glynn-001rya,686.0,Glynn,Ryan,Ryan David,1974.0,11.0,1.0,1995.0,2011.0,1999.0,2005.0,Ryan Glynn,1974-11-01,|glynnryan,|glynlyan,1974-11-01,1974.0,register_id,1.0
fernan004jos,José Fernández,1974-11-02,"La Vega, La Vega, DO",|fernandezjose,|felnandezjose,1974-11-02,1974,150403.0,1003998.0,17725ae4,17725ae4-3de0-48fe-b0bd-c181b9d66a8d,fernj001,fernajo01,fernan004jos,1003998.0,Fernández,José,José Mayobanex,1974.0,11.0,2.0,1994.0,2013.0,1999.0,2001.0,José Fernández,1974-11-02,|fernandezjose,|felnandezjose,1974-11-02,1974.0,register_id,1.0
bowie-001mic,Micah Bowie,1974-11-10,"Humble, TX, US",|bowiemicah,|bowiemiga,1974-11-10,1974,150295.0,1561.0,bc1c99fb,bc1c99fb-951d-49a4-8917-5e9dcc4898d1,bowim001,bowiemi01,bowie-001mic,1561.0,Bowie,Micah,Micah Andrew,1974.0,11.0,10.0,1994.0,2008.0,1999.0,2008.0,Micah Bowie,1974-11-10,|bowiemicah,|bowiemiga,1974-11-10,1974.0,register_id,1.0
ray---001ken,Ken Ray,1974-11-27,"Atlanta, GA, US",|kenray,|genlay,1974-11-27,1974,150208.0,1986.0,0c9ec3ee,0c9ec3ee-cb37-4b7d-b0f3-c6dc2f07da7c,ray-k001,rayke01,ray---001ken,1986.0,Ray,Ken,Kenneth Alan,1974.0,11.0,27.0,1993.0,2016.0,1999.0,2006.0,Ken Ray,1974-11-27,|kenray,|genlay,1974-11-27,1974.0,register_id,1.0
pena--001ang,Ángel Peña,1975-02-16,"San Pedro de Macoris, San Pedro de Macoris, DO",|angelpena,|angelbena,1975-02-16,1975,136723.0,1010141.0,e3acaf1f,e3acaf1f-1477-463b-83d5-667e20ab4688,penaa002,penaan01,pena--001ang,1010141.0,Peña,Ángel,Ángel Maria,1975.0,2.0,16.0,1995.0,2007.0,1998.0,2001.0,Ángel Peña,1975-02-16,|angelpena,|angelbena,1975-02-16,1975.0,register_id,1.0
lopez-001aqu,Aquilino López,1975-04-21,"Villa Altagracia, San Cristobal, DO",|aquilinolopez,|aqilinolobez,1975-04-21,1975,425658.0,1671.0,325a712d,325a712d-65fe-4bfa-91e8-9c344ad930c6,lopea003,lopezaq01,lopez-001aqu,1671.0,López,Aquilino,Aquilino,1975.0,4.0,21.0,1999.0,2012.0,2003.0,2008.0,Aquilino López,1975-04-21,|aquilinolopez,|aqilinolobez,1975-04-21,1975.0,register_id,1.0
callaw001mic,Mickey Callaway,1975-05-13,"Memphis, TN, US",|callawaymickey,|galawaymigey,1975-05-13,1975,209068.0,7.0,c13fecd5,c13fecd5-7a33-42c2-9b2a-b8f80f432925,callm001,callami01,callaw001mic,7.0,Callaway,Mickey,Michael Christopher,1975.0,5.0,13.0,1996.0,2009.0,1999.0,2004.0,Mickey Callaway,1975-05-13,|callawaymickey,|galawaymigey,1975-05-13,1975.0,register_id,1.0
seabol001sco,Scott Seabol,1975-05-17,"McKeesport, PA, US",|scottseabol,|seabolsgod,1975-05-17,1975,346867.0,846.0,493fa0a6,493fa0a6-3c32-49c3-8506-1714a585c0b3,seabs001,seabosc01,seabol001sco,846.0,Seabol,Scott,Scott Anthony,1975.0,5.0,17.0,1996.0,2009.0,2001.0,2005.0,Scott Seabol,1975-05-17,|scottseabol,|seabolsgod,1975-05-17,1975.0,register_id,1.0
garcia002ama,Amaury García,1975-05-20,"Santo Domingo, Distrito Nacional, DO",|amaurygarcia,|amaolygalgia,1975-05-20,1975,150362.0,1004495.0,744213b1,744213b1-fb14-4311-af48-be03c25e05ba,garca001,garciam01,garcia002ama,1004495.0,García,Amaury,Amaury Miguel,1975.0,5.0,20.0,1994.0,2008.0,1999.0,1999.0,Amaury García,1975-05-20,|amaurygarcia,|amaolygalgia,1975-05-20,1975.0,register_id,1.0
yan---001est,Esteban Yan,1975-06-22,"Campina, El Seibo, DO",|estebanyan,|esdebanyan,1975-06-22,1975,124643.0,1236.0,8ebb8def,8ebb8def-6256-41fc-81cb-f723bc9054e3,yan-e001,yanes01,yan---001est,1236.0,Yan,Esteban,Esteban Luis,1975.0,6.0,22.0,1993.0,2012.0,1996.0,2006.0,Esteban Yan,1975-06-22,|estebanyan,|esdebanyan,1975-06-22,1975.0,register_id,1.0
davis-001kan,Kane Davis,1975-06-25,"Ripley, WV, US",|daviskane,|davisgane,1975-06-25,1975,282327.0,872.0,93ffd14f,93ffd14f-2971-4032-80b1-6e9627cfe9c3,davik001,daviska01,davis-001kan,872.0,Davis,Kane,Kane Thomas,1975.0,6.0,25.0,1993.0,2010.0,2000.0,2007.0,Kane Davis,1975-06-25,|daviskane,|davisgane,1975-06-25,1975.0,register_id,1.0
greisi001set,Seth Greisinger,1975-07-29,"Kansas City, KS, US",|greisingerseth,|gleisingelsed,1975-07-29,1975,133960.0,467.0,53b6b402,53b6b402-658f-45fc-ab36-f53b18fb6571,greis001,greisse01,greisi001set,467.0,Greisinger,Seth,Seth Adam,1975.0,7.0,29.0,1997.0,2013.0,1998.0,2005.0,Seth Greisinger,1975-07-29,|greisingerseth,|gleisingelsed,1975-07-29,1975.0,register_id,1.0
cho---001jin,Jin Ho Cho,1975-08-16,"Jeonju, North Jeolla, KR",CHO|hojin,CHO|hojin,1975-08-16,1975,135380.0,1002203.0,f2a87066,f2a87066-a31b-485c-a654-82d7b1a4e488,cho-j001,choji01,cho---001jin,1002203.0,Cho,Jin Ho,Jin Ho,1975.0,8.0,16.0,1998.0,2009.0,1998.0,1999.0,Jin Ho Cho,1975-08-16,CHO|hojin,CHO|hojin,1975-08-16,1975.0,register_id,1.0
encarn001mar,Mario Encarnación,1975-09-24,"Bani, Peravia, DO",|encarnacionmario,|engalnagionmalio,1975-09-24,1975,276512.0,1444.0,83dcd5ce,83dcd5ce-e4cb-4e95-8c72-f90270565884,encam001,encarma01,encarn001mar,1444.0,Encarnación,Mario,Mario,1975.0,9.0,24.0,1996.0,2005.0,2001.0,2002.0,Mario Encarnación,1975-09-24,|encarnacionmario,|engalnagionmalio,1975-09-24,1975.0,register_id,1.0
knight001bra,Brandon Knight,1975-10-01,"Oxnard, CA, US",|brandonknight,|blandongnighd,1975-10-01,1975,150284.0,831.0,a14b1708,a14b1708-e9d4-43b6-bc7c-8e631803db23,knigb001,knighbr01,knight001bra,831.0,Knight,Brandon,Brandon Michael,1975.0,10.0,1.0,1995.0,2014.0,2001.0,2008.0,Brandon Knight,1975-10-01,|brandonknight,|blandongnighd,1975-10-01,1975.0,register_id,1.0
johnso008mic,Mike Johnson,1975-10-03,"Edmonton, AB, CA",|johnsonmike,|johnsonmige,1975-10-03,1975,116611.0,1006487.0,fde43656,fde43656-72e5-4c5a-bc8b-dda7469750e5,johnm002,johnsmi02,johnso008mic,1006487.0,Johnson,Mike,Michael Keith,1975.0,10.0,3.0,1993.0,2010.0,1997.0,2001.0,Mike Johnson,1975-10-03,|johnsonmike,|johnsonmige,1975-10-03,1975.0,register_id,1.0
estrad001hor,Horacio Estrada,1975-10-19,"San Joaquin, Carabobo, VE",|estradahoracio,|esdladaholagio,1975-10-19,1975,216194.0,1003843.0,fb48ac0e,fb48ac0e-a465-4638-a196-3f513a6e0149,estrh001,estraho01,estrad001hor,1003843.0,Estrada,Horacio,Horacio,1975.0,10.0,19.0,1995.0,2013.0,1999.0,2001.0,Horacio Estrada,1975-10-19,|estradahoracio,|esdladaholagio,1975-10-19,1975.0,register_id,1.0
garcia001gus,Karim García,1975-10-29,"Ciudad Obregon, Sonora, MX",|garciakarim,|galgiagalim,1975-10-29,1975,114588.0,1537.0,5aadfc77,5aadfc77-6088-4e5a-be95-52629dc119ca,garck002,garcika01,garcia001gus,1537.0,García,Karim,Gustavo Karim,1975.0,10.0,29.0,1993.0,2016.0,1995.0,2004.0,Karim García,1975-10-29,|garciakarim,|galgiagalim,1975-10-29,1975.0,register_id,1.0
clark-003dou,Doug Clark,1976-03-05,"Springfield, MA, US",|clarkdoug,|dogglalg,1976-03-05,1976,285070.0,2457.0,f073d77f,f073d77f-10d9-4359-844a-7b801d4946c7,clard002,clarkdo01,clark-003dou,2457.0,Clark,Doug,Douglas Dwyer,1976.0,3.0,5.0,1998.0,2014.0,2005.0,2006.0,Doug Clark,1976-03-05,|clarkdoug,|dogglalg,1976-03-05,1976.0,register_id,1.0
serran001jam,Jimmy Serrano,1976-05-09,"Grand Junction, CO, US",|jimmyserrano,|jimyselano,1976-05-09,1976,408250.0,2491.0,2ee8aeda,2ee8aeda-04dd-42c2-9de7-11c998e3910f,serrj001,serraji01,serran001jam,2491.0,Serrano,Jimmy,James,1976.0,5.0,9.0,1998.0,2009.0,2004.0,2004.0,Jimmy Serrano,1976-05-09,|jimmyserrano,|jimyselano,1976-05-09,1976.0,register_id,1.0
lim---001cha,Chang-Yong Lim,1976-06-04,"Gwangju, Gwangju, KR",LIM|changyong,LIM|jangyong,1976-06-04,1976,547939.0,14445.0,a5734796,a5734796-83de-4bb9-9dc6-f7d7056dafcf,lim-c001,limch01,lim---001cha,14445.0,Lim,Chang-Yong,Chang-Yong,1976.0,6.0,4.0,1995.0,2018.0,2013.0,2013.0,Chang-Yong Lim,1976-06-04,LIM|changyong,LIM|jangyong,1976-06-04,1976.0,register_id,1.0
wilson001kri,Kris Wilson,1976-08-06,"Washington, DC, US",|kriswilson,|gliswilson,1976-08-06,1976,330892.0,636.0,b39cb95e,b39cb95e-0bb6-45be-9076-71f052981c5b,wilsk001,wilsokr01,wilson001kri,636.0,Wilson,Kris,Kristopher Kyle,1976.0,8.0,6.0,1997.0,2011.0,2000.0,2006.0,Kris Wilson,1976-08-06,|kriswilson,|gliswilson,1976-08-06,1976.0,register_id,1.0
cerven001mic,Mike Cervenak,1976-08-17,"Trenton, MI, US",|cervenakmike,|gelvenagmige,1976-08-17,1976,453941.0,3133.0,412362f8,412362f8-654d-4a42-8efe-d1a12993f75f,cervm001,cervemi01,cerven001mic,3133.0,Cervenak,Mike,Michael Christopher,1976.0,8.0,17.0,1999.0,2013.0,2008.0,2008.0,Mike Cervenak,1976-08-17,|cervenakmike,|gelvenagmige,1976-08-17,1976.0,register_id,1.0
myrow-001bri,Brian Myrow,1976-09-04,"Fort Worth, TX, US",|brianmyrow,|blianmylow,1976-09-04,1976,434703.0,3702.0,6b4acb44,6b4acb44-98d5-4a57-8cc1-c9d487c9177d,myrob001,myrowbr01,myrow-001bri,3702.0,Myrow,Brian,Brian Shawn,1976.0,9.0,4.0,1999.0,2015.0,2005.0,2008.0,Brian Myrow,1976-09-04,|brianmyrow,|blianmylow,1976-09-04,1976.0,register_id,1.0
picker001cal,Calvin Pickering,1976-09-29,"St. Thomas, VI",|calvinpickering,|bigelinggalvin,1976-09-29,1976,136730.0,208.0,0dd8d6d9,0dd8d6d9-926a-4923-b4b7-d530dea91a49,pickc001,pickeca01,picker001cal,208.0,Pickering,Calvin,Calvin Elroy,1976.0,9.0,29.0,1995.0,2008.0,1998.0,2005.0,Calvin Pickering,1976-09-29,|calvinpickering,|bigelinggalvin,1976-09-29,1976.0,register_id,1.0
ethert001set,Seth Etherton,1976-10-17,"Laguna Beach, CA, US",|ethertonseth,|edeldonsed,1976-10-17,1976,150003.0,322.0,45b6e757,45b6e757-6ea7-4108-b32d-644abc09376a,ethes001,etherse01,ethert001set,322.0,Etherton,Seth,Seth Michael,1976.0,10.0,17.0,1998.0,2012.0,2000.0,2006.0,Seth Etherton,1976-10-17,|ethertonseth,|edeldonsed,1976-10-17,1976.0,register_id,1.0
walron001les,Les Walrond,1976-11-07,"Muskogee, OK, US",|leswalrond,|leswalond,1976-11-07,1976,400113.0,1735.0,7e1b90d9,7e1b90d9-7a63-44fc-a670-7bb8fe829da6,walrl001,walrole01,walron001les,1735.0,Walrond,Les,Leslie Dale,1976.0,11.0,7.0,1998.0,2012.0,2003.0,2008.0,Les Walrond,1976-11-07,|leswalrond,|leswalond,1976-11-07,1976.0,register_id,1.0
glover001joh,Gary Glover,1976-12-03,"Cleveland, OH, US",|garyglover,|galyglovel,1976-12-03,1976,150474.0,234.0,6a9d6c73,6a9d6c73-2ce9-4a70-ae81-7b510c2a58d0,glovg001,glovega01,glover001joh,234.0,Glover,Gary,John Gary,1976.0,12.0,3.0,1994.0,2012.0,1999.0,2008.0,Gary Glover,1976-12-03,|garyglover,|galyglovel,1976-12-03,1976.0,register_id,1.0
obermu001wes,Wes Obermueller,1976-12-22,"Cedar Rapids, IA, US",|obermuellerwes,|obelmoelelwes,1976-12-22,1976,425286.0,1637.0,7c218d5a,7c218d5a-a14c-402f-89dc-9db3e2791edd,oberw001,obermwe01,obermu001wes,1637.0,Obermueller,Wes,Wesley Mitchell,1976.0,12.0,22.0,1999.0,2008.0,2002.0,2007.0,Wes Obermueller,1976-12-22,|obermuellerwes,|obelmoelelwes,1976-12-22,1976.0,register_id,1.0
procto001sco,Scott Proctor,1977-01-02,"Stuart, FL, US",|proctorscott,|blogdolsgod,1977-01-02,1977,429984.0,1911.0,39b5f691,39b5f691-1e18-4bbf-8e9b-0cca960254b1,procs001,proctsc01,procto001sco,1911.0,Proctor,Scott,Scott Christopher,1977.0,1.0,2.0,1998.0,2013.0,2004.0,2011.0,Scott Proctor,1977-01-02,|proctorscott,|blogdolsgod,1977-01-02,1977.0,register_id,1.0
junge-001eri,Eric Junge,1977-01-05,"Manhasset, NY, US",|ericjunge,|eligjonge,1977-01-05,1977,407784.0,1611.0,47a8598f,47a8598f-4f47-4a7d-9ae6-d71f21d64252,junge001,jungeer01,junge-001eri,1611.0,Junge,Eric,Eric DeBari,1977.0,1.0,5.0,1999.0,2012.0,2002.0,2003.0,Eric Junge,1977-01-05,|ericjunge,|eligjonge,1977-01-05,1977.0,register_id,1.0
bauer-002ric,Rick Bauer,1977-01-10,"Garden Grove, CA, US",|bauerrick,|baoellig,1977-01-10,1977,407400.0,125.0,827b1986,827b1986-6bc9-4ab8-b78c-0503c976a44f,bauer001,bauerri01,bauer-002ric,125.0,Bauer,Rick,Richard Edward,1977.0,1.0,10.0,1997.0,2012.0,2001.0,2008.0,Rick Bauer,1977-01-10,|bauerrick,|baoellig,1977-01-10,1977.0,register_id,1.0
brown-019jam,Jamie Brown,1977-03-31,"Meridian, MS, US",|brownjamie,|blownjamie,1977-03-31,1977,150343.0,371.0,97594f0a,97594f0a-a218-4a97-a4ec-8e0d2905c15c,browj004,brownja04,brown-019jam,371.0,Brown,Jamie,Jamie Monroe,1977.0,3.0,31.0,1997.0,2008.0,2004.0,2004.0,Jamie Brown,1977-03-31,|brownjamie,|blownjamie,1977-03-31,1977.0,register_id,1.0
oxspri001chr,Chris Oxspring,1977-05-13,"Ipswich, Queensland, AU",|chrisoxspring,|jlisoxsbling,1977-05-13,1977,430684.0,7232.0,a90cc965,a90cc965-a145-401d-9993-450db2b2ce26,oxspc001,oxsprch01,oxspri001chr,7232.0,Oxspring,Chris,Chris Andrew,1977.0,5.0,13.0,2000.0,2023.0,2005.0,2005.0,Chris Oxspring,1977-05-13,|chrisoxspring,|jlisoxsbling,1977-05-13,1977.0,register_id,1.0
seo---002jae,Jae Weong Seo,1977-05-24,"Gwangju, Gwangju, KR",SEO|jaeweong,SEO|jewong,1977-05-24,1977,150242.0,895.0,ded991c4,ded991c4-ca3f-4408-ad88-9afde268a767,seo-j001,seoja01,seo---002jae,895.0,Seo,Jae Weong,Jae Weong,1977.0,5.0,24.0,1998.0,2015.0,2002.0,2007.0,Jae Weong Seo,1977-05-24,SEO|jaeweong,SEO|jewong,1977-05-24,1977.0,register_id,1.0
lehr--001cha,Justin Lehr,1977-08-03,"Orange, CA, US",|justinlehr,|josdinlehl,1977-08-03,1977,430680.0,2163.0,1a18c894,1a18c894-c439-4389-a6e1-14ab22d9b513,lehrj001,lehrju01,lehr--001cha,2163.0,Lehr,Justin,Charles Larry,1977.0,8.0,3.0,1999.0,2012.0,2004.0,2009.0,Justin Lehr,1977-08-03,|justinlehr,|josdinlehl,1977-08-03,1977.0,register_id,1.0
shearn001tho,Tom Shearn,1977-08-28,"Columbus, OH, US",|shearntom,|domsealn,1977-08-28,1977,407838.0,2040.0,bd4a6e80,bd4a6e80-53a7-4075-b8d5-d102de71b505,sheat001,shearto01,shearn001tho,2040.0,Shearn,Tom,Thomas Aaron,1977.0,8.0,28.0,1996.0,2008.0,2007.0,2007.0,Tom Shearn,1977-08-28,|shearntom,|domsealn,1977-08-28,1977.0,register_id,1.0
adkins001jon,Jon Adkins,1977-08-30,"Huntington, WV, US",|adkinsjon,|adginsjon,1977-08-30,1977,424668.0,1799.0,cd6a78d8,cd6a78d8-a992-428a-8c57-353e81440d95,adkij001,adkinjo01,adkins001jon,1799.0,Adkins,Jon,Jonathan Scott,1977.0,8.0,30.0,1999.0,2010.0,2003.0,2008.0,Jon Adkins,1977-08-30,|adkinsjon,|adginsjon,1977-08-30,1977.0,register_id,1.0
kim---001sun,Sun-Woo Kim,1977-09-04,"Incheon, Incheon, KR",KIM|sunwoo,KIM|sonwo,1977-09-04,1977,279615.0,197.0,38e7c910,38e7c910-9603-4898-bbd9-cf2d6dfe9ce4,kim-s001,kimsu01,kim---001sun,197.0,Kim,Sun-Woo,Sun-Woo,1977.0,9.0,4.0,1998.0,2014.0,2001.0,2006.0,Sun-Woo Kim,1977-09-04,KIM|sunwoo,KIM|sonwo,1977-09-04,1977.0,register_id,1.0
thomas001bra,Brad Thomas,1977-10-22,"Sydney, New South Wales, AU",|bradthomas,|bladdomas,1977-10-22,1977,346801.0,757.0,a4ef4b73,a4ef4b73-e985-4e10-af36-8bbeace70dc7,thomb001,thomabr01,thomas001bra,757.0,Thomas,Brad,Bradley Richard,1977.0,10.0,22.0,1996.0,2014.0,2001.0,2011.0,Brad Thomas,1977-10-22,|bradthomas,|bladdomas,1977-10-22,1977.0,register_id,1.0
carlyl001ear,Buddy Carlyle,1977-12-21,"Omaha, NE, US",|buddycarlyle,|bodygalyle,1977-12-21,1977,234194.0,2010.0,9585fee7,9585fee7-5d9f-4db9-a8dc-cb82785c2ba5,carlb001,carlybu01,carlyl001ear,2010.0,Carlyle,Buddy,Earl Lester,1977.0,12.0,21.0,1996.0,2015.0,1999.0,2015.0,Buddy Carlyle,1977-12-21,|buddycarlyle,|bodygalyle,1977-12-21,1977.0,register_id,1.0
bowers001ced,Cedrick Bowers,1978-02-10,"Gainesville, FL, US",|bowerscedrick,|bowelsgedlig,1978-02-10,1978,276914.0,3293.0,c1315a99,c1315a99-5886-4e55-91bb-979f12dd2dd5,bowec001,bowerce01,bowers001ced,3293.0,Bowers,Cedrick,Cedrick Jerome,1978.0,2.0,10.0,1996.0,2013.0,2008.0,2010.0,Cedrick Bowers,1978-02-10,|bowerscedrick,|bowelsgedlig,1978-02-10,1978.0,register_id,1.0
mateo-001rub,Rubén Mateo,1978-02-10,"San Cristobal, San Cristobal, DO",|mateoruben,|lobenmado,1978-02-10,1978,150288.0,340.0,8c42981b,8c42981b-708d-4424-aace-a3d26c75008d,mater001,mateoru01,mateo-001rub,340.0,Mateo,Rubén,Rubén Amaury,1978.0,2.0,10.0,1996.0,2015.0,1999.0,2004.0,Rubén Mateo,1978-02-10,|mateoruben,|lobenmado,1978-02-10,1978.0,register_id,1.0
reddin001tim,Tim Redding,1978-02-12,"Rochester, NY, US",|reddingtim,|dimleding,1978-02-12,1978,400062.0,573.0,5555e66c,5555e66c-337a-480f-a3e4-39d84116aeea,reddt001,redditi01,reddin001tim,573.0,Redding,Tim,Timothy James,1978.0,2.0,12.0,1998.0,2013.0,2001.0,2009.0,Tim Redding,1978-02-12,|reddingtim,|dimleding,1978-02-12,1978.0,register_id,1.0
gall--001joh,John Gall,1978-04-02,"Stanford, CA, US",|galljohn,|galjohn,1978-04-02,1978,430571.0,2142.0,da7bc91c,da7bc91c-f0b1-49e5-a48a-8cd7674e247f,gallj001,galljo01,gall--001joh,2142.0,Gall,John,John Christopher,1978.0,4.0,2.0,2000.0,2009.0,2005.0,2007.0,John Gall,1978-04-02,|galljohn,|galjohn,1978-04-02,1978.0,register_id,1.0
hernan001run,Runelvys Hernández,1978-04-27,"Santo Domingo, Distrito Nacional, DO",|hernandezrunelvys,|helnandezlonelvys,1978-04-27,1978,424465.0,1528.0,803c1da4,803c1da4-079e-4ad4-8821-0ef10601a293,hernr003,hernaru03,hernan001run,1528.0,Hernández,Runelvys,Runelvys Antonio,1978.0,4.0,27.0,2001.0,2012.0,2002.0,2008.0,Runelvys Hernández,1978-04-27,|hernandezrunelvys,|helnandezlonelvys,1978-04-27,1978.0,register_id,1.0
valdez001wil,Wilson Valdez,1978-05-20,"Nizao, Peravia, DO",|valdezwilson,|valdezwilson,1978-05-20,1978,407832.0,1863.0,bf932832,bf932832-dac3-4db8-aa97-c20ca266dfbd,valdw001,valdewi01,valdez001wil,1863.0,Valdez,Wilson,Wilson Antonio,1978.0,5.0,20.0,1999.0,2015.0,2004.0,2012.0,Wilson Valdez,1978-05-20,|valdezwilson,|valdezwilson,1978-05-20,1978.0,register_id,1.0
scott-001luk,Luke Scott,1978-06-25,"De Leon Springs, FL, US",|lukescott,|logesgod,1978-06-25,1978,432928.0,3469.0,a9d5665d,a9d5665d-7e1b-47b3-bfb3-f713903b43f2,scotl001,scottlu01,scott-001luk,3469.0,Scott,Luke,Luke Brandon,1978.0,6.0,25.0,2002.0,2015.0,2005.0,2013.0,Luke Scott,1978-06-25,|lukescott,|logesgod,1978-06-25,1978.0,register_id,1.0
gordon001bri,Brian Gordon,1978-08-16,"West Point, NY, US",|briangordon,|bliangoldon,1978-08-16,1978,430950.0,2374.0,6901f230,6901f230-fca3-4395-8a50-2ddd5b63927f,gordb001,gordobr01,gordon001bri,2374.0,Gordon,Brian,Brian Ernest,1978.0,8.0,16.0,1997.0,2014.0,2008.0,2011.0,Brian Gordon,1978-08-16,|briangordon,|bliangoldon,1978-08-16,1978.0,register_id,1.0
watson002mat,Matt Watson,1978-09-05,"Lancaster, PA, US",|mattwatson,|madwadson,1978-09-05,1978,420673.0,1846.0,8d88bea6,8d88bea6-5190-4f54-ba5a-512d486c7c2e,watsm002,watsoma02,watson002mat,1846.0,Watson,Matt,Matthew Kyle,1978.0,9.0,5.0,1999.0,2011.0,2003.0,2010.0,Matt Watson,1978-09-05,|mattwatson,|madwadson,1978-09-05,1978.0,register_id,1.0
bootch001chr,Chris Bootcheck,1978-10-24,"La Porte, IN, US",|bootcheckchris,|bodjegjlis,1978-10-24,1978,408052.0,1842.0,cc87c5f3,cc87c5f3-c328-4dbf-ac2a-bb5762ebc609,bootc001,bootcch01,bootch001chr,1842.0,Bootcheck,Chris,Christopher Brandon,1978.0,10.0,24.0,2001.0,2014.0,2003.0,2013.0,Chris Bootcheck,1978-10-24,|bootcheckchris,|bodjegjlis,1978-10-24,1978.0,register_id,1.0
kim---001byu,Byung-Hyun Kim,1979-01-19,"Gwangju, Gwangju, KR",KIM|byunghyun,KIM|byonghyon,1979-01-19,1979,218294.0,61.0,9fc7f9a0,9fc7f9a0-e458-4eb3-a67b-e6dfba855059,kim-b001,kimby01,kim---001byu,61.0,Kim,Byung-Hyun,Byung-Hyun,1979.0,1.0,19.0,1999.0,2018.0,1999.0,2007.0,Byung-Hyun Kim,1979-01-19,KIM|byunghyun,KIM|byonghyon,1979-01-19,1979.0,register_id,1.0
choi--001hee,Hee-Seop Choi,1979-03-16,"Hwasun, South Jeolla, KR",CHOI|heeseop,CHOI|hisob,1979-03-16,1979,400292.0,270.0,15d89732,15d89732-3581-4d84-888a-6ecfea20c277,choih001,choihe01,choi--001hee,270.0,Choi,Hee-Seop,Hee-Seop,1979.0,3.0,16.0,1999.0,2015.0,2002.0,2005.0,Hee-Seop Choi,1979-03-16,CHOI|heeseop,CHOI|hisob,1979-03-16,1979.0,register_id,1.0
aldrid001cor,Cory Aldridge,1979-06-13,"San Angelo, TX, US",|aldridgecory,|aldlidgegoly,1979-06-13,1979,400139.0,1405.0,a0f62ae4,a0f62ae4-6b9a-4e3f-b445-86d19bf2c074,aldrc001,aldrico01,aldrid001cor,1405.0,Aldridge,Cory,Cory Jerome,1979.0,6.0,13.0,1997.0,2015.0,2001.0,2010.0,Cory Aldridge,1979-06-13,|aldridgecory,|aldlidgegoly,1979-06-13,1979.0,register_id,1.0
vanhek001and,Andy Van Hekken,1979-07-31,"Holland, MI, US",|andyhekkenvan,|andyhegenvan,1979-07-31,1979,407843.0,1630.0,b00cbe35,b00cbe35-8f6a-4ee6-90ed-474fcbef633f,vanha001,vanhean01,vanhek001and,1630.0,Van Hekken,Andy,Andrew William,1979.0,7.0,31.0,1998.0,2018.0,2002.0,2002.0,Andy Van Hekken,1979-07-31,|andyhekkenvan,|andyhegenvan,1979-07-31,1979.0,register_id,1.0
houlto001den,D.J. Houlton,1979-08-12,"Fullerton, CA, US",|dhoultonj,|dholdonj,1979-08-12,1979,434885.0,3566.0,2cef6270,2cef6270-fdab-4b75-b5e4-4434e96b57ea,hould001,houltdj01,houlto001den,3566.0,Houlton,D. J.,Dennis Sean,1979.0,8.0,12.0,2001.0,2014.0,2005.0,2007.0,D. J. Houlton,1979-08-12,|dhoultonj,|dholdonj,1979-08-12,1979.0,register_id,1.0
colon-001rom,Román Colón,1979-08-13,"Monte Cristi, Monte Cristi, DO",|colonroman,|golonloman,1979-08-13,1979,430638.0,2242.0,aaea61b1,aaea61b1-8f27-4c88-a48f-2860533d6db3,color001,colonro01,colon-001rom,2242.0,Colón,Román,Román Benedicto,1979.0,8.0,13.0,1997.0,2014.0,2004.0,2012.0,Román Colón,1979-08-13,|colonroman,|golonloman,1979-08-13,1979.0,register_id,1.0
youman001sha,Shane Youman,1979-10-11,"New Iberia, LA, US",|shaneyouman,|saneyoman,1979-10-11,1979,456558.0,3888.0,9ad182f7,9ad182f7-8b85-4cfb-b4d7-1f07d50c2445,youms001,youmash01,youman001sha,3888.0,Youman,Shane,Shane Demond,1979.0,10.0,11.0,2002.0,2016.0,2006.0,2007.0,Shane Youman,1979-10-11,|shaneyouman,|saneyoman,1979-10-11,1979.0,register_id,1.0
ennis-001joh,John Ennis,1979-10-17,"Montrose, CO, US",|ennisjohn,|enisjohn,1979-10-17,1979,407795.0,85.0,cbc05bab,cbc05bab-f3a2-4dba-85c2-f1253dc189af,ennij001,ennisjo01,ennis-001joh,85.0,Ennis,John,John Wayne,1979.0,10.0,17.0,1998.0,2010.0,2002.0,2007.0,John Ennis,1979-10-17,|ennisjohn,|enisjohn,1979-10-17,1979.0,register_id,1.0
bush--002dav,Dave Bush,1979-11-09,"Pittsburgh, PA, US",|bushdave,|bosdave,1979-11-09,1979,433657.0,4635.0,15c717c3,15c717c3-d2ed-425a-8960-c83a2e871d8b,bushd001,bushda01,bush--002dav,4635.0,Bush,Dave,David Thomas,1979.0,11.0,9.0,2002.0,2013.0,2004.0,2013.0,Dave Bush,1979-11-09,|bushdave,|bosdave,1979-11-09,1979.0,register_id,1.0
ramire001hor,Horacio Ramírez,1979-11-24,"Carson, CA, US",|horacioramirez,|holagiolamilez,1979-11-24,1979,400141.0,110.0,87ab0f12,87ab0f12-51b0-4453-97eb-5f88045758aa,ramih002,ramirho01,ramire001hor,110.0,Ramírez,Horacio,Horacio,1979.0,11.0,24.0,1997.0,2022.0,2003.0,2011.0,Horacio Ramírez,1979-11-24,|horacioramirez,|holagiolamilez,1979-11-24,1979.0,register_id,1.0
hannah004joh,Jack Hannahan,1980-03-04,"St. Paul, MN, US",|hannahanjack,|hanahanjag,1980-03-04,1980,435219.0,3692.0,31461ae8,31461ae8-5f4b-41c1-998d-f92bfe7abd47,hannj001,hannaja01,hannah004joh,3692.0,Hannahan,Jack,John Joseph,1980.0,3.0,4.0,2001.0,2015.0,2006.0,2014.0,Jack Hannahan,1980-03-04,|hannahanjack,|hanahanjag,1980-03-04,1980.0,register_id,1.0
rottin001vin,Vinny Rottino,1980-04-07,"Racine, WI, US",|rottinovinny,|lodinoviny,1980-04-07,1980,457130.0,5202.0,8d0294fb,8d0294fb-29d4-4277-980b-72b19849b961,rottv001,rottivi01,rottin001vin,5202.0,Rottino,Vinny,Vincent Antonio,1980.0,4.0,7.0,2003.0,2016.0,2006.0,2012.0,Vinny Rottino,1980-04-07,|rottinovinny,|lodinoviny,1980-04-07,1980.0,register_id,1.0
morgan001nyj,Nyjer Morgan,1980-07-02,"San Francisco, CA, US",|morgannyjer,|molgannyjel,1980-07-02,1980,460579.0,4885.0,611522c1,611522c1-7861-4064-a662-4d6898152079,morgn001,morgany01,morgan001nyj,4885.0,Morgan,Nyjer,Nyjer Jamid,1980.0,7.0,2.0,2003.0,2017.0,2007.0,2014.0,Nyjer Morgan,1980-07-02,|morgannyjer,|molgannyjel,1980-07-02,1980.0,register_id,1.0
bong--001jun,Jung Bong,1980-07-15,"Seoul, Seoul, KR",JUNG|bong,JUNG|bong,1980-07-15,1980,407794.0,82.0,4786e911,4786e911-bc6f-4bca-9868-509a997ab1c0,bongj001,bongju01,bong--001jun,82.0,Bong,Jung,Jung Keun,1980.0,7.0,15.0,1998.0,2016.0,2002.0,2004.0,Jung Bong,1980-07-15,JUNG|bong,JUNG|bong,1980-07-15,1980.0,register_id,1.0
diaz--002fel,Félix Díaz,1980-07-27,"Las Matas de Farfan, San Juan, DO",|diazfelix,|diazfelix,1980-07-27,1980,407808.0,1932.0,bff7b69f,bff7b69f-5548-45a9-93de-c96099dee429,diazf001,diazfe01,diaz--002fel,1932.0,Díaz,Félix,Félix Antonio,1980.0,7.0,27.0,2000.0,2013.0,2004.0,2004.0,Félix Díaz,1980-07-27,|diazfelix,|diazfelix,1980-07-27,1980.0,register_id,1.0
bautis001den,Denny Bautista,1980-08-23,"Sanchez, Samana, DO",|bautistadenny,|baodisdadeny,1980-08-23,1980,429714.0,1947.0,4689870b,4689870b-3d2f-421b-b0d3-bc04b4be5693,bautd002,bautide01,bautis001den,1947.0,Bautista,Denny,Denny M.,1980.0,8.0,23.0,2000.0,2015.0,2004.0,2010.0,Denny Bautista,1980-08-23,|bautistadenny,|baodisdadeny,1980-08-23,1980.0,register_id,1.0
jimene001kel,Kelvin Jiménez,1980-10-27,"Sanchez, Samana, DO",|jimenezkelvin,|gelvinjimenez,1980-10-27,1980,459376.0,2902.0,88ea415e,88ea415e-9eb1-4574-b1ea-486f41e90823,jimek001,jimenke01,jimene001kel,2902.0,Jiménez,Kelvin,Kelvin Rogelio,1980.0,10.0,27.0,2001.0,2014.0,2007.0,2008.0,Kelvin Jiménez,1980-10-27,|jimenezkelvin,|gelvinjimenez,1980-10-27,1980.0,register_id,1.0
garko-001rya,Ryan Garko,1981-01-02,"Pittsburgh, PA, US",|garkoryan,|galgolyan,1981-01-02,1981,434939.0,6319.0,d0f873cf,d0f873cf-fd11-4801-9cd4-42478c2537c7,garkr001,garkory01,garko-001rya,6319.0,Garko,Ryan,Ryan Francis,1981.0,1.0,2.0,2003.0,2012.0,2005.0,2010.0,Ryan Garko,1981-01-02,|garkoryan,|galgolyan,1981-01-02,1981.0,register_id,1.0
capell001jos,José Capellán,1981-01-13,"Cotui, Sanchez Ramirez, DO",|capellanjose,|gabelanjose,1981-01-13,1981,430642.0,2236.0,ac699252,ac699252-746e-4f6a-8c21-34e7027107f3,capej001,capeljo01,capell001jos,2236.0,Capellán,José,José Francisco,1981.0,1.0,13.0,2001.0,2013.0,2004.0,2008.0,José Capellán,1981-01-13,|capellanjose,|gabelanjose,1981-01-13,1981.0,register_id,1.0
bueno-001fra,Francisley Bueno,1981-03-05,"La Habana, La Habana, CU",|buenofrancisley,|boenoflangisley,1981-03-05,1981,499107.0,5980.0,20235e72,20235e72-414c-4747-8cd3-c5e77ca0b574,buenf001,buenofr01,bueno-001fra,5980.0,Bueno,Francisley,Francisley,1981.0,3.0,5.0,1999.0,2019.0,2008.0,2014.0,Francisley Bueno,1981-03-05,|buenofrancisley,|boenoflangisley,1981-03-05,1981.0,register_id,1.0
henn--001sea,Sean Henn,1981-04-23,"Fort Worth, TX, US",|hennsean,|hensean,1981-04-23,1981,430675.0,2147.0,cdcde551,cdcde551-1041-4452-a651-4438a4ff5884,henns001,hennse01,henn--001sea,2147.0,Henn,Sean,Sean Michael,1981.0,4.0,23.0,2001.0,2013.0,2005.0,2013.0,Sean Henn,1981-04-23,|hennsean,|hensean,1981-04-23,1981.0,register_id,1.0
nipper001dus,Dustin Nippert,1981-05-06,"Wheeling, WV, US",|dustinnippert,|dosdinnibeld,1981-05-06,1981,430962.0,4426.0,fb67da68,fb67da68-d361-4969-a1f0-99f0d0abd4b7,nippd001,nippedu01,nipper001dus,4426.0,Nippert,Dustin,Dustin David,1981.0,5.0,6.0,2002.0,2018.0,2005.0,2010.0,Dustin Nippert,1981-05-06,|dustinnippert,|dosdinnibeld,1981-05-06,1981.0,register_id,1.0
crucet001fra,Francisco Cruceta,1981-07-04,"Rancho Viejo, La Vega, DO",|crucetafrancisco,|flangisgoglogeda,1981-07-04,1981,425510.0,2104.0,4cff77e6,4cff77e6-7459-4108-ba4e-911322ad6958,crucf001,crucefr01,crucet001fra,2104.0,Cruceta,Francisco,Francisco Alberto,1981.0,7.0,4.0,2002.0,2016.0,2004.0,2008.0,Francisco Cruceta,1981-07-04,|crucetafrancisco,|flangisgoglogeda,1981-07-04,1981.0,register_id,1.0
dumatr001phi,Phil Dumatrait,1981-07-12,"Bakersfield, CA, US",|dumatraitphil,|bildomadlaid,1981-07-12,1981,430597.0,8598.0,e6454d27,e6454d27-f2fa-4a5b-bda3-40ddf58b90d0,dumap001,dumatph01,dumatr001phi,8598.0,Dumatrait,Phil,Phillip Anthony,1981.0,7.0,12.0,2000.0,2011.0,2007.0,2011.0,Phil Dumatrait,1981-07-12,|dumatraitphil,|bildomadlaid,1981-07-12,1981.0,register_id,1.0
maya--001yun,Yunesky Maya,1981-08-28,"Pinar del Rio, Pinar del Rio, CU",|mayayunesky,|mayayonesgy,1981-08-28,1981,493337.0,11420.0,de558795,de558795-0476-490c-abdc-c575eb55b61b,mayay001,mayayu01,maya--001yun,11420.0,Maya,Yunesky,Yunesky,1981.0,8.0,28.0,2003.0,2025.0,2010.0,2013.0,Yunesky Maya,1981-08-28,|mayayunesky,|mayayonesgy,1981-08-28,1981.0,register_id,1.0
diaz--003vic,Víctor Díaz,1981-12-10,"Santo Domingo, Distrito Nacional, DO",|diazvictor,|diazvigdol,1981-12-10,1981,429806.0,3424.0,72a36f52,72a36f52-d228-41cb-9938-e525124b330c,diazv001,diazvi01,diaz--003vic,3424.0,Díaz,Víctor,Víctor Israel,1981.0,12.0,10.0,2001.0,2015.0,2004.0,2007.0,Víctor Díaz,1981-12-10,|diazvictor,|diazvigdol,1981-12-10,1981.0,register_id,1.0
bass--001bri,Brian Bass,1982-01-06,"Pinehurst, NC, US",|bassbrian,|basblian,1982-01-06,1982,430654.0,2219.0,c9f2efee,c9f2efee-4b3b-494a-bd67-9d5ba18f025b,bassb001,bassbr01,bass--001bri,2219.0,Bass,Brian,Brian Michael,1982.0,1.0,6.0,2000.0,2013.0,2008.0,2010.0,Brian Bass,1982-01-06,|bassbrian,|basblian,1982-01-06,1982.0,register_id,1.0
cantu-001jor,Jorge Cantú,1982-01-30,"McAllen, TX, US",|cantujorge,|gandojolge,1982-01-30,1982,408305.0,2521.0,81f9d9f0,81f9d9f0-504a-444c-9d02-037faa715439,cantj001,cantujo01,cantu-001jor,2521.0,Cantú,Jorge,Jorge Luís,1982.0,1.0,30.0,1999.0,2022.0,2004.0,2011.0,Jorge Cantú,1982-01-30,|cantujorge,|gandojolge,1982-01-30,1982.0,register_id,1.0
jimene004lui,Luis Jiménez,1982-05-07,"Bobare, Lara, VE",|jimenezluis,|jimenezlis,1982-05-07,1982,455921.0,2602.0,469ac286,469ac286-b0b8-4f78-8a21-975eea0b6057,jimel001,jimenlu01,jimene004lui,2602.0,Jiménez,Luis,Luis Antonio,1982.0,5.0,7.0,2001.0,2019.0,2012.0,2012.0,Luis Jiménez,1982-05-07,|jimenezluis,|jimenezlis,1982-05-07,1982.0,register_id,1.0
snyder001bra,Brad Snyder,1982-05-25,"Sandusky, OH, US",|bradsnyder,|bladsnydel,1982-05-25,1982,430957.0,6052.0,87817a23,87817a23-9f33-4303-ae39-b756d0f6c096,snydb002,snydebr02,snyder001bra,6052.0,Snyder,Brad,Bradley Michael,1982.0,5.0,25.0,2003.0,2017.0,2010.0,2014.0,Brad Snyder,1982-05-25,|bradsnyder,|bladsnydel,1982-05-25,1982.0,register_id,1.0
lee---000dae,Dae-ho Lee,1982-06-21,"Busan, Busan, KR",LEE|daeho,LEE|deho,1982-06-21,1982,493193.0,18722.0,1f8a4e04,1f8a4e04-02ee-4457-a705-a1727b0e23e7,lee-d004,leeda02,lee---000dae,18722.0,Lee,Dae-ho,Dae-ho,1982.0,6.0,21.0,2001.0,2022.0,2016.0,2016.0,Dae-ho Lee,1982-06-21,LEE|daeho,LEE|deho,1982-06-21,1982.0,register_id,1.0
choo--001shi,Shin-Soo Choo,1982-07-13,"Busan, Busan, KR",JOO|shinsoo,JOO|sinso,1982-07-13,1982,425783.0,3174.0,42e098b2,42e098b2-a590-4be3-b2e7-990f8f66eac1,choos001,choosh01,choo--001shi,3174.0,Choo,Shin-Soo,Shin-Soo,1982.0,7.0,13.0,2001.0,2024.0,2005.0,2020.0,Shin-Soo Choo,1982-07-13,JOO|shinsoo,JOO|sinso,1982-07-13,1982.0,register_id,1.0
oh----000seu,Seunghwan Oh,1982-07-15,"Jeongeup, North Jeolla, KR",OH|seunghwan,OH|songhwan,1982-07-15,1982,493200.0,18719.0,955af95f,955af95f-0990-48cf-bdc8-341b9291e590,oh--s001,ohse01,oh----000seu,18719.0,Oh,Seunghwan,Seunghwan,1982.0,7.0,15.0,2005.0,2025.0,2016.0,2019.0,Seunghwan Oh,1982-07-15,OH|seunghwan,OH|songhwan,1982-07-15,1982.0,register_id,1.0
nieve-001fer,Fernando Nieve,1982-07-15,"Puerto Cabello, Carabobo, VE",|fernandonieve,|felnandonieve,1982-07-15,1982,430588.0,2173.0,d269a60a,d269a60a-1bbc-4fe4-ab2f-c98d6a811ebd,nievf001,nievefe01,nieve-001fer,2173.0,Nieve,Fernando,Fernando Alexis,1982.0,7.0,15.0,2001.0,2018.0,2006.0,2010.0,Fernando Nieve,1982-07-15,|fernandonieve,|felnandonieve,1982-07-15,1982.0,register_id,1.0
fox---003jac,Jake Fox,1982-07-20,"Indianapolis, IN, US",|foxjake,|foxjage,1982-07-20,1982,444844.0,6267.0,6b5d0c72,6b5d0c72-1919-4ef7-819c-e25550568726,fox-j001,foxja02,fox---003jac,6267.0,Fox,Jake,Jacob Quirin,1982.0,7.0,20.0,2003.0,2016.0,2007.0,2011.0,Jake Fox,1982-07-20,|foxjake,|foxjage,1982-07-20,1982.0,register_id,1.0
german001jus,Justin Germano,1982-08-06,"Pasadena, CA, US",|germanojustin,|gelmanojosdin,1982-08-06,1982,430683.0,1938.0,cc47a022,cc47a022-3245-42a3-ae41-d9a8f5e0a688,germj001,germaju01,german001jus,1938.0,Germano,Justin,Justin William,1982.0,8.0,6.0,2000.0,2016.0,2004.0,2014.0,Justin Germano,1982-08-06,|germanojustin,|gelmanojosdin,1982-08-06,1982.0,register_id,1.0
sadows001rya,Ryan Sadowski,1982-10-04,"Miami, FL, US",|ryansadowski,|lyansadowsgi,1982-10-04,1982,455961.0,5916.0,5dd30fc3,5dd30fc3-6412-40d3-b62b-966b0b10697d,sador001,sadowry01,sadows001rya,5916.0,Sadowski,Ryan,Ryan Keith,1982.0,10.0,4.0,2003.0,2012.0,2009.0,2009.0,Ryan Sadowski,1982-10-04,|ryansadowski,|lyansadowsgi,1982-10-04,1982.0,register_id,1.0
wolf--001ros,Ross Wolf,1982-10-18,"Effingham, IL, US",|rosswolf,|loswolf,1982-10-18,1982,448693.0,4534.0,be476632,be476632-5b0a-4112-8905-0a5b65e78458,wolfr002,wolfro01,wolf--001ros,4534.0,Wolf,Ross,Ross Garrett,1982.0,10.0,18.0,2002.0,2015.0,2007.0,2013.0,Ross Wolf,1982-10-18,|rosswolf,|loswolf,1982-10-18,1982.0,register_id,1.0
lerew-001ant,Anthony Lerew,1982-10-28,"Carlisle, PA, US",|anthonylerew,|andonylelew,1982-10-28,1982,434679.0,3440.0,72736f37,72736f37-dd81-40ce-a70c-ca69580b05dd,lerea001,lerewan01,lerew-001ant,3440.0,Lerew,Anthony,Anthony Allen,1982.0,10.0,28.0,2001.0,2018.0,2005.0,2010.0,Anthony Lerew,1982-10-28,|anthonylerew,|andonylelew,1982-10-28,1982.0,register_id,1.0
blackl001tra,Travis Blackley,1982-11-04,"Melbourne, Victoria, AU",|blackleytravis,|blagleydlavis,1982-11-04,1982,429715.0,3234.0,998462ac,998462ac-9cbd-44f3-ab7e-1dd1f34c1d68,blact001,blacktr01,blackl001tra,3234.0,Blackley,Travis,Travis Jarred,1982.0,11.0,4.0,2001.0,2020.0,2004.0,2013.0,Travis Blackley,1982-11-04,|blackleytravis,|blagleydlavis,1982-11-04,1982.0,register_id,1.0
humber001phi,Philip Humber,1982-12-21,"Nacogdoches, TX, US",|humberphilip,|bilibhombel,1982-12-21,1982,458950.0,8586.0,742c2898,742c2898-97bb-492d-947d-4c5b4851ab64,humbp001,humbeph01,humber001phi,8586.0,Humber,Philip,Philip Gregory,1982.0,12.0,21.0,2005.0,2015.0,2006.0,2013.0,Philip Humber,1982-12-21,|humberphilip,|bilibhombel,1982-12-21,1982.0,register_id,1.0
depaul001jul,Julio De Paula,1982-12-31,"Santo Domingo, Distrito Nacional, DO",|dejuliopaula,|baoladejolio,1982-12-31,1982,451546.0,2786.0,02e945c2,02e945c2-de0b-4e11-8918-2cb01d021cab,depaj003,depauju01,depaul001jul,2786.0,De Paula,Julio,Julio Cesar,1982.0,12.0,31.0,2002.0,2018.0,2007.0,2007.0,Julio De Paula,1982-12-31,|dejuliopaula,|baoladejolio,1982-12-31,1982.0,register_id,1.0
martin006joh,J.D. Martin,1983-01-02,"Ridgecrest, CA, US",|djmartin,|djmaldin,1983-01-02,1983,455605.0,3685.0,a3b0d56c,a3b0d56c-2600-4520-a178-d86e19371e6f,martj005,martijd01,martin006joh,3685.0,Martin,J. D.,John Dale,1983.0,1.0,2.0,2001.0,2019.0,2009.0,2010.0,J. D. Martin,1983-01-02,|djmartin,|djmaldin,1983-01-02,1983.0,register_id,1.0
sisco-001and,Andy Sisco,1983-01-13,"Steamboat Springs, CO, US",|andysisco,|andysisgo,1983-01-13,1983,434878.0,3706.0,6fc8c05e,6fc8c05e-aed1-426d-8991-9b05bf8eda68,sisca001,siscoan01,sisco-001and,3706.0,Sisco,Andy,Andrew Frank,1983.0,1.0,13.0,2001.0,2016.0,2005.0,2007.0,Andy Sisco,1983-01-13,|andysisco,|andysisgo,1983-01-13,1983.0,register_id,1.0
gonzal001edg,Édgar González,1983-02-23,"San Nicolas de los Garza, Nuevo Leon, MX",|edgargonzalez,|edgalgonzalez,1983-02-23,1983,429440.0,1727.0,a23a1188,a23a1188-1c41-4c80-aa9c-1e55853e073f,gonze001,gonzaed01,gonzal001edg,1727.0,González,Édgar,Édgar Gerardo,1983.0,2.0,23.0,2002.0,2023.0,2003.0,2013.0,Édgar González,1983-02-23,|edgargonzalez,|edgalgonzalez,1983-02-23,1983.0,register_id,1.0
hacker001eri,Eric Hacker,1983-03-26,"Duncanville, TX, US",|erichacker,|elighagel,1983-03-26,1983,459345.0,8743.0,ce1aba87,ce1aba87-fd49-48c1-9b1a-06ad0ea679ca,hacke001,hackeer01,hacker001eri,8743.0,Hacker,Eric,Eric Lynn,1983.0,3.0,26.0,2002.0,2018.0,2009.0,2012.0,Eric Hacker,1983-03-26,|erichacker,|elighagel,1983-03-26,1983.0,register_id,1.0
meek--001eva,Evan Meek,1983-05-12,"Bellevue, WA, US",|evanmeek,|evanmig,1983-05-12,1983,457425.0,5109.0,32500071,32500071-7a8e-4b8f-9cb7-5a5fc6de62c4,meeke001,meekev01,meek--001eva,5109.0,Meek,Evan,Evan David,1983.0,5.0,12.0,2003.0,2016.0,2008.0,2014.0,Evan Meek,1983-05-12,|evanmeek,|evanmig,1983-05-12,1983.0,register_id,1.0
ryu---001jae,Jae Kuk Ryu,1983-05-30,"Choon Chung Do, Seoul, KR",RYU|jaekuk,RYU|gogje,1983-05-30,1983,472490.0,8228.0,abc2ab13,abc2ab13-b712-4329-ae7c-b0d5e218e861,ryu-j001,ryuja01,ryu---001jae,8228.0,Ryu,Jae Kuk,Jae Kuk,1983.0,5.0,30.0,2001.0,2019.0,2006.0,2008.0,Jae Kuk Ryu,1983-05-30,RYU|jaekuk,RYU|gogje,1983-05-30,1983.0,register_id,1.0
valdez001lui,Jairo Asencio,1983-05-30,"Sabana Grande de Palenque, San Cristobal, DO",|asenciojairo,|asengiojailo,1983-05-30,1983,446003.0,3332.0,d23336ac,d23336ac-e0bf-4d72-bfb7-89b459bea02f,valdl001,valdelu01,valdez001lui,3332.0,Asencio,Jairo,Jairo Manuel,1983.0,5.0,30.0,2004.0,2025.0,2009.0,2013.0,Jairo Asencio,1983-05-30,|asenciojairo,|asengiojailo,1983-05-30,1983.0,register_id,1.0
mathis001dou,Doug Mathis,1983-06-07,"Maryvale, AZ, US",|dougmathis,|dogmadis,1983-06-07,1983,450545.0,3944.0,8c5900ef,8c5900ef-855b-4aa1-af51-52759c15b07e,mathd001,mathido01,mathis001dou,3944.0,Mathis,Doug,Douglas Alan,1983.0,6.0,7.0,2005.0,2015.0,2008.0,2010.0,Doug Mathis,1983-06-07,|dougmathis,|dogmadis,1983-06-07,1983.0,register_id,1.0
ogando001ale,Alexi Ogando,1983-10-05,"San Pedro de Macoris, San Pedro de Macoris, DO",|alexiogando,|alexiogando,1983-10-05,1983,468396.0,10261.0,f8b4b879,f8b4b879-2bd0-40fa-ae66-e96c92d14e57,ogana001,ogandal01,ogando001ale,10261.0,Ogando,Alexi,Alexi,1983.0,10.0,5.0,2003.0,2020.0,2010.0,2018.0,Alexi Ogando,1983-10-05,|alexiogando,|alexiogando,1983-10-05,1983.0,register_id,1.0
liz---001rad,Radhames Liz,1983-10-06,"El Seibo, El Seibo, DO",|lizradhames,|ladhamesliz,1983-10-06,1983,467785.0,5843.0,559cf37f,559cf37f-ebc2-4cf6-be93-7180fad5714e,liz-r001,lizra01,liz---001rad,5843.0,Liz,Radhames,Radhames Corey,1983.0,10.0,6.0,2005.0,2026.0,2007.0,2015.0,Radhames Liz,1983-10-06,|lizradhames,|ladhamesliz,1983-10-06,1983.0,register_id,1.0
seddon001chr,Chris Seddon,1983-10-13,"Northridge, CA, US",|chrisseddon,|jlissedon,1983-10-13,1983,434629.0,3833.0,7644615b,7644615b-98c7-4852-8ead-59a65cbeaf1e,seddc001,seddoch01,seddon001chr,3833.0,Seddon,Chris,Christopher Jon,1983.0,10.0,13.0,2001.0,2017.0,2007.0,2012.0,Chris Seddon,1983-10-13,|chrisseddon,|jlissedon,1983-10-13,1983.0,register_id,1.0
talbot001mit,Mitch Talbot,1983-10-17,"Cedar City, UT, US",|mitchtalbot,|dalbodmidj,1983-10-17,1983,452676.0,4961.0,fca110ad,fca110ad-ddfe-4cd2-ba59-f6fe018b2a63,talbm001,talbomi01,talbot001mit,4961.0,Talbot,Mitch,Mitchell R.,1983.0,10.0,17.0,2003.0,2019.0,2008.0,2011.0,Mitch Talbot,1983-10-17,|mitchtalbot,|dalbodmidj,1983-10-17,1983.0,register_id,1.0
olson-002gar,Garrett Olson,1983-10-18,"Fresno, CA, US",|garrettolson,|galedolson,1983-10-18,1983,457796.0,9889.0,9c5cfe16,9c5cfe16-b8d5-46ab-b5cc-8236de3d1c85,olsog003,olsonga01,olson-002gar,9889.0,Olson,Garrett,Garrett Andrew,1983.0,10.0,18.0,2005.0,2013.0,2007.0,2012.0,Garrett Olson,1983-10-18,|garrettolson,|galedolson,1983-10-18,1983.0,register_id,1.0
marte-001and,Andy Marte,1983-10-21,"Villa Tapia, Hermanas Mirabal, DO",|andymarte,|andymalde,1983-10-21,1983,429708.0,3203.0,f1ec57b4,f1ec57b4-a132-4e49-91ee-eb75175ebccc,marta004,martean01,marte-001and,3203.0,Marte,Andy,Andy Manuel,1983.0,10.0,21.0,2001.0,2016.0,2005.0,2014.0,Andy Marte,1983-10-21,|andymarte,|andymalde,1983-10-21,1983.0,register_id,1.0
carida001esm,Esmailin Caridad,1983-10-28,"Bajos de Haina, San Cristobal, DO",|caridadesmailin,|esmailingalidad,1983-10-28,1983,534428.0,5284.0,e42b946c,e42b946c-c7f2-413a-97cd-feddf82922d4,carie001,carides01,carida001esm,5284.0,Caridad,Esmailin,Esmailin Manuel,1983.0,10.0,28.0,2007.0,2017.0,2009.0,2010.0,Esmailin Caridad,1983-10-28,|caridadesmailin,|esmailingalidad,1983-10-28,1983.0,register_id,1.0
evelan001dan,Dana Eveland,1983-10-29,"Olympia, WA, US",|danaeveland,|danaeveland,1983-10-29,1983,445968.0,5508.0,ea06dc03,ea06dc03-f442-4780-9bcb-45fe53eda99b,eveld001,evelada01,evelan001dan,5508.0,Eveland,Dana,Dana James,1983.0,10.0,29.0,2003.0,2017.0,2005.0,2016.0,Dana Eveland,1983-10-29,|danaeveland,|danaeveland,1983-10-29,1983.0,register_id,1.0
maxwel001jus,Justin Maxwell,1983-11-06,"Olney, MD, US",|justinmaxwell,|josdinmaxwel,1983-11-06,1983,452239.0,6827.0,e0a911a8,e0a911a8-4fd4-47c5-b15d-40b6f8b61472,maxwj002,maxweju01,maxwel001jus,6827.0,Maxwell,Justin,Justin Adam,1983.0,11.0,6.0,2006.0,2016.0,2007.0,2015.0,Justin Maxwell,1983-11-06,|justinmaxwell,|josdinmaxwel,1983-11-06,1983.0,register_id,1.0
villan001car,Carlos Villanueva,1983-11-28,"Santiago, Santiago, DO",|carlosvillanueva,|galosvilanoeva,1983-11-28,1983,453646.0,4138.0,c3dd1c45,c3dd1c45-5d04-481e-a45c-2b75a44dce51,villc001,villaca01,villan001car,4138.0,Villanueva,Carlos,Carlos Manuel,1983.0,11.0,28.0,2002.0,2017.0,2006.0,2016.0,Carlos Villanueva,1983-11-28,|carlosvillanueva,|galosvilanoeva,1983-11-28,1983.0,register_id,1.0
pino--001yoh,Yohan Pino,1983-12-26,"Turmero, Aragua, VE",|pinoyohan,|binoyohan,1983-12-26,1983,464416.0,6955.0,2b801388,2b801388-b6b2-4b57-960a-1368d1780f68,pinoy001,pinoyo01,pino--001yoh,6955.0,Pino,Yohan,Yohan Jose,1983.0,12.0,26.0,2005.0,2021.0,2014.0,2015.0,Yohan Pino,1983-12-26,|pinoyohan,|binoyohan,1983-12-26,1983.0,register_id,1.0
thomas001jus,Justin Thomas,1984-01-18,"Toledo, OH, US",|justinthomas,|domasjosdin,1984-01-18,1984,476206.0,9910.0,50a5af59,50a5af59-41c9-4dc4-aad7-38ff0363a5bc,thomj006,thomaju01,thomas001jus,9910.0,Thomas,Justin,Justin Joseph,1984.0,1.0,18.0,2005.0,2015.0,2008.0,2012.0,Justin Thomas,1984-01-18,|justinthomas,|domasjosdin,1984-01-18,1984.0,register_id,1.0
loney-001jam,James Loney,1984-05-07,"Houston, TX, US",|jamesloney,|jamesloney,1984-05-07,1984,425766.0,4556.0,43b3e4be,43b3e4be-c51e-413d-b511-2269d0a86467,lonej001,loneyja01,loney-001jam,4556.0,Loney,James,James Anthony,1984.0,5.0,7.0,2002.0,2019.0,2006.0,2016.0,James Loney,1984-05-07,|jamesloney,|jamesloney,1984-05-07,1984.0,register_id,1.0
teafor001eve,Everett Teaford,1984-05-15,"Alpharetta, GA, US",|everettteaford,|deafoldeveled,1984-05-15,1984,501870.0,3732.0,b41b87a9,b41b87a9-da3e-4f63-88e3-da5af73602d2,teafe001,teafoev01,teafor001eve,3732.0,Teaford,Everett,Everett James,1984.0,5.0,15.0,2006.0,2015.0,2011.0,2015.0,Everett Teaford,1984-05-15,|everettteaford,|deafoldeveled,1984-05-15,1984.0,register_id,1.0
bernad001rog,Roger Bernadina,1984-06-12,"Willemstad, CW",|bernadinaroger,|belnadinalogel,1984-06-12,1984,465668.0,6421.0,9adcdf2a,9adcdf2a-82e6-466d-8e0f-dcd1e6845b0a,bernr001,bernaro01,bernad001rog,6421.0,Bernadina,Roger,Rogearvin Argelo,1984.0,6.0,12.0,2002.0,2024.0,2008.0,2014.0,Roger Bernadina,1984-06-12,|bernadinaroger,|belnadinalogel,1984-06-12,1984.0,register_id,1.0
figaro001alf,Alfredo Fígaro,1984-07-07,"Samana, Samana, DO",|alfredofigaro,|alfledofigalo,1984-07-07,1984,451628.0,8404.0,c5d0875f,c5d0875f-d20a-4686-b482-52c0410dce7e,figaa001,figaral01,figaro001alf,8404.0,Fígaro,Alfredo,Alfredo,1984.0,7.0,7.0,2006.0,2018.0,2009.0,2014.0,Alfredo Fígaro,1984-07-07,|alfredofigaro,|alfledofigalo,1984-07-07,1984.0,register_id,1.0
dorn--001dan,Danny Dorn,1984-07-20,"San Dimas, CA, US",|dannydorn,|danydoln,1984-07-20,1984,457760.0,1050.0,a040c955,a040c955-af92-4b4c-a231-208d72c39e91,dornd001,dornda01,dorn--001dan,1050.0,Dorn,Danny,Daniel Casey,1984.0,7.0,20.0,2006.0,2018.0,2015.0,2015.0,Danny Dorn,1984-07-20,|dannydorn,|danydoln,1984-07-20,1984.0,register_id,1.0
huff--001dav,David Huff,1984-08-22,"Huntington Beach, CA, US",|davidhuff,|davidhof,1984-08-22,1984,453307.0,4257.0,df6bb675,df6bb675-cee5-4272-b4e7-b8da67269f8b,huffd001,huffda01,huff--001dav,4257.0,Huff,David,David Gregory,1984.0,8.0,22.0,2006.0,2024.0,2009.0,2016.0,David Huff,1984-08-22,|davidhuff,|davidhof,1984-08-22,1984.0,register_id,1.0
pill--001bre,Brett Pill,1984-09-09,"San Dimas, CA, US",|brettpill,|bilbled,1984-09-09,1984,489209.0,5834.0,c009ae34,c009ae34-7346-404f-86bd-1a76c4b19635,pillb001,pillbr01,pill--001bre,5834.0,Pill,Brett,Brett Michael,1984.0,9.0,9.0,2006.0,2016.0,2011.0,2013.0,Brett Pill,1984-09-09,|brettpill,|bilbled,1984-09-09,1984.0,register_id,1.0
brown-004and,Andrew Brown,1984-09-10,"Dallas, TX, US",|andrewbrown,|andlewblown,1984-09-10,1984,518500.0,3837.0,5ad12181,5ad12181-ad51-4c2e-abc0-a4acd9cca226,browa003,brownan02,brown-004and,3837.0,Brown,Andrew,Andrew Marshall,1984.0,9.0,10.0,2007.0,2015.0,2011.0,2014.0,Andrew Brown,1984-09-10,|andrewbrown,|andlewblown,1984-09-10,1984.0,register_id,1.0
weber-001tha,Thad Weber,1984-09-28,"Seward, NE, US",|thadweber,|dadwebel,1984-09-28,1984,519403.0,8036.0,669e6ca3,669e6ca3-6814-4449-ae93-7af008aaf14d,webet001,weberth01,weber-001tha,8036.0,Weber,Thad,Thad George,1984.0,9.0,28.0,2008.0,2017.0,2012.0,2013.0,Thad Weber,1984-09-28,|thadweber,|dadwebel,1984-09-28,1984.0,register_id,1.0
reyes-015jos,Jo-Jo Reyes,1984-11-20,"West Covina, CA, US",CHO|joreyes,CHO|joleyes,1984-11-20,1984,457456.0,5559.0,01d24c32,01d24c32-9bbd-4e55-898e-57deec9c375d,reyej003,reyesjo03,reyes-015jos,5559.0,Reyes,Jo-Jo,Joseph Albert,1984.0,11.0,20.0,2003.0,2017.0,2007.0,2016.0,Jo-Jo Reyes,1984-11-20,CHO|joreyes,CHO|joleyes,1984-11-20,1984.0,register_id,1.0
coello001rob,Robert Coello,1984-11-23,"Bayonne, NJ, US",|coellorobert,|gelolobeld,1984-11-23,1984,445193.0,1149.0,eae2ae83,eae2ae83-2fe7-421e-aafe-06de5a529422,coelr001,coellro01,coello001rob,1149.0,Coello,Robert,Robert,1984.0,11.0,23.0,2007.0,2016.0,2010.0,2013.0,Robert Coello,1984-11-23,|coellorobert,|gelolobeld,1984-11-23,1984.0,register_id,1.0
manshi002jef,Jeff Manship,1985-01-16,"San Antonio, TX, US",|jeffmanship,|jefmansib,1985-01-16,1985,453249.0,6865.0,d35b83c5,d35b83c5-55b4-430c-8ed3-c562b9e44ad6,mansj001,manshje01,manshi002jef,6865.0,Manship,Jeff,Jeffrey Michael,1985.0,1.0,16.0,2006.0,2017.0,2009.0,2016.0,Jeff Manship,1985-01-16,|jeffmanship,|jefmansib,1985-01-16,1985.0,register_id,1.0
pie---001fel,Félix Pie,1985-02-08,"La Romana, La Romana, DO",|felixpie,|biefelix,1985-02-08,1985,429712.0,3751.0,8b5f8cb3,8b5f8cb3-6693-4f11-946c-59183f2652d3,pie-f001,piefe01,pie---001fel,3751.0,Pie,Félix,Félix,1985.0,2.0,8.0,2002.0,2022.0,2007.0,2013.0,Félix Pie,1985-02-08,|felixpie,|biefelix,1985-02-08,1985.0,register_id,1.0
garcia004ado,Adonis García,1985-04-12,"Ciego de Avila, CU",|adonisgarcia,|adonisgalgia,1985-04-12,1985,611177.0,13777.0,a1752adc,a1752adc-9861-46f9-be91-4e25d7639556,garca004,garciad01,garcia004ado,13777.0,García,Adonis,Adonis,1985.0,4.0,12.0,2003.0,2021.0,2015.0,2017.0,Adonis García,1985-04-12,|adonisgarcia,|adonisgalgia,1985-04-12,1985.0,register_id,1.0
adduci001jam,Jim Adduci,1985-05-15,"Burnaby, BC, CA",|adducijim,|adogijim,1985-05-15,1985,451192.0,6448.0,d6e377d2,d6e377d2-2638-4d32-9db7-b37f31d8c417,adduj002,adducji02,adduci001jam,6448.0,Adduci,Jim,Jim Charles,1985.0,5.0,15.0,2004.0,2019.0,2013.0,2019.0,Jim Adduci,1985-05-15,|adducijim,|adogijim,1985-05-15,1985.0,register_id,1.0
vanden001hen,Rick van den Hurk,1985-05-22,"Eindhoven, North Brabant, NL",|denhurkrickvan,|denholgligvan,1985-05-22,1985,462995.0,5099.0,e9ab50c5,e9ab50c5-f5d6-4deb-ad66-22c407b4bc12,vandr001,vanderi01,vanden001hen,5099.0,van den Hurk,Rick,Henricus Nicolas,1985.0,5.0,22.0,2003.0,2021.0,2007.0,2012.0,Rick van den Hurk,1985-05-22,|denhurkrickvan,|denholgligvan,1985-05-22,1985.0,register_id,1.0
harrel001luc,Lucas Harrell,1985-06-03,"Springfield, MO, US",|harrelllucas,|halellogas,1985-06-03,1985,449173.0,7541.0,1a761f46,1a761f46-043b-4c6a-adb3-1019f84aefc9,harrl002,harrelu01,harrel001luc,7541.0,Harrell,Lucas,Lucas William Bradley,1985.0,6.0,3.0,2004.0,2017.0,2010.0,2017.0,Lucas Harrell,1985-06-03,|harrelllucas,|halellogas,1985-06-03,1985.0,register_id,1.0
sosa--001hen,Henry Sosa,1985-07-28,"El Seibo, El Seibo, DO",|henrysosa,|henlysosa,1985-07-28,1985,464400.0,6936.0,bdb1820c,bdb1820c-bf2d-431e-ae1f-fe2b9bbffe8b,sosah001,sosahe01,sosa--001hen,6936.0,Sosa,Henry,Henry,1985.0,7.0,28.0,2006.0,2026.0,2011.0,2011.0,Henry Sosa,1985-07-28,|henrysosa,|henlysosa,1985-07-28,1985.0,register_id,1.0
rogers001esm,Esmil Rogers,1985-08-14,"Santo Domingo, Distrito Nacional, DO",|esmilrogers,|esmillogels,1985-08-14,1985,469134.0,6317.0,fcbf3d6f,fcbf3d6f-e237-4120-8164-c5e537d8e736,rogee002,rogeres01,rogers001esm,6317.0,Rogers,Esmil,Esmil Antonio,1985.0,8.0,14.0,2006.0,2026.0,2009.0,2015.0,Esmil Rogers,1985-08-14,|esmilrogers,|esmillogels,1985-08-14,1985.0,register_id,1.0
feiera001rya,Ryan Feierabend,1985-08-22,"Cleveland, OH, US",|feierabendryan,|feielabendlyan,1985-08-22,1985,456387.0,6336.0,3991c874,3991c874-2342-445c-a507-9e74ed6b5e60,feier001,feierry01,feiera001rya,6336.0,Feierabend,Ryan,Ryan Robert,1985.0,8.0,22.0,2003.0,2021.0,2006.0,2019.0,Ryan Feierabend,1985-08-22,|feierabendryan,|feielabendlyan,1985-08-22,1985.0,register_id,1.0
swarza001ant,Anthony Swarzak,1985-09-10,"Fort Lauderdale, FL, US",|anthonyswarzak,|andonyswalzag,1985-09-10,1985,461872.0,7466.0,f86799f3,f86799f3-66a4-49f8-8ea1-999339a7d500,swara001,swarzan01,swarza001ant,7466.0,Swarzak,Anthony,Anthony Ray,1985.0,9.0,10.0,2004.0,2021.0,2009.0,2021.0,Anthony Swarzak,1985-09-10,|anthonyswarzak,|andonyswalzag,1985-09-10,1985.0,register_id,1.0
romak-001jam,Jamie Romak,1985-09-30,"London, ON, CA",|jamieromak,|jamielomag,1985-09-30,1985,457449.0,5552.0,fc917363,fc917363-074a-4187-ae04-ae1a25f38476,romaj003,romakja01,romak-001jam,5552.0,Romak,Jamie,James Robert,1985.0,9.0,30.0,2003.0,2021.0,2014.0,2015.0,Jamie Romak,1985-09-30,|jamieromak,|jamielomag,1985-09-30,1985.0,register_id,1.0
worth-001dan,Danny Worth,1985-09-30,"Northridge, CA, US",|dannyworth,|danywold,1985-09-30,1985,519445.0,198.0,1009d12c,1009d12c-6cd3-4779-ab62-9084931845ae,wortd001,worthda01,worth-001dan,198.0,Worth,Danny,Daniel Weston,1985.0,9.0,30.0,2007.0,2017.0,2010.0,2016.0,Danny Worth,1985-09-30,|dannyworth,|danywold,1985-09-30,1985.0,register_id,1.0
albers001and,Andrew Albers,1985-10-06,"North Battleford, SK, CA",|albersandrew,|albelsandlew,1985-10-06,1985,452027.0,7853.0,58519a65,58519a65-9bd0-4952-ac33-f4f518f859a9,albea001,alberan01,albers001and,7853.0,Albers,Andrew,Andrew William,1985.0,10.0,6.0,2008.0,2021.0,2013.0,2021.0,Andrew Albers,1985-10-06,|albersandrew,|albelsandlew,1985-10-06,1985.0,register_id,1.0
below-001dua,Duane Below,1985-11-15,"Britton, MI, US",|belowduane,|belowdoane,1985-11-15,1985,502102.0,3124.0,efb612ca,efb612ca-dada-4ca0-84e1-8087bfa257f9,belod001,belowdu01,below-001dua,3124.0,Below,Duane,Duane Arthur,1985.0,11.0,15.0,2006.0,2019.0,2011.0,2013.0,Duane Below,1985-11-15,|belowduane,|belowdoane,1985-11-15,1985.0,register_id,1.0
flande001yoh,Yohan Flande,1986-01-27,"El Seibo, El Seibo, DO",|flandeyohan,|flandeyohan,1986-01-27,1986,456071.0,5057.0,cd2ca40a,cd2ca40a-4057-4814-88e2-8b06c54dea79,flany001,flandyo01,flande001yoh,5057.0,Flande,Yohan,Yohan Carlos,1986.0,1.0,27.0,2006.0,2021.0,2014.0,2016.0,Yohan Flande,1986-01-27,|flandeyohan,|flandeyohan,1986-01-27,1986.0,register_id,1.0
evans-001nic,Nick Evans,1986-01-30,"Glendale, AZ, US",|evansnick,|evansnig,1986-01-30,1986,452783.0,7595.0,71382c10,71382c10-7299-4ed1-8e3c-ecb9b51ada8e,evann001,evansni01,evans-001nic,7595.0,Evans,Nick,Nicholas Reginald,1986.0,1.0,30.0,2004.0,2018.0,2008.0,2014.0,Nick Evans,1986-01-30,|evansnick,|evansnig,1986-01-30,1986.0,register_id,1.0
monell002joh,Johnny Monell,1986-03-27,"Bronx, NY, US",|johnnymonell,|johnymonel,1986-03-27,1986,476192.0,2783.0,e643840a,e643840a-64d1-4006-a56b-d34a48f109c9,monej001,moneljo01,monell002joh,2783.0,Monell,Johnny,Johnny,1986.0,3.0,27.0,2007.0,2018.0,2013.0,2015.0,Johnny Monell,1986-03-27,|johnnymonell,|johnymonel,1986-03-27,1986.0,register_id,1.0
barnes001bra,Brandon Barnes,1986-05-15,"Orange, CA, US",|barnesbrandon,|balnesblandon,1986-05-15,1986,488681.0,629.0,04049fba,04049fba-9038-4d2f-8642-57456e1eef3e,barnb002,barnebr02,barnes001bra,629.0,Barnes,Brandon,Brandon Michael,1986.0,5.0,15.0,2005.0,2020.0,2012.0,2018.0,Brandon Barnes,1986-05-15,|barnesbrandon,|balnesblandon,1986-05-15,1986.0,register_id,1.0
lutz--001zac,Zach Lutz,1986-06-03,"Reading, PA, US",|lutzzach,|lodzzaj,1986-06-03,1986,518963.0,3735.0,9666bad1,9666bad1-c80f-4c1e-be2b-d6ef64339b9d,lutzz001,lutzza01,lutz--001zac,3735.0,Lutz,Zach,Zachary Craig,1986.0,6.0,3.0,2007.0,2017.0,2012.0,2013.0,Zach Lutz,1986-06-03,|lutzzach,|lodzzaj,1986-06-03,1986.0,register_id,1.0
balest001col,Collin Balester,1986-06-06,"Huntington Beach, CA, US",|balestercollin,|balesdelgolin,1986-06-06,1986,444446.0,6883.0,32304517,32304517-9b8b-42d2-96cb-72c854cfcba6,balec001,balesco01,balest001col,6883.0,Balester,Collin,Collin Thomas,1986.0,6.0,6.0,2004.0,2017.0,2008.0,2015.0,Collin Balester,1986-06-06,|balestercollin,|balesdelgolin,1986-06-06,1986.0,register_id,1.0
park--000byu,ByungHo Park,1986-07-10,"Seoul, Seoul, KR",PARK|byungho,PARK|byongho,1986-07-10,1986,666560.0,18497.0,d4f601a5,d4f601a5-8a62-4261-9357-05a0b10c043a,parkb002,parkby01,park--000byu,18497.0,Park,Byung Ho,Byung Ho,1986.0,7.0,10.0,2005.0,2026.0,2016.0,2016.0,Byung Ho Park,1986-07-10,PARK|byungho,PARK|byongho,1986-07-10,1986.0,register_id,1.0
vansly001sco,Scott Van Slyke,1986-07-24,"Chesterfield, MO, US",|scottslykevan,|sgodslygevan,1986-07-24,1986,475100.0,4365.0,590335ae,590335ae-b2fd-421f-a1be-40f7929bd5e4,vanss001,vanslsc01,vansly001sco,4365.0,Van Slyke,Scott,Scott Tyler,1986.0,7.0,24.0,2005.0,2018.0,2012.0,2017.0,Scott Van Slyke,1986-07-24,|scottslykevan,|sgodslygevan,1986-07-24,1986.0,register_id,1.0
ruf---001dar,Darin Ruf,1986-07-28,"Omaha, NE, US",|darinruf,|dalinlof,1986-07-28,1986,573131.0,9929.0,eae86728,eae86728-4a21-45fc-ab38-9c62b648a4f9,ruf-d001,rufda01,ruf---001dar,9929.0,Ruf,Darin,Darin Cortland,1986.0,7.0,28.0,2009.0,2023.0,2012.0,2023.0,Darin Ruf,1986-07-28,|darinruf,|dalinlof,1986-07-28,1986.0,register_id,1.0
diamon001sco,Scott Diamond,1986-07-30,"Guelph, ON, CA",|diamondscott,|diamondsgod,1986-07-30,1986,539438.0,5089.0,405d103c,405d103c-7b39-4eeb-8d5b-f6e2f74ea774,diams001,diamosc01,diamon001sco,5089.0,Diamond,Scott,Scott Michael,1986.0,7.0,30.0,2008.0,2017.0,2011.0,2016.0,Scott Diamond,1986-07-30,|diamondscott,|diamondsgod,1986-07-30,1986.0,register_id,1.0
bowden001mic,Michael Bowden,1986-09-09,"Winfield, IL, US",|bowdenmichael,|bowdenmijel,1986-09-09,1986,476601.0,4440.0,debe1629,debe1629-6e7e-4d39-a916-e68f83fde1c8,bowdm001,bowdemi01,bowden001mic,4440.0,Bowden,Michael,Michael Matthew,1986.0,9.0,9.0,2005.0,2021.0,2008.0,2013.0,Michael Bowden,1986-09-09,|bowdenmichael,|bowdenmijel,1986-09-09,1986.0,register_id,1.0
volsta001chr,Chris Volstad,1986-09-23,"Palm Beach Gardens, FL, US",|chrisvolstad,|jlisvolsdad,1986-09-23,1986,458690.0,9901.0,fbde3192,fbde3192-9e8f-4227-b80f-06e3fb1cc593,volsc001,volstch01,volsta001chr,9901.0,Volstad,Chris,Christopher Kenneth,1986.0,9.0,23.0,2005.0,2018.0,2008.0,2018.0,Chris Volstad,1986-09-23,|chrisvolstad,|jlisvolsdad,1986-09-23,1986.0,register_id,1.0
stewar001zac,Zach Stewart,1986-09-28,"Wichita Falls, TX, US",|stewartzach,|sdewaldzaj,1986-09-28,1986,543819.0,7397.0,60731721,60731721-3d77-46cd-8829-7e6b7101f3ac,stewz001,stewaza01,stewar001zac,7397.0,Stewart,Zach,Zachary Robert,1986.0,9.0,28.0,2008.0,2019.0,2011.0,2012.0,Zach Stewart,1986-09-28,|stewartzach,|sdewaldzaj,1986-09-28,1986.0,register_id,1.0
thames001eri,Eric Thames,1986-11-10,"San Jose, CA, US",|ericthames,|dameselig,1986-11-10,1986,519346.0,3711.0,a96c3457,a96c3457-69f3-4540-ab25-97703553743b,thame001,thameer01,thames001eri,3711.0,Thames,Eric,Eric Allyn,1986.0,11.0,10.0,2009.0,2022.0,2011.0,2020.0,Eric Thames,1986-11-10,|ericthames,|dameselig,1986-11-10,1986.0,register_id,1.0
bell--005jos,Josh Bell,1986-11-13,"Rockford, IL, US",|belljosh,|beljos,1986-11-13,1986,458679.0,2510.0,0ad15d05,0ad15d05-5c5a-404e-9000-ab47931f1fd4,bellj004,belljo01,bell--005jos,2510.0,Bell,Josh,Joshua Lee,1986.0,11.0,13.0,2005.0,2019.0,2010.0,2012.0,Josh Bell,1986-11-13,|belljosh,|beljos,1986-11-13,1986.0,register_id,1.0
nova--001iva,Iván Nova,1987-01-12,"San Cristobal, San Cristobal, DO",|ivannova,|ivannova,1987-01-12,1987,467100.0,1994.0,13210249,13210249-0a03-4fb4-92a0-ba64adf65266,novai001,novaiv01,nova--001iva,1994.0,Nova,Iván,Iván Manuel,1987.0,1.0,12.0,2006.0,2022.0,2010.0,2020.0,Iván Nova,1987-01-12,|ivannova,|ivannova,1987-01-12,1987.0,register_id,1.0
noesi-001hec,Héctor Noesí,1987-01-26,"Esperanza, Valverde, DO",|hectornoesi,|hegdolnesi,1987-01-26,1987,456051.0,3292.0,82ac92a8,82ac92a8-1e46-4ba7-960a-d81c4a72cdac,noesh001,noesihe01,noesi-001hec,3292.0,Noesí,Héctor,Héctor,1987.0,1.0,26.0,2006.0,2019.0,2011.0,2019.0,Héctor Noesí,1987-01-26,|hectornoesi,|hegdolnesi,1987-01-26,1987.0,register_id,1.0
peguer001car,Carlos Peguero,1987-02-22,"Hondo Valle, Elias Pina, DO",|carlospeguero,|begoelogalos,1987-02-22,1987,451713.0,8760.0,05505fd6,05505fd6-9b7e-4d64-b256-d2b49a299222,peguc001,pegueca01,peguer001car,8760.0,Peguero,Carlos,Carlos Angel,1987.0,2.0,22.0,2006.0,2025.0,2011.0,2015.0,Carlos Peguero,1987-02-22,|carlospeguero,|begoelogalos,1987-02-22,1987.0,register_id,1.0
irwin-001phi,Phil Irwin,1987-02-25,"Germantown, TN, US",|irwinphil,|bililwin,1987-02-25,1987,572947.0,9489.0,815b81ae,815b81ae-810d-434d-bc56-af3dd2da2ed6,irwip001,irwinph01,irwin-001phi,9489.0,Irwin,Phil,Phillip Andrew,1987.0,2.0,25.0,2009.0,2015.0,2013.0,2014.0,Phil Irwin,1987-02-25,|irwinphil,|bililwin,1987-02-25,1987.0,register_id,1.0
carras002car,Carlos Carrasco,1987-03-21,"Barquisimeto, Lara, VE",|carloscarrasco,|galasgogalos,1987-03-21,1987,471911.0,6632.0,1c16923e,1c16923e-a9ee-4bff-8df0-8ce6cdb414e6,carrc003,carraca01,carras002car,6632.0,Carrasco,Carlos,Carlos Luis,1987.0,3.0,21.0,2004.0,2026.0,2009.0,2026.0,Carlos Carrasco,1987-03-21,|carloscarrasco,|galasgogalos,1987-03-21,1987.0,register_id,1.0
ryu---000hye,Hyun Jin Ryu,1987-03-25,"Incheon, Incheon, KR",RYU|hyunjin,RYU|hyonjin,1987-03-25,1987,547943.0,14444.0,fd18ef3b,fd18ef3b-53a0-4738-99f9-f43373542d90,ryu-h001,ryuhy01,ryu---000hye,14444.0,Ryu,Hyun Jin,Hyun Jin,1987.0,3.0,25.0,2006.0,2026.0,2013.0,2023.0,Hyun Jin Ryu,1987-03-25,RYU|hyunjin,RYU|hyonjin,1987-03-25,1987.0,register_id,1.0
despai000odr,Odrisamer Despaigne,1987-04-04,"La Habana, La Habana, CU",|despaigneodrisamer,|desbaigneodlisamel,1987-04-04,1987,628333.0,16017.0,03100ef1,03100ef1-f483-4f66-84ee-5e656c3d80ef,despo001,despaod01,despai000odr,16017.0,Despaigne,Odrisamer,Odrisamer,1987.0,4.0,4.0,2005.0,2026.0,2014.0,2019.0,Odrisamer Despaigne,1987-04-04,|despaigneodrisamer,|desbaigneodlisamel,1987-04-04,1987.0,register_id,1.0
kang--000jeo,Jung Ho Kang,1987-04-05,"Gwangju, Gwangju, KR",KANG|hojung,KANG|hojong,1987-04-05,1987,628356.0,17182.0,fb9c36f4,fb9c36f4-be74-433d-be8a-ffd159cc1fcf,kangj001,kangju01,kang--000jeo,17182.0,Kang,Jung Ho,Jung Ho,1987.0,4.0,5.0,2006.0,2019.0,2015.0,2019.0,Jung Ho Kang,1987-04-05,KANG|hojung,KANG|hojong,1987-04-05,1987.0,register_id,1.0
cloyd-001tyl,Tyler Cloyd,1987-05-16,"Papillion, NE, US",|cloydtyler,|dylelgloyd,1987-05-16,1987,543031.0,8536.0,d6402909,d6402909-cda1-43bc-bbc8-dd453c4a322b,cloyt001,cloydty01,cloyd-001tyl,8536.0,Cloyd,Tyler,Tyler James,1987.0,5.0,16.0,2008.0,2019.0,2012.0,2018.0,Tyler Cloyd,1987-05-16,|cloydtyler,|dylelgloyd,1987-05-16,1987.0,register_id,1.0
lindbl001jos,Josh Lindblom,1987-06-15,"Lafayette, IN, US",|joshlindblom,|joslindblom,1987-06-15,1987,458676.0,7882.0,6a648ede,6a648ede-e646-4d98-bc3a-ad017054a998,lindj004,lindbjo01,lindbl001jos,7882.0,Lindblom,Josh,Joshua William,1987.0,6.0,15.0,2008.0,2022.0,2011.0,2021.0,Josh Lindblom,1987-06-15,|joshlindblom,|joslindblom,1987-06-15,1987.0,register_id,1.0
friedr001chr,Christian Friedrich,1987-07-08,"Evanston, IL, US",|christianfriedrich,|fliedlijjlisdian,1987-07-08,1987,543184.0,7942.0,9d237641,9d237641-22e0-4502-b92d-8d6c0a2cbb44,friec001,friedch01,friedr001chr,7942.0,Friedrich,Christian,Christian Louis Patrick,1987.0,7.0,8.0,2008.0,2021.0,2012.0,2016.0,Christian Friedrich,1987-07-08,|christianfriedrich,|fliedlijjlisdian,1987-07-08,1987.0,register_id,1.0
surkam001eri,Eric Surkamp,1987-07-16,"Cincinnati, OH, US",|ericsurkamp,|eligsolgamb,1987-07-16,1987,474668.0,2540.0,8798f71d,8798f71d-3fe4-43fd-9388-153e0d7cbc77,surke001,surkaer01,surkam001eri,2540.0,Surkamp,Eric,Eric Michael,1987.0,7.0,16.0,2008.0,2016.0,2011.0,2016.0,Eric Surkamp,1987-07-16,|ericsurkamp,|eligsolgamb,1987-07-16,1987.0,register_id,1.0
hwang-001jae,Jae-gyun Hwang,1987-07-28,"Seoul, Seoul, KR",HWANG|gyunjae,HWANG|gyonje,1987-07-28,1987,666561.0,19369.0,b296a57f,b296a57f-3d62-4c2e-b2f6-2ec2c7ace970,hwanj001,hwangja01,hwang-001jae,19369.0,Hwang,Jae-gyun,Jae-gyun,1987.0,7.0,28.0,2007.0,2025.0,2017.0,2017.0,Jae-gyun Hwang,1987-07-28,HWANG|gyunjae,HWANG|gyonje,1987-07-28,1987.0,register_id,1.0
smith-015jos,Josh A. Smith,1987-08-07,"Margate, FL, US",|ajoshsmith,|ajossmid,1987-08-07,1987,595001.0,10946.0,56d75729,56d75729-8122-4368-9ec6-719cf07e0af8,smitj004,smithjo07,smith-015jos,10946.0,Smith,Josh,Joshua Allen,1987.0,8.0,7.0,2010.0,2022.0,2015.0,2020.0,Josh Smith,1987-08-07,|joshsmith,|jossmid,1987-08-07,1987.0,register_id,1.0
hazelb001jer,Jeremy Hazelbaker,1987-08-14,"Muncie, IN, US",|hazelbakerjeremy,|hazelbageljelemy,1987-08-14,1987,571757.0,9399.0,3db46499,3db46499-26b3-4ba3-8ad1-035a5ae20ece,hazej001,hazelje01,hazelb001jer,9399.0,Hazelbaker,Jeremy,Jeremy Philip,1987.0,8.0,14.0,2009.0,2019.0,2016.0,2017.0,Jeremy Hazelbaker,1987-08-14,|hazelbakerjeremy,|hazelbageljelemy,1987-08-14,1987.0,register_id,1.0
osulli001sea,Sean O'Sullivan,1987-09-01,"San Diego, CA, US",|osullivansean,|osolivansean,1987-09-01,1987,457711.0,9137.0,67ff8ea7,67ff8ea7-c0c6-416a-95ee-10a153329f01,osuls001,osullse01,osulli001sea,9137.0,O'Sullivan,Sean,Sean Daniel,1987.0,9.0,1.0,2006.0,2018.0,2009.0,2016.0,Sean O'Sullivan,1987-09-01,|osullivansean,|osolivansean,1987-09-01,1987.0,register_id,1.0
scrugg001xav,Xavier Scruggs,1987-09-23,"Whittier, CA, US",|scruggsxavier,|sglogsxaviel,1987-09-23,1987,489305.0,7409.0,ea5ddd09,ea5ddd09-0411-4655-8a43-a9bc0fc55e67,scrux001,scrugxa01,scrugg001xav,7409.0,Scruggs,Xavier,Xavier Ladel,1987.0,9.0,23.0,2008.0,2019.0,2014.0,2016.0,Xavier Scruggs,1987-09-23,|scruggsxavier,|sglogsxaviel,1987-09-23,1987.0,register_id,1.0
hale--001dav,David Hale,1987-09-27,"Atlanta, GA, US",|davidhale,|davidhale,1987-09-27,1987,571735.0,9756.0,f47f75b4,f47f75b4-dcbd-4eb5-bc09-7cfd8d5c850b,haled001,haleda02,hale--001dav,9756.0,Hale,David,David Edward,1987.0,9.0,27.0,2009.0,2021.0,2013.0,2021.0,David Hale,1987-09-27,|davidhale,|davidhale,1987-09-27,1987.0,register_id,1.0
sands-002ger,Jerry Sands,1987-09-28,"Middletown, NY, US",|jerrysands,|jelysands,1987-09-28,1987,543742.0,4016.0,31ccb326,31ccb326-cb11-4868-a38c-3749e0427797,sandj002,sandsje01,sands-002ger,4016.0,Sands,Jerry,Gerald Robert,1987.0,9.0,28.0,2008.0,2021.0,2011.0,2016.0,Jerry Sands,1987-09-28,|jerrysands,|jelysands,1987-09-28,1987.0,register_id,1.0
doubro001fel,Félix Doubront,1987-10-23,"Puerto Cabello, Carabobo, VE",|doubrontfelix,|doblondfelix,1987-10-23,1987,467094.0,1478.0,8791d571,8791d571-dc8c-4efc-a5f9-13119b2d6cbd,doubf001,doubrfe01,doubro001fel,1478.0,Doubront,Félix,Félix Antonio,1987.0,10.0,23.0,2005.0,2026.0,2010.0,2015.0,Félix Doubront,1987-10-23,|doubrontfelix,|doblondfelix,1987-10-23,1987.0,register_id,1.0
navarr001yam,Yamaico Navarro,1987-10-31,"San Pedro de Macoris, San Pedro de Macoris, DO",|navarroyamaico,|navaloyamaigo,1987-10-31,1987,501605.0,5665.0,18172304,18172304-916d-4551-b7c0-70a92d496188,navay001,navarya01,navarr001yam,5665.0,Navarro,Yamaico,Yamaico,1987.0,10.0,31.0,2006.0,2026.0,2010.0,2013.0,Yamaico Navarro,1987-10-31,|navarroyamaico,|navaloyamaigo,1987-10-31,1987.0,register_id,1.0
adlema001tim,Tim Adleman,1987-11-13,"Staten Island, NY, US",|adlemantim,|adlemandim,1987-11-13,1987,534947.0,10968.0,6d1e0e9e,6d1e0e9e-afd4-4a38-bf4e-bdeaa2b6e714,adlet001,adlemti01,adlema001tim,10968.0,Adleman,Tim,Timothy Max,1987.0,11.0,13.0,2010.0,2022.0,2016.0,2017.0,Tim Adleman,1987-11-13,|adlemantim,|adlemandim,1987-11-13,1987.0,register_id,1.0
wilk--001ada,Adam Wilk,1987-12-09,"Anaheim, CA, US",|adamwilk,|adamwilg,1987-12-09,1987,573244.0,8421.0,ec5907cd,ec5907cd-b6a8-4462-83b9-184357e006af,wilka001,wilkad01,wilk--001ada,8421.0,Wilk,Adam,Adam Robert,1987.0,12.0,9.0,2009.0,2018.0,2011.0,2017.0,Adam Wilk,1987-12-09,|adamwilk,|adamwilg,1987-12-09,1987.0,register_id,1.0
rodrig001ane,Aneury Rodríguez,1987-12-13,"Higuey, La Altagracia, DO",|aneuryrodriguez,|anolylodligoez,1987-12-13,1987,444553.0,8948.0,7bca3f7e,7bca3f7e-ec5c-4bef-a7b3-3e9bcd76c6a2,rodra002,rodrian01,rodrig001ane,8948.0,Rodríguez,Aneury,Aneury,1987.0,12.0,13.0,2005.0,2015.0,2011.0,2012.0,Aneury Rodríguez,1987-12-13,|aneuryrodriguez,|anolylodligoez,1987-12-13,1987.0,register_id,1.0
copela001sco,Scott Copeland,1987-12-15,"Longview, TX, US",|copelandscott,|gobelandsgod,1987-12-15,1987,571577.0,10706.0,eeaa6eab,eeaa6eab-6b25-4111-802f-1242c86b10da,copes001,copelsc01,copela001sco,10706.0,Copeland,Scott,Scott Reast,1987.0,12.0,15.0,2010.0,2019.0,2015.0,2018.0,Scott Copeland,1987-12-15,|copelandscott,|gobelandsgod,1987-12-15,1987.0,register_id,1.0
kim---004hye,Hyun Soo Kim,1988-01-12,"Seoul, Seoul, KR",KIM|hyunsoo,KIM|hyonso,1988-01-12,1988,547957.0,18718.0,9db127db,9db127db-94a3-4c35-a5a0-2979743650e0,kim-h001,kimhy01,kim---004hye,18718.0,Kim,Hyun Soo,Hyun Soo,1988.0,1.0,12.0,2006.0,2026.0,2016.0,2017.0,Hyun Soo Kim,1988-01-12,KIM|hyunsoo,KIM|hyonso,1988-01-12,1988.0,register_id,1.0
jimene006lui,Luis Jiménez,1988-01-18,"Santo Domingo, Distrito Nacional, DO",|jimenezluis,|jimenezlis,1988-01-18,1988,499864.0,6341.0,813d7d3c,813d7d3c-d421-4d6b-a0fc-9dc7d9f16007,jimel002,jimenlu02,jimene006lui,6341.0,Jiménez,Luis,Luis Domingo,1988.0,1.0,18.0,2006.0,2024.0,2013.0,2015.0,Luis Jiménez,1988-01-18,|jimenezluis,|jimenezlis,1988-01-18,1988.0,register_id,1.0
brigha001jac,Jake Brigham,1988-02-10,"Winter Garden, FL, US",|brighamjake,|blighamjage,1988-02-10,1988,502010.0,2851.0,8707a87b,8707a87b-65cf-4d3c-8e7a-f2bc2d63c160,brigj001,brighja01,brigha001jac,2851.0,Brigham,Jake,Jacob Daniel,1988.0,2.0,10.0,2006.0,2023.0,2015.0,2015.0,Jake Brigham,1988-02-10,|brighamjake,|blighamjage,1988-02-10,1988.0,register_id,1.0
yang--000hye,Hyeon-jong Yang,1988-03-01,"Gwangju, Gwangju, KR",YANG|hyeonjong,YANG|hyonjong,1988-03-01,1988,660365.0,27513.0,b1dd99d7,b1dd99d7-b99a-4a61-bc08-bb399d0af73f,yangh001,yanghy01,yang--000hye,27513.0,Yang,Hyeon-jong,Hyeon-jong,1988.0,3.0,1.0,2007.0,2026.0,2021.0,2021.0,Hyeon-jong Yang,1988-03-01,YANG|hyeonjong,YANG|hyonjong,1988-03-01,1988.0,register_id,1.0
gomez-001hec,Héctor Gómez,1988-03-05,"San Pedro de Macoris, San Pedro de Macoris, DO",|gomezhector,|gomezhegdol,1988-03-05,1988,467143.0,2264.0,761971ad,761971ad-272b-48fb-bdf1-0c755dddaef0,gomeh001,gomezhe01,gomez-001hec,2264.0,Gómez,Héctor,Héctor Alexis,1988.0,3.0,5.0,2006.0,2024.0,2011.0,2015.0,Héctor Gómez,1988-03-05,|gomezhector,|gomezhegdol,1988-03-05,1988.0,register_id,1.0
stinso001jos,Josh Stinson,1988-03-14,"Shreveport, LA, US",|joshstinson,|jossdinson,1988-03-14,1988,502139.0,3219.0,04d0382a,04d0382a-9269-4054-a872-6b5bd96350f4,stinj001,stinsjo01,stinso001jos,3219.0,Stinson,Josh,Joshua Randall,1988.0,3.0,14.0,2006.0,2015.0,2011.0,2014.0,Josh Stinson,1988-03-14,|joshstinson,|jossdinson,1988-03-14,1988.0,register_id,1.0
fernan018jos,Jose Miguel Fernandez,1988-04-27,"Santa Clara, Villa Clara, CU",|fernandezjosemiguel,|felnandezjosemigoel,1988-04-27,1988,628336.0,19254.0,880f2c44,880f2c44-ab36-4e8a-aee3-a5944630c82d,fernj004,fernajo03,fernan018jos,19254.0,Fernández,José,José Miguel,1988.0,4.0,27.0,2007.0,2023.0,2018.0,2018.0,José Fernández,1988-04-27,|fernandezjose,|felnandezjose,1988-04-27,1988.0,register_id,1.0
bour--001jus,Justin Bour,1988-05-28,"Washington, DC, US",|bourjustin,|boljosdin,1988-05-28,1988,571506.0,9744.0,ad78e846,ad78e846-e430-4ee7-bb54-3f6758cb0490,bourj002,bourju01,bour--001jus,9744.0,Bour,Justin,Justin James,1988.0,5.0,28.0,2009.0,2022.0,2014.0,2019.0,Justin Bour,1988-05-28,|bourjustin,|boljosdin,1988-05-28,1988.0,register_id,1.0
raley-001bro,Brooks Raley,1988-06-29,"San Antonio, TX, US",|brooksraley,|blogslaley,1988-06-29,1988,548384.0,10061.0,d315aa4a,d315aa4a-9bca-4ce0-bd71-b6104f2aa3b8,raleb001,raleybr01,raley-001bro,10061.0,Raley,Brooks,Brooks Lee,1988.0,6.0,29.0,2009.0,2026.0,2012.0,2026.0,Brooks Raley,1988-06-29,|brooksraley,|blogslaley,1988-06-29,1988.0,register_id,1.0
kim---002gwa,Kwang Hyun Kim,1988-07-22,"Seoul, Seoul, KR",KIM|hyunkwang,KIM|gwanghyon,1988-07-22,1988,547942.0,27458.0,9d364907,9d364907-cdaf-4432-a9fb-58066db0bf1c,kim-k001,kimkw01,kim---002gwa,27458.0,Kim,Kwang Hyun,Kwang Hyun,1988.0,7.0,22.0,2007.0,2025.0,2020.0,2021.0,Kwang Hyun Kim,1988-07-22,KIM|hyunkwang,KIM|gwanghyon,1988-07-22,1988.0,register_id,1.0
elias-000roe,Roenis Elías,1988-08-01,"Guantanamo, CU",|eliasroenis,|eliaslenis,1988-08-01,1988,606273.0,12673.0,5ccd1190,5ccd1190-909e-470f-b28e-bef21b360ce5,eliar001,eliasro01,elias-000roe,12673.0,Elías,Roenis,Roenis,1988.0,8.0,1.0,2008.0,2026.0,2014.0,2022.0,Roenis Elías,1988-08-01,|eliasroenis,|eliaslenis,1988-08-01,1988.0,register_id,1.0
franko001jam,Seth Frankoff,1988-08-27,"Raleigh, NC, US",|frankoffseth,|flangofsed,1988-08-27,1988,571676.0,11346.0,395df6ad,395df6ad-2639-4e02-81cc-7cfadfc42ac2,frans001,frankse01,franko001jam,11346.0,Frankoff,Seth,James Seth,1988.0,8.0,27.0,2010.0,2022.0,2017.0,2021.0,Seth Frankoff,1988-08-27,|frankoffseth,|flangofsed,1988-08-27,1988.0,register_id,1.0
leon--001ale,Arnold Leon,1988-09-06,"Culiacan, Sinaloa, MX",|arnoldleon,|alnoldlon,1988-09-06,1988,504186.0,5595.0,16c67bc7,16c67bc7-497f-45b5-bd15-6e7a855a159a,leona001,leonar01,leon--001ale,5595.0,Leon,Arnold,Alex Arnold,1988.0,9.0,6.0,2006.0,2021.0,2015.0,2016.0,Arnold Leon,1988-09-06,|arnoldleon,|alnoldlon,1988-09-06,1988.0,register_id,1.0
marimo001sug,Sugar Ray Marimón,1988-09-30,"Cartagena, Bolivar, CO",|marimonraysugar,|laymalimonsogal,1988-09-30,1988,516970.0,6027.0,857dc25e,857dc25e-9d6f-4aa6-a62c-f86272c6b583,maris001,marimsu01,marimo001sug,6027.0,Marimón,Sugar Ray,Sugar Ray,1988.0,9.0,30.0,2007.0,2022.0,2015.0,2015.0,Sugar Ray Marimón,1988-09-30,|marimonraysugar,|laymalimonsogal,1988-09-30,1988.0,register_id,1.0
kelly-003ken,Merrill Kelly,1988-10-14,"Houston, TX, US",|kellymerrill,|gelymelil,1988-10-14,1988,518876.0,11156.0,f9d4e4e2,f9d4e4e2-013f-40cb-97c2-4ebd1de8d1bc,kellm002,kellyme01,kelly-003ken,11156.0,Kelly,Merrill,Kenneth Merrill,1988.0,10.0,14.0,2010.0,2026.0,2019.0,2026.0,Merrill Kelly,1988-10-14,|kellymerrill,|gelymelil,1988-10-14,1988.0,register_id,1.0
parede001jim,Jimmy Paredes,1988-11-25,"Bajos de Haina, San Cristobal, DO",|jimmyparedes,|baledesjimy,1988-11-25,1988,517370.0,5481.0,d5768392,d5768392-f071-47a0-bc33-524c20e661d2,parej002,paredji01,parede001jim,5481.0,Paredes,Jimmy,Jimmy Santiago,1988.0,11.0,25.0,2007.0,2025.0,2011.0,2016.0,Jimmy Paredes,1988-11-25,|jimmyparedes,|baledesjimy,1988-11-25,1988.0,register_id,1.0
strail001dan,Dan Straily,1988-12-01,"Redlands, CA, US",|danstraily,|dansdlaily,1988-12-01,1988,573185.0,9460.0,fde58414,fde58414-2cc4-49b6-802a-e2d730480091,strad003,straida01,strail001dan,9460.0,Straily,Dan,Daniel Steven,1988.0,12.0,1.0,2009.0,2025.0,2012.0,2019.0,Dan Straily,1988-12-01,|danstraily,|dansdlaily,1988-12-01,1988.0,register_id,1.0
rucins000dre,Drew Rucinski,1988-12-30,"Neenah, WI, US",|drewrucinski,|dlewloginsgi,1988-12-30,1988,607968.0,12499.0,27edd3f7,27edd3f7-e434-4857-89fd-e35ccacaa0d1,rucid001,rucindr01,rucins000dre,12499.0,Rucinski,Drew,Andrew James,1988.0,12.0,30.0,2011.0,2023.0,2014.0,2023.0,Drew Rucinski,1988-12-30,|drewrucinski,|dlewloginsgi,1988-12-30,1988.0,register_id,1.0
mirand000ari,Aríel Miranda,1989-01-10,"La Habana, La Habana, CU",|arielmiranda,|alielmilanda,1989-01-10,1989,664641.0,17526.0,a70211f4,a70211f4-dcad-41c9-a3aa-bb2e22bc20e0,miraa002,miranar01,mirand000ari,17526.0,Miranda,Aríel,Aríel,1989.0,1.0,10.0,2007.0,2025.0,2016.0,2018.0,Aríel Miranda,1989-01-10,|arielmiranda,|alielmilanda,1989-01-10,1989.0,register_id,1.0
smolin001jak,Jake Smolinski,1989-02-09,"Rockford, IL, US",|jakesmolinski,|jagesmolinsgi,1989-02-09,1989,519295.0,5408.0,b1265a91,b1265a91-d167-4cc9-9d52-021081f9c020,smolj002,smolija01,smolin001jak,5408.0,Smolinski,Jake,Jacob Michael,1989.0,2.0,9.0,2007.0,2019.0,2014.0,2018.0,Jake Smolinski,1989-02-09,|jakesmolinski,|jagesmolinsgi,1989-02-09,1989.0,register_id,1.0
castil001fab,Fabio Castillo,1989-02-19,"Samana, Samana, DO",|castillofabio,|fabiogasdilo,1989-02-19,1989,503566.0,2826.0,9f0e22c3,9f0e22c3-b9d1-4b73-b376-4c0df418c8c8,castf003,castifa01,castil001fab,2826.0,Castillo,Fabio,Fabio,1989.0,2.0,19.0,2006.0,2019.0,2017.0,2017.0,Fabio Castillo,1989-02-19,|castillofabio,|fabiogasdilo,1989-02-19,1989.0,register_id,1.0
rosari001wil,Wilin Rosario,1989-02-23,"Bonao, Monsenor Nouel, DO",|rosariowilin,|losaliowilin,1989-02-23,1989,501647.0,8002.0,2f10357e,2f10357e-a37a-46c7-8e5f-d6018f252f4d,rosaw001,rosarwi01,rosari001wil,8002.0,Rosario,Wilin,Wilin Arismendy,1989.0,2.0,23.0,2006.0,2025.0,2011.0,2015.0,Wilin Rosario,1989-02-23,|rosariowilin,|losaliowilin,1989-02-23,1989.0,register_id,1.0
bell--005cha,Chad Bell,1989-02-28,"Knoxville, TN, US",|bellchad,|beljad,1989-02-28,1989,518445.0,10297.0,ea9841ba,ea9841ba-aaa1-4ab4-ae76-2398d5a0f160,bellc003,bellch02,bell--005cha,10297.0,Bell,Chad,Chadwick Micah,1989.0,2.0,28.0,2010.0,2020.0,2017.0,2018.0,Chad Bell,1989-02-28,|bellchad,|beljad,1989-02-28,1989.0,register_id,1.0
lagare001jua,Juan Lagares,1989-03-17,"Constanza, La Vega, DO",|juanlagares,|joanlagales,1989-03-17,1989,501571.0,5384.0,57e32373,57e32373-2b35-4a7b-87ae-dca0020277a9,lagaj001,lagarju01,lagare001jua,5384.0,Lagares,Juan,Juan Osvaldo,1989.0,3.0,17.0,2006.0,2025.0,2013.0,2022.0,Juan Lagares,1989-03-17,|juanlagares,|joanlagales,1989-03-17,1989.0,register_id,1.0
freita001dav,David Freitas,1989-03-18,"Wilton, CA, US",|davidfreitas,|davidfleidas,1989-03-18,1989,571679.0,10619.0,1e0119a9,1e0119a9-987a-4b4d-8a9a-199749270a8e,freid001,freitda01,freita001dav,10619.0,Freitas,David,David Joseph,1989.0,3.0,18.0,2010.0,2023.0,2017.0,2019.0,David Freitas,1989-03-18,|davidfreitas,|davidfleidas,1989-03-18,1989.0,register_id,1.0
buchan001dav,David Buchanan,1989-05-11,"Atlanta, GA, US",|buchanandavid,|bojanandavid,1989-05-11,1989,571527.0,11176.0,a9ad2d79,a9ad2d79-f929-4837-bdf2-1154d2d8b9f6,buchd001,buchada01,buchan001dav,11176.0,Buchanan,David,David Andrew,1989.0,5.0,11.0,2010.0,2026.0,2014.0,2024.0,David Buchanan,1989-05-11,|buchanandavid,|bojanandavid,1989-05-11,1989.0,register_id,1.0
hoying001jar,Jared Hoying,1989-05-18,"Fort Loramie, OH, US",|hoyingjared,|hoingjaled,1989-05-18,1989,592419.0,10882.0,84e035aa,84e035aa-2b4a-4f11-a8d9-7662b2e8f2b6,hoyij001,hoyinja01,hoying001jar,10882.0,Hoying,Jared,Jared William,1989.0,5.0,18.0,2010.0,2021.0,2016.0,2021.0,Jared Hoying,1989-05-18,|hoyingjared,|hoingjaled,1989-05-18,1989.0,register_id,1.0
wilker000aar,Aaron Wilkerson,1989-05-24,"Fort Worth, TX, US",|aaronwilkerson,|alonwilgelson,1989-05-24,1989,658792.0,16904.0,125c93de,125c93de-e602-4114-99b4-d64f104277d5,wilka003,wilkeaa01,wilker000aar,16904.0,Wilkerson,Aaron,Aaron Daniel,1989.0,5.0,24.0,2013.0,2026.0,2017.0,2019.0,Aaron Wilkerson,1989-05-24,|aaronwilkerson,|alonwilgelson,1989-05-24,1989.0,register_id,1.0
dean--002pat,Pat Dean,1989-05-25,"Waterbury, CT, US",|deanpat,|baddean,1989-05-25,1989,534737.0,11350.0,6e0b7b32,6e0b7b32-f45d-4110-9e74-966e6f6ff663,deanp001,deanpa02,dean--002pat,11350.0,Dean,Pat,Patrick Michael,1989.0,5.0,25.0,2010.0,2019.0,2016.0,2016.0,Pat Dean,1989-05-25,|deanpat,|baddean,1989-05-25,1989.0,register_id,1.0
almont001zoi,Zoilo Almonte,1989-06-10,"Santo Domingo, Distrito Nacional, DO",|almontezoilo,|almondezoilo,1989-06-10,1989,501660.0,6732.0,cf8a021c,cf8a021c-f7ab-494f-a986-5acc1a4f1e72,almoz001,almonzo01,almont001zoi,6732.0,Almonte,Zoilo,Zoilo Manuel,1989.0,6.0,10.0,2006.0,2026.0,2013.0,2014.0,Zoilo Almonte,1989-06-10,|almontezoilo,|almondezoilo,1989-06-10,1989.0,register_id,1.0
mcguir005wil,Deck McGuire,1989-06-23,"Richmond, VA, US",|deckmcguire,|degmgile,1989-06-23,1989,592547.0,11596.0,52c951c1,52c951c1-4422-4f8a-b114-4f03474c92e1,mcgud001,mcguide02,mcguir005wil,11596.0,McGuire,Deck,William Deck,1989.0,6.0,23.0,2011.0,2022.0,2017.0,2018.0,Deck McGuire,1989-06-23,|deckmcguire,|degmgile,1989-06-23,1989.0,register_id,1.0
montgo001mic,Mike Montgomery,1989-07-01,"Mission Hills, CA, US",|mikemontgomery,|migemondgomely,1989-07-01,1989,543557.0,4869.0,3f84f75f,3f84f75f-988e-4b04-815b-82cb9cbdb1eb,montm002,montgmi01,montgo001mic,4869.0,Montgomery,Mike,Michael Paul,1989.0,7.0,1.0,2008.0,2024.0,2015.0,2020.0,Mike Montgomery,1989-07-01,|mikemontgomery,|migemondgomely,1989-07-01,1989.0,register_id,1.0
saladi001tyl,Tyler Saladino,1989-07-20,"San Diego, CA, US",|saladinotyler,|dylelsaladino,1989-07-20,1989,573135.0,10807.0,f29d5567,f29d5567-ca38-4677-a617-c4d04421646f,salat001,saladty01,saladi001tyl,10807.0,Saladino,Tyler,Tyler Artolo,1989.0,7.0,20.0,2010.0,2020.0,2015.0,2019.0,Tyler Saladino,1989-07-20,|saladinotyler,|dylelsaladino,1989-07-20,1989.0,register_id,1.0
jokisc001eri,Eric Jokisch,1989-07-29,"Springfield, IL, US",|ericjokisch,|eligjogisj,1989-07-29,1989,518852.0,11157.0,c8e818e9,c8e818e9-ff8e-4c62-a24a-c98b340b2932,jokie001,jokiser01,jokisc001eri,11157.0,Jokisch,Eric,Eric Spenser,1989.0,7.0,29.0,2010.0,2024.0,2014.0,2014.0,Eric Jokisch,1989-07-29,|ericjokisch,|eligjogisj,1989-07-29,1989.0,register_id,1.0
ranaud001ant,Anthony Ranaudo,1989-09-09,"Freehold, NJ, US",|anthonyranaudo,|andonylanaodo,1989-09-09,1989,519168.0,11424.0,ffb78a56,ffb78a56-2c74-4391-9f8c-20c35d82557b,ranaa001,ranauan01,ranaud001ant,11424.0,Ranaudo,Anthony,Anthony Ronald,1989.0,9.0,9.0,2011.0,2025.0,2014.0,2016.0,Anthony Ranaudo,1989-09-09,|anthonyranaudo,|andonylanaodo,1989-09-09,1989.0,register_id,1.0
spruil001eze,Zeke Spruill,1989-09-11,"Chesapeake, VA, US",|spruillzeke,|sblilzege,1989-09-11,1989,543809.0,3873.0,c2a2d7db,c2a2d7db-bcf1-4d0a-bad2-9b947be8a65e,spruz001,spruize01,spruil001eze,3873.0,Spruill,Zeke,Ezekiel Stephen,1989.0,9.0,11.0,2008.0,2019.0,2013.0,2014.0,Zeke Spruill,1989-09-11,|spruillzeke,|sblilzege,1989-09-11,1989.0,register_id,1.0
motter000tay,Taylor Motter,1989-09-18,"West Palm Beach, FL, US",|mottertaylor,|daylolmodel,1989-09-18,1989,600301.0,12399.0,09fb0364,09fb0364-2ab2-4e32-9135-a3a254ad1ffd,mottt001,motteta01,motter000tay,12399.0,Motter,Taylor,Taylor Davis,1989.0,9.0,18.0,2011.0,2024.0,2016.0,2023.0,Taylor Motter,1989-09-18,|mottertaylor,|daylolmodel,1989-09-18,1989.0,register_id,1.0
wilson005phi,Tyler Wilson,1989-09-25,"Lynchburg, VA, US",|tylerwilson,|dylelwilson,1989-09-25,1989,592869.0,12691.0,bc98bf8a,bc98bf8a-7541-4b25-8781-36cd5eaac797,wilst004,wilsoty01,wilson005phi,12691.0,Wilson,Tyler,Philip Tyler,1989.0,9.0,25.0,2011.0,2020.0,2015.0,2017.0,Tyler Wilson,1989-09-25,|tylerwilson,|dylelwilson,1989-09-25,1989.0,register_id,1.0
kelly-001cas,Casey Kelly,1989-10-04,"Sarasota, FL, US",|caseykelly,|gaseygely,1989-10-04,1989,543391.0,9174.0,999de146,999de146-59aa-402c-9ee2-9658c1e347c6,kellc001,kellyca01,kelly-001cas,9174.0,Kelly,Casey,Casey Patrick,1989.0,10.0,4.0,2008.0,2025.0,2012.0,2025.0,Casey Kelly,1989-10-04,|caseykelly,|gaseygely,1989-10-04,1989.0,register_id,1.0
suarez001alb,Albert Suárez,1989-10-08,"San Felix, Bolivar, VE",|albertsuarez,|albeldsoalez,1989-10-08,1989,544150.0,6175.0,3bbf9394,3bbf9394-9d8c-408e-94a6-be59f7a502ff,suara001,suareal01,suarez001alb,6175.0,Suárez,Albert,Albert Joe,1989.0,10.0,8.0,2008.0,2026.0,2016.0,2026.0,Albert Suárez,1989-10-08,|albertsuarez,|albeldsoalez,1989-10-08,1989.0,register_id,1.0
choice001mic,Michael Choice,1989-11-10,"Fort Worth, TX, US",|choicemichael,|joigemijel,1989-11-10,1989,574831.0,11376.0,f42b039a,f42b039a-e724-46b2-83df-b2f6281fc02b,choim001,choicmi01,choice001mic,11376.0,Choice,Michael,Michael Blair,1989.0,11.0,10.0,2010.0,2021.0,2013.0,2015.0,Michael Choice,1989-11-10,|choicemichael,|joigemijel,1989-11-10,1989.0,register_id,1.0
pirela001jos,José Pirela,1989-11-21,"Valera, Trujillo, VE",|josepirela,|bilelajose,1989-11-21,1989,517369.0,5485.0,7af39fd2,7af39fd2-0874-4ce7-aca3-7ef8551d8060,pirej001,pireljo01,pirela001jos,5485.0,Pirela,José,José Manuel,1989.0,11.0,21.0,2007.0,2025.0,2014.0,2019.0,José Pirela,1989-11-21,|josepirela,|bilelajose,1989-11-21,1989.0,register_id,1.0
stock-001rob,Robert Stock,1989-11-21,"Bellevue, WA, US",|robertstock,|lobeldsdog,1989-11-21,1989,476594.0,6576.0,ddab3a2d,ddab3a2d-c6d2-4fa6-a4f0-5b01edd18966,stocr001,stockro01,stock-001rob,6576.0,Stock,Robert,Robert Anthony,1989.0,11.0,21.0,2009.0,2026.0,2018.0,2026.0,Robert Stock,1989-11-21,|robertstock,|lobeldsdog,1989-11-21,1989.0,register_id,1.0
sanche008ang,Ángel Sánchez,1989-11-28,"Tenares, Hermanas Mirabal, DO",|angelsanchez,|angelsanjez,1989-11-28,1989,605795.0,11776.0,85189d60,85189d60-4942-48c1-b44c-d4cba7755709,sanca008,sanchan03,sanche008ang,11776.0,Sánchez,Ángel,Ángel Luis,1989.0,11.0,28.0,2011.0,2025.0,2017.0,2017.0,Ángel Sánchez,1989-11-28,|angelsanchez,|angelsanjez,1989-11-28,1989.0,register_id,1.0
roach-001don,Donn Roach,1989-12-14,"Las Vegas, NV, US",|donnroach,|donloaj,1989-12-14,1989,543698.0,10620.0,b1afebc5,b1afebc5-bd3f-4849-8a4a-c0d352846466,roacd001,roachdo01,roach-001don,10620.0,Roach,Donn,Donn Mitchell,1989.0,12.0,14.0,2010.0,2020.0,2014.0,2016.0,Donn Roach,1989-12-14,|donnroach,|donloaj,1989-12-14,1989.0,register_id,1.0
nolin-001sea,Sean Nolin,1989-12-26,"Seaford, NY, US",|nolinsean,|nolinsean,1989-12-26,1989,543594.0,11341.0,66e4d325,66e4d325-43cf-4e1b-8589-7458514e4653,nolis001,nolinse01,nolin-001sea,11341.0,Nolin,Sean,Sean Patrick,1989.0,12.0,26.0,2010.0,2026.0,2013.0,2023.0,Sean Nolin,1989-12-26,|nolinsean,|nolinsean,1989-12-26,1989.0,register_id,1.0
wright000den,Mike Wright Jr.,1990-01-03,"Bennettsville, SC, US",|mikewright,|migewlighd,1990-01-03,1990,605541.0,12586.0,75103df0,75103df0-e411-4822-ba04-3edf4ee05a67,wrigm001,wrighmi01,wright000den,12586.0,Wright,Mike,Dennis Michael,1990.0,1.0,3.0,2011.0,2024.0,2015.0,2021.0,Mike Wright,1990-01-03,|mikewright,|migewlighd,1990-01-03,1990.0,register_id,1.0
saupol000war,Warwick Saupold,1990-01-16,"Perth, Western Australia, AU",|saupoldwarwick,|saoboldwalwig,1990-01-16,1990,599683.0,13211.0,b85d9945,b85d9945-e68e-4597-841e-c834e64d4617,saupw001,saupowa01,saupol000war,13211.0,Saupold,Warwick,Warwick Anthony,1990.0,1.0,16.0,2010.0,2025.0,2016.0,2018.0,Warwick Saupold,1990-01-16,|saupoldwarwick,|saoboldwalwig,1990-01-16,1990.0,register_id,1.0
wielan001jos,Joe Wieland,1990-01-21,"Reno, NV, US",CHO|wieland,CHO|wieland,1990-01-21,1990,543921.0,6109.0,6b2bc0c1,6b2bc0c1-1907-4276-a4da-52d67cac7142,wielj001,wielajo01,wielan001jos,6109.0,Wieland,Joe,Joseph Andrew,1990.0,1.0,21.0,2008.0,2024.0,2012.0,2016.0,Joe Wieland,1990-01-21,CHO|wieland,CHO|wieland,1990-01-21,1990.0,register_id,1.0
webste001car,Allen Webster,1990-02-10,"Greensboro, NC, US",|allenwebster,|alenwebsdel,1990-02-10,1990,543903.0,3993.0,7a0e5016,7a0e5016-273b-404c-8164-97a54e6a7c14,websa001,webstal01,webste001car,3993.0,Webster,Allen,Carl Allen,1990.0,2.0,10.0,2008.0,2019.0,2013.0,2019.0,Allen Webster,1990-02-10,|allenwebster,|alenwebsdel,1990-02-10,1990.0,register_id,1.0
pena--002fel,Félix Peña,1990-02-25,"San Pedro de Macoris, San Pedro de Macoris, DO",|felixpena,|benafelix,1990-02-25,1990,570240.0,13403.0,da414759,da414759-3935-4baa-ac0d-f7a16d512a34,penaf002,penafe01,pena--002fel,13403.0,Peña,Félix,Félix Ricardo,1990.0,2.0,25.0,2009.0,2026.0,2016.0,2021.0,Félix Peña,1990-02-25,|felixpena,|benafelix,1990-02-25,1990.0,register_id,1.0
smith-003bur,Burch Smith,1990-04-12,"San Antonio, TX, US",|burchsmith,|boljsmid,1990-04-12,1990,572143.0,12784.0,dc42140f,dc42140f-6e03-479b-9d15-fd3e7c055c01,smitb005,smithbu03,smith-003bur,12784.0,Smith,Burch,Burch Taylor,1990.0,4.0,12.0,2011.0,2026.0,2013.0,2026.0,Burch Smith,1990-04-12,|burchsmith,|boljsmid,1990-04-12,1990.0,register_id,1.0
brooks000aar,Aaron Brooks,1990-04-27,"Montclair, CA, US",|aaronbrooks,|alonblogs,1990-04-27,1990,605156.0,12272.0,e8ff83ea,e8ff83ea-a271-47d3-b9bb-95b9c87a3ee6,brooa001,brookaa01,brooks000aar,12272.0,Brooks,Aaron,Aaron Lee,1990.0,4.0,27.0,2011.0,2026.0,2014.0,2026.0,Aaron Brooks,1990-04-27,|aaronbrooks,|alonblogs,1990-04-27,1990.0,register_id,1.0
gavigl001sam,Sam Gaviglio,1990-05-22,"Ashland, OR, US",|gavigliosam,|gavigliosam,1990-05-22,1990,543208.0,12778.0,59d16760,59d16760-3888-425c-a802-5ce47752c906,gavis001,gavigsa01,gavigl001sam,12778.0,Gaviglio,Sam,Samuel Joseph,1990.0,5.0,22.0,2011.0,2023.0,2017.0,2020.0,Sam Gaviglio,1990-05-22,|gavigliosam,|gavigliosam,1990-05-22,1990.0,register_id,1.0
font--001wil,Wilmer Font,1990-05-24,"La Guaira, La Guaira, VE",|fontwilmer,|fondwilmel,1990-05-24,1990,521655.0,5257.0,84a26bd2,84a26bd2-17f3-4dc8-aedd-c87c996f3d6e,fontw001,fontwi01,font--001wil,5257.0,Font,Wilmer,Wilmer,1990.0,5.0,24.0,2007.0,2026.0,2012.0,2020.0,Wilmer Font,1990-05-24,|fontwilmer,|fondwilmel,1990-05-24,1990.0,register_id,1.0
bonill001lis,Lisalverto Bonilla,1990-06-18,"Samana, Samana, DO",|bonillalisalverto,|bonilalisalveldo,1990-06-18,1990,570810.0,11266.0,7ef315a9,7ef315a9-849e-44f1-a290-9867a9354b09,bonil001,bonilli01,bonill001lis,11266.0,Bonilla,Lisalverto,Lisalverto,1990.0,6.0,18.0,2009.0,2025.0,2014.0,2017.0,Lisalverto Bonilla,1990-06-18,|bonillalisalverto,|bonilalisalveldo,1990-06-18,1990.0,register_id,1.0
verret000log,Logan Verrett,1990-06-19,"The Woodlands, TX, US",|loganverrett,|loganveled,1990-06-19,1990,548337.0,12905.0,7e11b222,7e11b222-9edf-4a8e-b200-58148fc02009,verrl001,verrelo01,verret000log,12905.0,Verrett,Logan,Scott Logan,1990.0,6.0,19.0,2012.0,2022.0,2015.0,2017.0,Logan Verrett,1990-06-19,|loganverrett,|loganveled,1990-06-19,1990.0,register_id,1.0
gagnon001and,Drew Gagnon,1990-06-26,"Columbia, CA, US",|drewgagnon,|dlewgagnon,1990-06-26,1990,543193.0,12545.0,577fc8e1,577fc8e1-a3be-4d76-a699-99128f4af3fe,gagnd001,gagnodr01,gagnon001and,12545.0,Gagnon,Drew,Andrew Miles,1990.0,6.0,26.0,2011.0,2026.0,2018.0,2019.0,Drew Gagnon,1990-06-26,|drewgagnon,|dlewgagnon,1990-06-26,1990.0,register_id,1.0
martin007nic,Nick Martini,1990-06-27,"Crystal Lake, IL, US",|martininick,|maldininig,1990-06-27,1990,605361.0,12005.0,d4bacc1d,d4bacc1d-6af5-4d2e-9c7f-a8e806711b54,martn003,martini02,martin007nic,12005.0,Martini,Nick,Nicholas Scott,1990.0,6.0,27.0,2011.0,2026.0,2018.0,2025.0,Nick Martini,1990-06-27,|martininick,|maldininig,1990-06-27,1990.0,register_id,1.0
dermod001mat,Matt Dermody,1990-07-04,"Norwalk, IA, US",|dermodymatt,|delmodymad,1990-07-04,1990,571616.0,14844.0,2444f667,2444f667-358e-441e-aaf8-2cc0072e9d62,dermm001,dermoma01,dermod001mat,14844.0,Dermody,Matt,Matthew Phillip,1990.0,7.0,4.0,2013.0,2025.0,2016.0,2023.0,Matt Dermody,1990-07-04,|dermodymatt,|delmodymad,1990-07-04,1990.0,register_id,1.0
tucker002pre,Preston Tucker,1990-07-06,"Tampa, FL, US",|prestontucker,|blesdondogel,1990-07-06,1990,605512.0,13633.0,8d296a24,8d296a24-b8fe-40e4-a014-5f33e06db1af,tuckp001,tuckepr01,tucker002pre,13633.0,Tucker,Preston,Preston Michael,1990.0,7.0,6.0,2012.0,2023.0,2015.0,2018.0,Preston Tucker,1990-07-06,|prestontucker,|blesdondogel,1990-07-06,1990.0,register_id,1.0
willia028joh,Mac Williamson,1990-07-15,"Jacksonville, FL, US",|macwilliamson,|magwiliamson,1990-07-15,1990,607776.0,14158.0,750b7ed9,750b7ed9-1cc3-4a7f-9843-2eb88ff389e1,willm008,willima11,willia028joh,14158.0,Williamson,Mac,Johnathan Mackensey,1990.0,7.0,15.0,2012.0,2019.0,2015.0,2019.0,Mac Williamson,1990-07-15,|macwilliamson,|magwiliamson,1990-07-15,1990.0,register_id,1.0
wilson010jac,Jacob Wilson,1990-07-29,"Bartlett, TN, US",|jacobwilson,|jagobwilson,1990-07-29,1990,607111.0,13254.0,279d226b,279d226b-8c4e-47e7-9606-95787ea1cf2b,wilsj005,wilsoja04,wilson010jac,13254.0,Wilson,Jacob,Jacob Clinton,1990.0,7.0,29.0,2012.0,2021.0,2021.0,2021.0,Jacob Wilson,1990-07-29,|jacobwilson,|jagobwilson,1990-07-29,1990.0,register_id,1.0
burns-001and,Andy Burns,1990-08-07,"Greenville, SC, US",|andyburns,|andybolns,1990-08-07,1990,542992.0,12779.0,ecbbbf50,ecbbbf50-d228-4f43-8761-770fc6d3e337,burna003,burnsan01,burns-001and,12779.0,Burns,Andy,Andrew David,1990.0,8.0,7.0,2011.0,2022.0,2016.0,2021.0,Andy Burns,1990-08-07,|andyburns,|andybolns,1990-08-07,1990.0,register_id,1.0
carpen001rya,Ryan Carpenter,1990-08-22,"Glendale, AZ, US",|carpenterryan,|galbendellyan,1990-08-22,1990,543001.0,12699.0,6b4aa974,6b4aa974-7296-4209-8e52-143b0388c2dc,carpr001,carpery01,carpen001rya,12699.0,Carpenter,Ryan,Ryan Nicholas,1990.0,8.0,22.0,2011.0,2024.0,2018.0,2019.0,Ryan Carpenter,1990-08-22,|carpenterryan,|galbendellyan,1990-08-22,1990.0,register_id,1.0
cuevas001wil,William Cuevas,1990-10-14,"Caracas, Distrito Federal, VE",|cuevaswilliam,|goevaswiliam,1990-10-14,1990,571035.0,13331.0,948eaa2c,948eaa2c-919d-4ea9-9687-b18141086396,cuevw001,cuevawi01,cuevas001wil,13331.0,Cuevas,William,William Enrique,1990.0,10.0,14.0,2009.0,2026.0,2016.0,2018.0,William Cuevas,1990-10-14,|cuevaswilliam,|goevaswiliam,1990-10-14,1990.0,register_id,1.0
verhag000dre,Drew VerHagen,1990-10-22,"Royse City, TX, US",|drewverhagen,|dlewvelhagen,1990-10-22,1990,572403.0,13424.0,d49505fc,d49505fc-f5b1-4430-9738-59d89b2790d5,verhd001,verhadr01,verhag000dre,13424.0,VerHagen,Drew,Drew Edward,1990.0,10.0,22.0,2012.0,2026.0,2014.0,2023.0,Drew VerHagen,1990-10-22,|drewverhagen,|dlewvelhagen,1990-10-22,1990.0,register_id,1.0
wheele000jas,Jason Wheeler,1990-10-27,"Torrance, CA, US",|jasonwheeler,|jasonwhilel,1990-10-27,1990,605528.0,13128.0,afff1ff2,afff1ff2-0efd-45ed-a920-0e4b0dccc279,wheej001,wheelja01,wheele000jas,13128.0,Wheeler,Jason,Jason McDonald,1990.0,10.0,27.0,2012.0,2018.0,2017.0,2017.0,Jason Wheeler,1990-10-27,|jasonwheeler,|jasonwhilel,1990-10-27,1990.0,register_id,1.0
white-002tyl,Tyler White,1990-10-29,"Mooresboro, NC, US",|tylerwhite,|dylelwhide,1990-10-29,1990,643603.0,15564.0,d3b06f4e,d3b06f4e-bfa1-45e2-9f0d-ab17e1c9787d,whitt002,whitety01,white-002tyl,15564.0,White,Tyler,Brian Tyler,1990.0,10.0,29.0,2013.0,2023.0,2016.0,2019.0,Tyler White,1990-10-29,|tylerwhite,|dylelwhide,1990-10-29,1990.0,register_id,1.0
tauchm000mic,Mike Tauchman,1990-12-03,"Palatine, IL, US",|miketauchman,|daojmanmige,1990-12-03,1990,643565.0,15274.0,a74a7805,a74a7805-6430-4a25-bc13-45679dd5141d,taucm001,tauchmi01,tauchm000mic,15274.0,Tauchman,Mike,Michael Robert,1990.0,12.0,3.0,2013.0,2026.0,2017.0,2025.0,Mike Tauchman,1990-12-03,|miketauchman,|daojmanmige,1990-12-03,1990.0,register_id,1.0
puig--000yas,Yasiel Puig,1990-12-07,"Cienfuegos, Cienfuegos, CU",|puigyasiel,|bigyasiel,1990-12-07,1990,624577.0,14225.0,e603a22f,e603a22f-b8c2-4268-8243-cc8d9c7c93ac,puigy001,puigya01,puig--000yas,14225.0,Puig,Yasiel,Yasiel,1990.0,12.0,7.0,2008.0,2025.0,2013.0,2019.0,Yasiel Puig,1990-12-07,|puigyasiel,|bigyasiel,1990-12-07,1990.0,register_id,1.0
clevin000mic,Mike Clevinger,1990-12-21,"Jacksonville, FL, US",|clevingermike,|glevingelmige,1990-12-21,1990,605182.0,12808.0,254e6cdf,254e6cdf-b08c-46bf-9b49-5e1e30d3e326,clevm001,clevimi01,clevin000mic,12808.0,Clevinger,Mike,Michael Anthony,1990.0,12.0,21.0,2011.0,2026.0,2016.0,2025.0,Mike Clevinger,1990-12-21,|clevingermike,|glevingelmige,1990-12-21,1990.0,register_id,1.0
sampso001key,Keyvius Sampson,1991-01-06,"Gainesville, FL, US",|keyviussampson,|geyviossambson,1991-01-06,1991,572102.0,10039.0,5183222f,5183222f-cca2-416f-9ef5-75fa5ebb60cd,sampk001,sampske01,sampso001key,10039.0,Sampson,Keyvius,Keyvius Nathaniel,1991.0,1.0,6.0,2009.0,2026.0,2015.0,2016.0,Keyvius Sampson,1991-01-06,|keyviussampson,|geyviossambson,1991-01-06,1991.0,register_id,1.0
alther001aar,Aaron Altherr,1991-01-14,"Landstuhl, Rhineland-Palatinate, DE",|aaronaltherr,|aldelalon,1991-01-14,1991,571437.0,11270.0,dffcd91d,dffcd91d-739b-4ad4-9f64-e4583f884f75,altha001,altheaa01,alther001aar,11270.0,Altherr,Aaron,Aaron Samuel,1991.0,1.0,14.0,2009.0,2026.0,2014.0,2019.0,Aaron Altherr,1991-01-14,|aaronaltherr,|aldelalon,1991-01-14,1991.0,register_id,1.0
heredi001gui,Guillermo Heredia,1991-01-31,"Matanzas, Matanzas, CU",|guillermoheredia,|gilelmoheledia,1991-01-31,1991,628338.0,18721.0,97740c10,97740c10-5187-413c-a330-709f05800796,hereg002,heredgu01,heredi001gui,18721.0,Heredia,Guillermo,Guillermo,1991.0,1.0,31.0,2009.0,2026.0,2016.0,2022.0,Guillermo Heredia,1991-01-31,|guillermoheredia,|gilelmoheledia,1991-01-31,1991.0,register_id,1.0
butler001edw,Eddie Butler,1991-03-13,"Chesapeake, VA, US",|butlereddie,|bodleledie,1991-03-13,1991,572750.0,13453.0,e5ad71c6,e5ad71c6-1613-4068-9771-42ebf73ef14a,butle001,butleed01,butler001edw,13453.0,Butler,Eddie,Timothy Edward,1991.0,3.0,13.0,2012.0,2023.0,2014.0,2018.0,Eddie Butler,1991-03-13,|butlereddie,|bodleledie,1991-03-13,1991.0,register_id,1.0
perez-001her,Hernán Pérez,1991-03-26,"Villa de Cura, Aragua, VE",|hernanperez,|belezhelnan,1991-03-26,1991,541650.0,5751.0,0dda67aa,0dda67aa-c7a0-44ca-9d8f-c8ef6adf8b28,pereh001,perezhe01,perez-001her,5751.0,Pérez,Hernán,Hernán Alejandro,1991.0,3.0,26.0,2008.0,2026.0,2012.0,2021.0,Hernán Pérez,1991-03-26,|hernanperez,|belezhelnan,1991-03-26,1991.0,register_id,1.0
davids002mat,Matt Davidson,1991-03-26,"Yucaipa, CA, US",|davidsonmatt,|davidsonmad,1991-03-26,1991,571602.0,7226.0,0517c408,0517c408-c2c9-40ca-88f7-aa9205dca615,davim005,davidma02,davids002mat,7226.0,Davidson,Matt,Matthew Glen,1991.0,3.0,26.0,2009.0,2026.0,2013.0,2022.0,Matt Davidson,1991-03-26,|davidsonmatt,|davidsonmad,1991-03-26,1991.0,register_id,1.0
enns--000die,Dietrich Enns,1991-05-16,"Frankfort, IL, US",|dietrichenns,|diedlijens,1991-05-16,1991,608650.0,13932.0,e5b2a03a,e5b2a03a-97ad-49be-af26-98140c10b95c,ennsd001,ennsdi01,enns--000die,13932.0,Enns,Dietrich,Dietrich Arthur,1991.0,5.0,16.0,2012.0,2026.0,2017.0,2026.0,Dietrich Enns,1991-05-16,|dietrichenns,|diedlijens,1991-05-16,1991.0,register_id,1.0
turner002jac,Jacob Turner,1991-05-21,"St. Charles, MO, US",|jacobturner,|dolneljagob,1991-05-21,1991,545363.0,10185.0,0d65eb45,0d65eb45-d66d-4b54-9742-56011a5211e7,turnj002,turneja01,turner002jac,10185.0,Turner,Jacob,Jacob Edward,1991.0,5.0,21.0,2010.0,2019.0,2011.0,2018.0,Jacob Turner,1991-05-21,|jacobturner,|dolneljagob,1991-05-21,1991.0,register_id,1.0
haley-001jus,Justin Haley,1991-06-16,"Sacramento, CA, US",|haleyjustin,|haleyjosdin,1991-06-16,1991,595234.0,13572.0,8c277053,8c277053-037a-4e35-a441-bcd9b3b37967,halej001,haleyju01,haley-001jus,13572.0,Haley,Justin,Justin Case,1991.0,6.0,16.0,2012.0,2019.0,2017.0,2018.0,Justin Haley,1991-06-16,|haleyjustin,|haleyjosdin,1991-06-16,1991.0,register_id,1.0
joseph001tho,Tommy Joseph,1991-07-16,"Phoenix, AZ, US",|josephtommy,|domyjoseb,1991-07-16,1991,571830.0,10349.0,3c0714e3,3c0714e3-a3a3-45c1-bbc3-74f625d9154c,joset001,josepto01,joseph001tho,10349.0,Joseph,Tommy,Thomas Richard,1991.0,7.0,16.0,2010.0,2020.0,2016.0,2017.0,Tommy Joseph,1991-07-16,|josephtommy,|domyjoseb,1991-07-16,1991.0,register_id,1.0
wisdom000pat,Patrick Wisdom,1991-08-27,"Murrieta, CA, US",|patrickwisdom,|badligwisdom,1991-08-27,1991,621550.0,13602.0,04a4f5bc,04a4f5bc-de28-443f-a7b0-8db027daee36,wisdp001,wisdopa01,wisdom000pat,13602.0,Wisdom,Patrick,Patrick Ian-Cashel,1991.0,8.0,27.0,2012.0,2026.0,2018.0,2026.0,Patrick Wisdom,1991-08-27,|patrickwisdom,|badligwisdom,1991-08-27,1991.0,register_id,1.0
betanc001chr,Christian Bethancourt,1991-09-02,"Panama, Panama, PA",|bethancourtchristian,|bedangoldjlisdian,1991-09-02,1991,542194.0,10028.0,e72a69ef,e72a69ef-7884-4170-a8ff-ede7138460b5,bethc001,bethach01,betanc001chr,10028.0,Bethancourt,Christian,Christian Gabriel,1991.0,9.0,2.0,2008.0,2026.0,2013.0,2024.0,Christian Bethancourt,1991-09-02,|bethancourtchristian,|bedangoldjlisdian,1991-09-02,1991.0,register_id,1.0
plutko001ada,Adam Plutko,1991-10-03,"Upland, CA, US",|adamplutko,|adamblodgo,1991-10-03,1991,592644.0,15846.0,2f5c6a9a,2f5c6a9a-7a69-4184-a3f3-ebf2ab8025b4,pluta001,plutkad01,plutko001ada,15846.0,Plutko,Adam,Adam Gregory,1991.0,10.0,3.0,2014.0,2025.0,2016.0,2021.0,Adam Plutko,1991-10-03,|adamplutko,|adamblodgo,1991-10-03,1991.0,register_id,1.0
sampso000adr,Adrian Sampson,1991-10-07,"Redmond, WA, US",|adriansampson,|adliansambson,1991-10-07,1991,592716.0,13339.0,47b74c9e,47b74c9e-0ead-404b-8494-70e3f4f289ca,sampa001,sampsad01,sampso000adr,13339.0,Sampson,Adrian,Adrian David,1991.0,10.0,7.0,2012.0,2025.0,2016.0,2022.0,Adrian Sampson,1991-10-07,|adriansampson,|adliansambson,1991-10-07,1991.0,register_id,1.0
palka-001dan,Daniel Palka,1991-10-28,"Greenville, SC, US",|danielpalka,|balgadaniel,1991-10-28,1991,594953.0,14897.0,cc0574cc,cc0574cc-1cbc-4e97-b1cf-e792b1b1de86,palkd001,palkada01,palka-001dan,14897.0,Palka,Daniel,Daniel Bennett,1991.0,10.0,28.0,2013.0,2024.0,2018.0,2019.0,Daniel Palka,1991-10-28,|danielpalka,|balgadaniel,1991-10-28,1991.0,register_id,1.0
asuaje000car,Carlos Asuaje,1991-11-02,"Barquisimeto, Lara, VE",|asuajecarlos,|asoajegalos,1991-11-02,1991,641319.0,15197.0,df1846f7,df1846f7-6a5f-4c01-9530-a8ced9526d69,asuac001,asuajca01,asuaje000car,15197.0,Asuaje,Carlos,Carlos Alberto,1991.0,11.0,2.0,2013.0,2021.0,2016.0,2018.0,Carlos Asuaje,1991-11-02,|asuajecarlos,|asoajegalos,1991-11-02,1991.0,register_id,1.0
kingha001nic,Nick Kingham,1991-11-08,"Houston, TX, US",|kinghamnick,|ginghamnig,1991-11-08,1991,592468.0,11694.0,cdc91cd7,cdc91cd7-4273-4f75-84af-d86e48585fd5,kingn001,kinghni01,kingha001nic,11694.0,Kingham,Nick,Nicholas Gordon,1991.0,11.0,8.0,2010.0,2023.0,2018.0,2019.0,Nick Kingham,1991-11-08,|kinghamnick,|ginghamnig,1991-11-08,1991.0,register_id,1.0
healy-000ryo,Ryon Healy,1992-01-10,"West Hills, CA, US",|healyryon,|healylyon,1992-01-10,1992,592387.0,15447.0,2de614ef,2de614ef-05c6-422a-b8e7-de660ae8c0fc,healr001,healyry01,healy-000ryo,15447.0,Healy,Ryon,Ryon Christopher,1992.0,1.0,10.0,2013.0,2021.0,2016.0,2020.0,Ryon Healy,1992-01-10,|healyryon,|healylyon,1992-01-10,1992.0,register_id,1.0
machad001dix,Dixon Machado,1992-02-22,"San Cristobal, Tachira, VE",|dixonmachado,|dixonmajado,1992-02-22,1992,553988.0,11472.0,18f0c8ce,18f0c8ce-2763-44eb-950a-a7095afcc620,machd001,machadi01,machad001dix,11472.0,Machado,Dixon,Dixon Javier,1992.0,2.0,22.0,2009.0,2025.0,2015.0,2022.0,Dixon Machado,1992-02-22,|dixonmachado,|dixonmajado,1992-02-22,1992.0,register_id,1.0
goodru001car,Niko Goodrum,1992-02-28,"Atlanta, GA, US",|goodrumniko,|godlomnigo,1992-02-28,1992,592348.0,12092.0,dc82715a,dc82715a-d875-4a5d-bfb4-f9e04f23c08b,goodn002,goodrni01,goodru001car,12092.0,Goodrum,Niko,Cartier Niko,1992.0,2.0,28.0,2010.0,2025.0,2017.0,2024.0,Niko Goodrum,1992-02-28,|goodrumniko,|godlomnigo,1992-02-28,1992.0,register_id,1.0
lively001edw,Ben Lively,1992-03-05,"Pensacola, FL, US",|benlively,|benlively,1992-03-05,1992,594902.0,14932.0,822a6014,822a6014-fec2-4780-ac80-d62bdbc9accc,liveb001,livelbe01,lively001edw,14932.0,Lively,Ben,Edward Bennett,1992.0,3.0,5.0,2013.0,2026.0,2017.0,2025.0,Ben Lively,1992-03-05,|benlively,|benlively,1992-03-05,1992.0,register_id,1.0
lewick000art,Artie Lewicki,1992-04-08,"Wyckoff, NJ, US",|artielewicki,|aldielewigi,1992-04-08,1992,592499.0,16731.0,7b334004,7b334004-18fb-41a2-aacb-a95d53e625c1,lewia001,lewicar01,lewick000art,16731.0,Lewicki,Artie,Arthur Michael,1992.0,4.0,8.0,2014.0,2021.0,2017.0,2020.0,Artie Lewicki,1992-04-08,|artielewicki,|aldielewigi,1992-04-08,1992.0,register_id,1.0
mcbroo000rya,Ryan McBroom,1992-04-09,"Fredericksburg, VA, US",|mcbroomryan,|lyanmgblom,1992-04-09,1992,643436.0,16524.0,d650243b,d650243b-5e22-4cd3-978b-304368b14a32,mcbrr001,mcbrory01,mcbroo000rya,16524.0,McBroom,Ryan,Ryan P.,1992.0,4.0,9.0,2014.0,2025.0,2019.0,2021.0,Ryan McBroom,1992-04-09,|mcbroomryan,|lyanmgblom,1992-04-09,1992.0,register_id,1.0
ramos-001hen,Henry Ramos,1992-04-15,"Maunabo, PR",|henryramos,|henlylamos,1992-04-15,1992,592656.0,11481.0,29550caa,29550caa-fb66-4893-892b-9b68951c2661,ramoh001,ramoshe01,ramos-001hen,11481.0,Ramos,Henry,Henry,1992.0,4.0,15.0,2010.0,2026.0,2021.0,2023.0,Henry Ramos,1992-04-15,|henryramos,|henlylamos,1992-04-15,1992.0,register_id,1.0
wang--002wei,Wei-Chung Wang,1992-04-25,"Taitung City, TW",JUNG|wangwei,JUNG|wangwei,1992-04-25,1992,623913.0,14382.0,fd9cd488,fd9cd488-dab6-462d-924f-849d56b59c8c,wangw001,wangwe01,wang--002wei,14382.0,Wang,Wei-Chung,Wei-Chung,1992.0,4.0,25.0,2013.0,2026.0,2014.0,2019.0,Wei-Chung Wang,1992-04-25,JUNG|wangwei,JUNG|wangwei,1992-04-25,1992.0,register_id,1.0
sparkm000gle,Glenn Sparkman,1992-05-11,"Victoria, TX, US",|glennsparkman,|glensbalgman,1992-05-11,1992,642098.0,15200.0,9c5a80d6,9c5a80d6-f172-4c32-b711-2b1d0b62cc1a,sparg001,sparkgl01,sparkm000gle,15200.0,Sparkman,Glenn,Glenn Michael,1992.0,5.0,11.0,2013.0,2022.0,2017.0,2020.0,Glenn Sparkman,1992-05-11,|glennsparkman,|glensbalgman,1992-05-11,1992.0,register_id,1.0
ogrady000bri,Brian O'Grady,1992-05-17,"Philadelphia, PA, US",|brianogrady,|blianoglady,1992-05-17,1992,657434.0,16729.0,63e6be37,63e6be37-8f59-4cbc-b6aa-5e61f27e70f8,ograb001,ogradbr01,ogrady000bri,16729.0,O'Grady,Brian,Brian Patrick,1992.0,5.0,17.0,2014.0,2026.0,2019.0,2021.0,Brian O'Grady,1992-05-17,|brianogrady,|blianoglady,1992-05-17,1992.0,register_id,1.0
velasq001vin,Vince Velasquez,1992-06-07,"Montclair, CA, US",|velasquezvince,|velasqoezvinge,1992-06-07,1992,592826.0,11189.0,ca619690,ca619690-a56e-4ef8-8304-c35991d0c014,velav001,velasvi01,velasq001vin,11189.0,Velasquez,Vince,Vincent John,1992.0,6.0,7.0,2010.0,2026.0,2015.0,2026.0,Vince Velasquez,1992-06-07,|velasquezvince,|velasqoezvinge,1992-06-07,1992.0,register_id,1.0
voth--000aus,Austin Voth,1992-06-26,"Redmond, WA, US",|austinvoth,|aosdinvod,1992-06-26,1992,608723.0,15047.0,5e778622,5e778622-e186-4776-ad71-275966494b8d,votha001,vothau01,voth--000aus,15047.0,Voth,Austin,Austin Lee,1992.0,6.0,26.0,2013.0,2026.0,2018.0,2026.0,Austin Voth,1992-06-26,|austinvoth,|aosdinvod,1992-06-26,1992.0,register_id,1.0
brito-001soc,Sócrates Brito,1992-09-06,"Azua, Azua, DO",|britosocrates,|blidosoglades,1992-09-06,1992,593647.0,12944.0,5325ebb8,5325ebb8-2ef5-472f-a345-0caeed38648c,brits001,britoso01,brito-001soc,12944.0,Brito,Sócrates,Sócrates Orel,1992.0,9.0,6.0,2010.0,2026.0,2015.0,2019.0,Sócrates Brito,1992-09-06,|britosocrates,|blidosoglades,1992-09-06,1992.0,register_id,1.0
parson000wes,Wes Parsons,1992-09-06,"Clarksville, TN, US",|parsonswes,|balsonswes,1992-09-06,1992,641149.0,14764.0,304bc49b,304bc49b-a30d-4058-81c1-640c037d4dbd,parsw001,parsowe01,parson000wes,14764.0,Parsons,Wes,Arthur Wesley,1992.0,9.0,6.0,2013.0,2024.0,2018.0,2024.0,Wes Parsons,1992-09-06,|parsonswes,|balsonswes,1992-09-06,1992.0,register_id,1.0
suarez002and,Andrew Suárez,1992-09-11,"Miami, FL, US",|andrewsuarez,|andlewsoalez,1992-09-11,1992,605498.0,18300.0,e49bd025,e49bd025-de3a-473e-88c1-5291fb061290,suara002,suarean01,suarez002and,18300.0,Suárez,Andrew,Andrew Jose,1992.0,9.0,11.0,2015.0,2024.0,2018.0,2023.0,Andrew Suárez,1992-09-11,|andrewsuarez,|andlewsoalez,1992-09-11,1992.0,register_id,1.0
morima000sha,Shawn Morimando,1992-11-20,"Canandaigua, NY, US",|morimandoshawn,|molimandosawn,1992-11-20,1992,596049.0,13606.0,2e129121,2e129121-b445-4ee5-a363-5953973f994d,moris001,morimsh01,morima000sha,13606.0,Morimando,Shawn,Shawn Peter,1992.0,11.0,20.0,2011.0,2026.0,2016.0,2021.0,Shawn Morimando,1992-11-20,|morimandoshawn,|molimandosawn,1992-11-20,1992.0,register_id,1.0
hart--000kyl,Kyle Hart,1992-11-23,"Cincinnati, OH, US",|hartkyle,|gylehald,1992-11-23,1992,606996.0,19646.0,1961b6c2,1961b6c2-6f2f-43f6-84dc-7d66d22997df,hartk002,hartky01,hart--000kyl,19646.0,Hart,Kyle,Kyle Patrick,1992.0,11.0,23.0,2016.0,2026.0,2020.0,2026.0,Kyle Hart,1992-11-23,|hartkyle,|gylehald,1992-11-23,1992.0,register_id,1.0
alcant001rau,Raúl Alcántara,1992-12-04,"Barahona, Barahona, DO",|alcantararaul,|algandalalaol,1992-12-04,1992,593417.0,12790.0,f48c91e3,f48c91e3-f97e-4688-aa8c-d60b1d03c444,alcar001,alcanra01,alcant001rau,12790.0,Alcántara,Raúl,Raúl,1992.0,12.0,4.0,2010.0,2026.0,2016.0,2017.0,Raúl Alcántara,1992-12-04,|alcantararaul,|algandalalaol,1992-12-04,1992.0,register_id,1.0
cave--000jak,Jake Cave,1992-12-04,"Hampton, VA, US",|cavejake,|gavejage,1992-12-04,1992,595909.0,14477.0,af6c285c,af6c285c-412b-4131-acb5-3a0fd9b24a6e,cavej001,caveja01,cave--000jak,14477.0,Cave,Jake,Andrew Jacob,1992.0,12.0,4.0,2011.0,2026.0,2018.0,2024.0,Jake Cave,1992-12-04,|cavejake,|gavejage,1992-12-04,1992.0,register_id,1.0
franco001end,Enderson Franco,1992-12-29,"Anaco, Anzoategui, VE",|endersonfranco,|endelsonflango,1992-12-29,1992,575070.0,11896.0,684fdfff,684fdfff-22f9-4a8a-862f-3dc05ffc33c2,frane001,francen01,franco001end,11896.0,Franco,Enderson,Enderson Daniel,1992.0,12.0,29.0,2010.0,2026.0,2019.0,2019.0,Enderson Franco,1992-12-29,|endersonfranco,|endelsonflango,1992-12-29,1992.0,register_id,1.0
naile-002jam,James Naile,1993-02-08,"Cape Girardeau, MO, US",|jamesnaile,|jamesnaile,1993-02-08,1993,664942.0,18186.0,1c2b9fbd,1c2b9fbd-660b-46c3-a2ad-3b5ec966f338,nailj001,naileja01,naile-002jam,18186.0,Naile,James,James Aubrey,1993.0,2.0,8.0,2015.0,2026.0,2022.0,2023.0,James Naile,1993-02-08,|jamesnaile,|jamesnaile,1993-02-08,1993.0,register_id,1.0
cron--000kev,Kevin Cron,1993-02-17,"Placentia, CA, US",|cronkevin,|gevinglon,1993-02-17,1993,605196.0,16211.0,df9faaf3,df9faaf3-3c0c-43d1-8539-df06d9c8aeba,cronk001,cronke01,cron--000kev,16211.0,Cron,Kevin,Kevin Scott,1993.0,2.0,17.0,2014.0,2023.0,2019.0,2020.0,Kevin Cron,1993-02-17,|cronkevin,|gevinglon,1993-02-17,1993.0,register_id,1.0
mengde000dan,Daniel Mengden,1993-02-19,"Houston, TX, US",|danielmengden,|danielmengden,1993-02-19,1993,596043.0,16980.0,089d933f,089d933f-0ee6-4f15-b15c-e85b33fcdae1,mengd001,mengdda01,mengde000dan,16980.0,Mengden,Daniel,Daniel Joseph,1993.0,2.0,19.0,2014.0,2026.0,2016.0,2022.0,Daniel Mengden,1993-02-19,|danielmengden,|danielmengden,1993-02-19,1993.0,register_id,1.0
rojas-008jos,Jose Rojas,1993-02-24,"Anaheim, CA, US",|joserojas,|joselojas,1993-02-24,1993,670351.0,19331.0,70f4cf84,70f4cf84-05af-4a02-abe3-1d921f62abe3,rojaj002,rojasjo02,rojas-008jos,19331.0,Rojas,José,José,1993.0,2.0,24.0,2016.0,2026.0,2021.0,2022.0,José Rojas,1993-02-24,|joserojas,|joselojas,1993-02-24,1993.0,register_id,1.0
fedde-000eri,Erick Fedde,1993-02-25,"Las Vegas, NV, US",|erickfedde,|eligfede,1993-02-25,1993,607200.0,17425.0,49f9de62,49f9de62-af13-4876-8f13-18da0412aa08,fedde001,feddeer01,fedde-000eri,17425.0,Fedde,Erick,Erick James,1993.0,2.0,25.0,2015.0,2026.0,2017.0,2026.0,Erick Fedde,1993-02-25,|erickfedde,|eligfede,1993-02-25,1993.0,register_id,1.0
stout-000eri,Eric Stout,1993-03-27,"Glen Ellyn, IL, US",|ericstout,|eligsdod,1993-03-27,1993,657770.0,16873.0,8b729ea5,8b729ea5-436d-42c0-80e3-33b1db4f0738,stoue001,stouter01,stout-000eri,16873.0,Stout,Eric,Eric Joseph,1993.0,3.0,27.0,2014.0,2026.0,2018.0,2022.0,Eric Stout,1993-03-27,|ericstout,|eligsdod,1993-03-27,1993.0,register_id,1.0
garcia004rob,Robel García,1993-03-28,"Las Matas de Farfan, San Juan, DO",|garciarobel,|galgialobel,1993-03-28,1993,596825.0,13167.0,e946ab98,e946ab98-7f4d-496d-a9a7-072c2df5baf5,garcr005,garciro02,garcia004rob,13167.0,García,Robel,Robel Estiwal,1993.0,3.0,28.0,2010.0,2024.0,2019.0,2021.0,Robel García,1993-03-28,|garciarobel,|galgialobel,1993-03-28,1993.0,register_id,1.0
rios--000yac,Yacksel Ríos,1993-06-27,"Caguas, PR",|riosyacksel,|liosyagsel,1993-06-27,1993,605441.0,15007.0,e1213964,e1213964-fbcd-4552-a924-3581ffe81866,riosy001,riosya01,rios--000yac,15007.0,Ríos,Yacksel,Yacksel,1993.0,6.0,27.0,2011.0,2026.0,2017.0,2026.0,Yacksel Ríos,1993-06-27,|riosyacksel,|liosyagsel,1993-06-27,1993.0,register_id,1.0
benjam000wes,Wes Benjamin,1993-07-26,"Winfield, IL, US",|benjaminwes,|benjaminwes,1993-07-26,1993,605138.0,19243.0,8ee7c964,8ee7c964-ee51-4962-b0b6-5481b60f4bb6,benjw001,benjawe01,benjam000wes,19243.0,Benjamin,Wes,Wesley Scott,1993.0,7.0,26.0,2015.0,2026.0,2020.0,2021.0,Wes Benjamin,1993-07-26,|benjaminwes,|benjaminwes,1993-07-26,1993.0,register_id,1.0
willia005nic,Nick Williams,1993-09-08,"Galveston, TX, US",|nickwilliams,|nigwiliams,1993-09-08,1993,608384.0,14330.0,a50734aa,a50734aa-7f30-4c6b-a115-eeb32eaf31de,willn001,willini01,willia005nic,14330.0,Williams,Nick,Billy Nicholas,1993.0,9.0,8.0,2012.0,2026.0,2017.0,2021.0,Nick Williams,1993-09-08,|nickwilliams,|nigwiliams,1993-09-08,1993.0,register_id,1.0
boushl000cal,Caleb Boushley,1993-10-01,"Hortonville, WI, US",|boushleycaleb,|bosleygaleb,1993-10-01,1993,676961.0,19736.0,13c816e1,13c816e1-050e-4fb2-881a-f7d0e9952a2b,bousc001,boushca01,boushl000cal,19736.0,Boushley,Caleb,Caleb J.,1993.0,10.0,1.0,2017.0,2026.0,2023.0,2025.0,Caleb Boushley,1993-10-01,|boushleycaleb,|bosleygaleb,1993-10-01,1993.0,register_id,1.0
dean--000aus,Austin Dean,1993-10-14,"Spring, TX, US",|austindean,|aosdindean,1993-10-14,1993,621573.0,18288.0,4bddf3ff,4bddf3ff-1d23-4144-a31e-dd4e6a77aa7e,deana001,deanau01,dean--000aus,18288.0,Dean,Austin,Austin James,1993.0,10.0,14.0,2012.0,2026.0,2018.0,2022.0,Austin Dean,1993-10-14,|austindean,|aosdindean,1993-10-14,1993.0,register_id,1.0
reks--000zac,Zach Reks,1993-11-12,"Chicago, IL, US",|rekszach,|legszaj,1993-11-12,1993,676646.0,19667.0,9414c99b,9414c99b-f55b-47fe-ae27-5686d6c06d85,reksz001,reksza01,reks--000zac,19667.0,Reks,Zach,Zach Joseph,1993.0,11.0,12.0,2017.0,2024.0,2021.0,2022.0,Zach Reks,1993-11-12,|rekszach,|legszaj,1993-11-12,1993.0,register_id,1.0
ramire000yef,Yefry Ramírez,1993-11-28,"Santo Domingo, Distrito Nacional, DO",|ramirezyefry,|lamilezyefly,1993-11-28,1993,606162.0,15655.0,95cc274e,95cc274e-e0a7-43f2-9052-341923583901,ramiy001,ramirye01,ramire000yef,15655.0,Ramírez,Yefry,Yefry,1993.0,11.0,28.0,2011.0,2024.0,2018.0,2021.0,Yefry Ramírez,1993-11-28,|ramirezyefry,|lamilezyefly,1993-11-28,1993.0,register_id,1.0
castro000har,Harold Castro,1993-11-30,"Caracas, Distrito Federal, VE",|castroharold,|gasdlohalold,1993-11-30,1993,605612.0,14691.0,a875e87a,a875e87a-5c74-4421-90bb-0964995b3a3a,casth001,castrha01,castro000har,14691.0,Castro,Harold,Harold Arnaldo,1993.0,11.0,30.0,2011.0,2026.0,2018.0,2023.0,Harold Castro,1993-11-30,|castroharold,|gasdlohalold,1993-11-30,1993.0,register_id,1.0
chirin000yon,Yonny Chirinos,1993-12-26,"Bachaquero, Zulia, VE",|chirinosyonny,|jilinosyony,1993-12-26,1993,630023.0,16401.0,5d24f42b,5d24f42b-4462-4e72-8834-27a2396e3c6a,chiry001,chiriyo01,chirin000yon,16401.0,Chirinos,Yonny,Yonny Enrique,1993.0,12.0,26.0,2013.0,2026.0,2018.0,2024.0,Yonny Chirinos,1993-12-26,|chirinosyonny,|jilinosyony,1993-12-26,1993.0,register_id,1.0
pinto-000ric,Ricardo Pinto,1994-01-20,"Guacara, Carabobo, VE",|pintoricardo,|bindoligaldo,1994-01-20,1994,620982.0,16318.0,4b8605b1,4b8605b1-d63a-4802-810e-cbe3d0918579,pintr002,pintori01,pinto-000ric,16318.0,Pinto,Ricardo,Ricardo Antonio,1994.0,1.0,20.0,2012.0,2026.0,2017.0,2024.0,Ricardo Pinto,1994-01-20,|pintoricardo,|bindoligaldo,1994-01-20,1994.0,register_id,1.0
russel001add,Addison Russell,1994-01-23,"Pensacola, FL, US",|addisonrussell,|adisonlosel,1994-01-23,1994,608365.0,14106.0,aaa12c34,aaa12c34-936c-4b66-a7dc-7d9472e20cc3,russa002,russead02,russel001add,14106.0,Russell,Addison,Addison Wayne,1994.0,1.0,23.0,2012.0,2026.0,2015.0,2019.0,Addison Russell,1994-01-23,|addisonrussell,|adisonlosel,1994-01-23,1994.0,register_id,1.0
irvin-000col,Cole Irvin,1994-01-31,"Anaheim, CA, US",|coleirvin,|goleilvin,1994-01-31,1994,608344.0,19244.0,e3a8ddad,e3a8ddad-1560-4f3f-9bc9-9a612285e5ed,irvic001,irvinco01,irvin-000col,19244.0,Irvin,Cole,Cole RJ,1994.0,1.0,31.0,2016.0,2026.0,2019.0,2026.0,Cole Irvin,1994-01-31,|coleirvin,|goleilvin,1994-01-31,1994.0,register_id,1.0
thomps000jak,Jake Thompson,1994-01-31,"Dallas, TX, US",|jakethompson,|dombsonjage,1994-01-31,1994,622097.0,14371.0,2e2243f8,2e2243f8-e615-45a6-9807-34c2fe1f3596,thomj007,thompja03,thomps000jak,14371.0,Thompson,Jake,Jacob Keith,1994.0,1.0,31.0,2012.0,2025.0,2016.0,2018.0,Jake Thompson,1994-01-31,|jakethompson,|dombsonjage,1994-01-31,1994.0,register_id,1.0
hillia000sam,Sam Hilliard,1994-02-21,"Mansfield, TX, US",|hilliardsam,|hilialdsam,1994-02-21,1994,656541.0,17954.0,fb919e94,fb919e94-a6e8-4101-bca3-d8b21cdad076,hills005,hillisa01,hillia000sam,17954.0,Hilliard,Sam,Samuel Beauman,1994.0,2.0,21.0,2015.0,2026.0,2019.0,2025.0,Sam Hilliard,1994-02-21,|hilliardsam,|hilialdsam,1994-02-21,1994.0,register_id,1.0
anders012and,Drew Anderson,1994-03-22,"Reno, NV, US",|andersondrew,|andelsondlew,1994-03-22,1994,623454.0,15130.0,db4baaee,db4baaee-e072-4d73-b95a-f476e73028a0,anded003,anderdr02,anders012and,15130.0,Anderson,Drew,Andrew James,1994.0,3.0,22.0,2012.0,2026.0,2017.0,2026.0,Drew Anderson,1994-03-22,|andersondrew,|andelsondlew,1994-03-22,1994.0,register_id,1.0
ponce-000cod,Cody Ponce,1994-04-25,"Pomona, CA, US",|codyponce,|bongegody,1994-04-25,1994,664074.0,17920.0,d931d78a,d931d78a-b3d0-4fe6-b1dd-dd5fe12291d5,poncc002,ponceco01,ponce-000cod,17920.0,Ponce,Cody,Cody Joe,1994.0,4.0,25.0,2015.0,2026.0,2020.0,2026.0,Cody Ponce,1994-04-25,|codyponce,|bongegody,1994-04-25,1994.0,register_id,1.0
pannon000tho,Thomas Pannone,1994-04-28,"Cranston, RI, US",|pannonethomas,|banonedomas,1994-04-28,1994,623381.0,17281.0,1cef2b12,1cef2b12-cb63-433f-a2fa-c1311e115b5a,pannt001,pannoth01,pannon000tho,17281.0,Pannone,Thomas,Thomas Edward,1994.0,4.0,28.0,2013.0,2026.0,2018.0,2026.0,Thomas Pannone,1994-04-28,|pannonethomas,|banonedomas,1994-04-28,1994.0,register_id,1.0
locket000and,Walker Lockett,1994-05-03,"Jacksonville, FL, US",|lockettwalker,|logedwalgel,1994-05-03,1994,621141.0,13804.0,a1a27de6,a1a27de6-f7e1-49f5-a007-7bd3d7458ee3,lockw001,lockewa01,locket000and,13804.0,Lockett,Walker,Andrew Walker,1994.0,5.0,3.0,2012.0,2024.0,2018.0,2020.0,Walker Lockett,1994-05-03,|lockettwalker,|logedwalgel,1994-05-03,1994.0,register_id,1.0
sulser000bea,Beau Sulser,1994-05-05,"Escondido, CA, US",|beausulser,|beaosolsel,1994-05-05,1994,676641.0,23420.0,63bf6c51,63bf6c51-abc1-44b1-8df3-5fe8498eb6d1,sulsb001,sulsebe01,sulser000bea,23420.0,Sulser,Beau,Beau Grayson,1994.0,5.0,5.0,2017.0,2025.0,2022.0,2022.0,Beau Sulser,1994-05-05,|beausulser,|beaosolsel,1994-05-05,1994.0,register_id,1.0
ruiz--001rio,Rio Ruiz,1994-05-22,"Covina, CA, US",|rioruiz,|lioliz,1994-05-22,1994,547004.0,14103.0,8080aa83,8080aa83-65fb-4cd9-b971-8677892fdbee,ruizr002,ruizri01,ruiz--001rio,14103.0,Ruiz,Rio,Rio Noble,1994.0,5.0,22.0,2012.0,2026.0,2016.0,2021.0,Rio Ruiz,1994-05-22,|rioruiz,|lioliz,1994-05-22,1994.0,register_id,1.0
steven002and,Andrew Stevenson,1994-06-01,"Lafayette, LA, US",|andrewstevenson,|andlewsdevenson,1994-06-01,1994,664057.0,17932.0,2affeb81,2affeb81-d653-4b8e-a016-652a992f0f6e,steva001,stevean01,steven002and,17932.0,Stevenson,Andrew,Andrew Patrick,1994.0,6.0,1.0,2015.0,2026.0,2017.0,2023.0,Andrew Stevenson,1994-06-01,|andrewstevenson,|andlewsdevenson,1994-06-01,1994.0,register_id,1.0
waddel000bra,Brandon Waddell,1994-06-03,"Houston, TX, US",|brandonwaddell,|blandonwadel,1994-06-03,1994,663399.0,18347.0,a9bc8178,a9bc8178-ab1a-4f51-b96e-60951c17ba8a,waddb001,waddebr01,waddel000bra,18347.0,Waddell,Brandon,Brandon David,1994.0,6.0,3.0,2015.0,2026.0,2020.0,2025.0,Brandon Waddell,1994-06-03,|brandonwaddell,|blandonwadel,1994-06-03,1994.0,register_id,1.0
flexen000chr,Chris Flexen,1994-07-01,"Newark, CA, US",|chrisflexen,|flexenjlis,1994-07-01,1994,623167.0,13896.0,ec5256d7,ec5256d7-d71b-4939-a9ff-282b83159872,flexc001,flexech01,flexen000chr,13896.0,Flexen,Chris,Christopher John,1994.0,7.0,1.0,2012.0,2026.0,2017.0,2025.0,Chris Flexen,1994-07-01,|chrisflexen,|flexenjlis,1994-07-01,1994.0,register_id,1.0
alford000ant,Anthony Alford,1994-07-20,"Columbia, MS, US",|alfordanthony,|alfoldandony,1994-07-20,1994,546990.0,14329.0,bca6e25a,bca6e25a-ff4b-4d64-82b5-89ab2502529a,alfoa002,alforan01,alford000ant,14329.0,Alford,Anthony,Anthony Joseph,1994.0,7.0,20.0,2012.0,2024.0,2017.0,2022.0,Anthony Alford,1994-07-20,|alfordanthony,|alfoldandony,1994-07-20,1994.0,register_id,1.0
crowe-000wil,Wil Crowe,1994-09-09,"Kingston, TN, US",|crowewil,|glowewil,1994-09-09,1994,640444.0,19800.0,2ae80f94,2ae80f94-929b-495f-9c47-b05debc99215,croww001,crowewi01,crowe-000wil,19800.0,Crowe,Wil,William Chandler,1994.0,9.0,9.0,2017.0,2025.0,2020.0,2023.0,Wil Crowe,1994-09-09,|crowewil,|glowewil,1994-09-09,1994.0,register_id,1.0
castan000dan,Daniel Castano,1994-09-17,"Orlando, FL, US",|castanodaniel,|danielgasdano,1994-09-17,1994,641447.0,19805.0,dd4cb2e1,dd4cb2e1-eb1d-4bb3-94b0-0002f6ff3d4f,castd003,castada01,castan000dan,19805.0,Castano,Daniel,Daniel Alexander,1994.0,9.0,17.0,2016.0,2024.0,2020.0,2023.0,Daniel Castano,1994-09-17,|castanodaniel,|danielgasdano,1994-09-17,1994.0,register_id,1.0
hatch-000tom,Thomas Hatch,1994-09-29,"Tulsa, OK, US",|hatchthomas,|domashadj,1994-09-29,1994,641672.0,19264.0,e81461e4,e81461e4-10b3-45bb-a2bd-6de379247f16,hatct001,hatchto01,hatch-000tom,19264.0,Hatch,Thomas,John Thomas,1994.0,9.0,29.0,2017.0,2026.0,2020.0,2025.0,Thomas Hatch,1994-09-29,|hatchthomas,|domashadj,1994-09-29,1994.0,register_id,1.0
reyes-002vic,Víctor Reyes,1994-10-05,"Barcelona, Anzoategui, VE",|reyesvictor,|leyesvigdol,1994-10-05,1994,622682.0,15487.0,078fd3ec,078fd3ec-898f-46f1-81fa-b189deebb38a,reyev001,reyesvi01,reyes-002vic,15487.0,Reyes,Víctor,Víctor José,1994.0,10.0,5.0,2012.0,2026.0,2018.0,2022.0,Víctor Reyes,1994-10-05,|reyesvictor,|leyesvigdol,1994-10-05,1994.0,register_id,1.0
oller-000ada,Adam Oller,1994-10-17,"Conroe, TX, US",|adamoller,|adamolel,1994-10-17,1994,670124.0,20132.0,5e7c5e7c,5e7c5e7c-6ccf-4428-922e-fd2e066fc5f3,ollea001,ollerad01,oller-000ada,20132.0,Oller,Adam,Adam Samuel,1994.0,10.0,17.0,2016.0,2026.0,2022.0,2024.0,Adam Oller,1994-10-17,|adamoller,|adamolel,1994-10-17,1994.0,register_id,1.0
widene000tay,Taylor Widener,1994-10-24,"Aiken, SC, US",|taylorwidener,|daylolwidenel,1994-10-24,1994,642203.0,19266.0,fefff655,fefff655-093b-4f9a-b579-3baeab9da959,widet001,widenta01,widene000tay,19266.0,Widener,Taylor,Taylor Browning,1994.0,10.0,24.0,2016.0,2024.0,2020.0,2022.0,Taylor Widener,1994-10-24,|taylorwidener,|daylolwidenel,1994-10-24,1994.0,register_id,1.0
anders000sha,Shaun Anderson,1994-10-29,"Coral Springs, FL, US",|andersonshaun,|andelsonsaon,1994-10-29,1994,641312.0,19453.0,f5dadbc8,f5dadbc8-71a6-41bf-9951-f5bc45a146a5,andes002,andersh01,anders000sha,19453.0,Anderson,Shaun,Shaun,1994.0,10.0,29.0,2016.0,2026.0,2019.0,2026.0,Shaun Anderson,1994-10-29,|andersonshaun,|andelsonsaon,1994-10-29,1994.0,register_id,1.0
craig-003wil,Will Craig,1994-11-16,"Johnson City, TN, US",|craigwill,|glaigwil,1994-11-16,1994,643269.0,19267.0,204251d8,204251d8-07fb-4b15-b2c4-72c23826ac93,craiw001,craigwi01,craig-003wil,19267.0,Craig,Will,William Isaac,1994.0,11.0,16.0,2016.0,2021.0,2020.0,2021.0,Will Craig,1994-11-16,|craigwill,|glaigwil,1994-11-16,1994.0,register_id,1.0
tully-000tan,Tanner Tully,1994-11-30,"Elkhart, IN, US",|tannertully,|daneldoly,1994-11-30,1994,668684.0,19518.0,21411783,21411783-728d-4a3b-b5b7-5ab9e18267a6,tullt001,tullyta01,tully-000tan,19518.0,Tully,Tanner,Tanner Paul,1994.0,11.0,30.0,2016.0,2025.0,2022.0,2022.0,Tanner Tully,1994-11-30,|tannertully,|daneldoly,1994-11-30,1994.0,register_id,1.0
mackin000dav,David MacKinnon,1994-12-15,"Easton, MA, US",|davidmackinnon,|davidmaginon,1994-12-15,1994,676950.0,19625.0,f0e8ad14,f0e8ad14-7f0f-4429-b045-5c716853adfe,mackd001,mackida01,mackin000dav,19625.0,MacKinnon,David,David C.,1994.0,12.0,15.0,2017.0,2024.0,2022.0,2022.0,David MacKinnon,1994-12-15,|davidmackinnon,|davidmaginon,1994-12-15,1994.0,register_id,1.0
white-000mit,Mitch White,1994-12-28,"San Jose, CA, US",|mitchwhite,|midjwhide,1994-12-28,1994,669952.0,19225.0,d78cfa81,d78cfa81-dae8-4b18-9eef-1066bcf6849d,whitm004,whitemi03,white-000mit,19225.0,White,Mitch,Mitchell Harrison,1994.0,12.0,28.0,2016.0,2026.0,2020.0,2024.0,Mitch White,1994-12-28,|mitchwhite,|midjwhide,1994-12-28,1994.0,register_id,1.0
zimmer002bru,Bruce Zimmermann,1995-02-09,"Baltimore, MD, US",|brucezimmermann,|blogezimelman,1995-02-09,1995,669145.0,20370.0,43ae4098,43ae4098-7890-42d8-ae88-eac416c5f6bd,zimmb002,zimmebr02,zimmer002bru,20370.0,Zimmermann,Bruce,Bruce Anthony,1995.0,2.0,9.0,2017.0,2026.0,2020.0,2026.0,Bruce Zimmermann,1995-02-09,|brucezimmermann,|blogezimelman,1995-02-09,1995.0,register_id,1.0
hernan002eli,Elieser Hernández,1995-05-03,"Ocumare del Tuy, Miranda, VE",|elieserhernandez,|elieselhelnandez,1995-05-03,1995,622694.0,16933.0,2ee778f1,2ee778f1-a7cf-44be-aefd-0fd166caf3ce,herne002,hernael01,hernan002eli,16933.0,Hernández,Elieser,Elieser Alexis,1995.0,5.0,3.0,2012.0,2026.0,2018.0,2026.0,Elieser Hernández,1995-05-03,|elieserhernandez,|elieselhelnandez,1995-05-03,1995.0,register_id,1.0
dawson002ron,Ronnie Dawson,1995-05-19,"Grove City, OH, US",|dawsonronnie,|dawsonlonie,1995-05-19,1995,669008.0,19710.0,7e7ebe04,7e7ebe04-9d44-479f-930f-c8a27e58d854,dawsr001,dawsoro01,dawson002ron,19710.0,Dawson,Ronnie,Ronnie Silas,1995.0,5.0,19.0,2016.0,2026.0,2021.0,2022.0,Ronnie Dawson,1995-05-19,|dawsonronnie,|dawsonlonie,1995-05-19,1995.0,register_id,1.0
lauer-000eri,Eric Lauer,1995-06-03,"Elyria, OH, US",|ericlauer,|eliglaoel,1995-06-03,1995,641778.0,19316.0,2a54e253,2a54e253-c75b-400c-a48e-f55c9be3d4be,lauee001,lauerer01,lauer-000eri,19316.0,Lauer,Eric,Eric Lance,1995.0,6.0,3.0,2016.0,2026.0,2018.0,2026.0,Eric Lauer,1995-06-03,|ericlauer,|eliglaoel,1995-06-03,1995.0,register_id,1.0
murphy011pat,Patrick Murphy,1995-06-10,"Chandler, AZ, US",|murphypatrick,|badligmolby,1995-06-10,1995,641907.0,19712.0,662aaa53,662aaa53-c126-4f53-8935-18ca4a6cccc1,murpp001,murphpa02,murphy011pat,19712.0,Murphy,Patrick,Patrick Brian,1995.0,6.0,10.0,2014.0,2026.0,2020.0,2022.0,Patrick Murphy,1995-06-10,|murphypatrick,|badligmolby,1995-06-10,1995.0,register_id,1.0
dugger000rob,Robert Dugger,1995-07-03,"Tucson, AZ, US",|duggerrobert,|dogellobeld,1995-07-03,1995,667498.0,19191.0,a618ff82,a618ff82-bc3a-48c9-92f0-8355ebc5e428,duggr001,duggero01,dugger000rob,19191.0,Dugger,Robert,Robert Lee,1995.0,7.0,3.0,2016.0,2026.0,2019.0,2022.0,Robert Dugger,1995-07-03,|duggerrobert,|dogellobeld,1995-07-03,1995.0,register_id,1.0
brooks000tre,Trenton Brooks,1995-07-03,"Alpine, CA, US",|brookstrenton,|blogsdlendon,1995-07-03,1995,670092.0,19384.0,94c26964,94c26964-55c0-4688-abb2-20e49c392556,broot002,brooktr01,brooks000tre,19384.0,Brooks,Trenton,Trenton Alan,1995.0,7.0,3.0,2016.0,2026.0,2024.0,2025.0,Trenton Brooks,1995-07-03,|brookstrenton,|blogsdlendon,1995-07-03,1995.0,register_id,1.0
rosenb000ken,Kenny Rosenberg,1995-07-09,"Mill Valley, CA, US",|kennyrosenberg,|genylosenbelg,1995-07-09,1995,670046.0,20009.0,4684ff6d,4684ff6d-df38-4b3c-a664-28e8c5f4ccd6,rosek001,rosenke01,rosenb000ken,20009.0,Rosenberg,Kenny,Kenneth Walter,1995.0,7.0,9.0,2016.0,2026.0,2022.0,2024.0,Kenny Rosenberg,1995-07-09,|kennyrosenberg,|genylosenbelg,1995-07-09,1995.0,register_id,1.0
young-000jar,Jared Young,1995-07-09,"Prince George, BC, CA",|jaredyoung,|jaledyong,1995-07-09,1995,676724.0,20404.0,bb16b27a,bb16b27a-973d-43b8-8096-d8090f619c57,younj003,youngja02,young-000jar,20404.0,Young,Jared,Jared M.,1995.0,7.0,9.0,2017.0,2026.0,2022.0,2026.0,Jared Young,1995-07-09,|jaredyoung,|jaledyong,1995-07-09,1995.0,register_id,1.0
garabi000ger,Gerson Garabito,1995-08-19,"San Cristobal, San Cristobal, DO",|garabitogerson,|galabidogelson,1995-08-19,1995,642520.0,19835.0,a9a38fc7,a9a38fc7-6b3e-4c8d-82d5-095ba8fa5903,garag001,garabge01,garabi000ger,19835.0,Garabito,Gerson,Gerson Yeris,1995.0,8.0,19.0,2013.0,2026.0,2024.0,2025.0,Gerson Garabito,1995-08-19,|garabitogerson,|galabidogelson,1995-08-19,1995.0,register_id,1.0
martin007jas,Jason Martin,1995-09-05,"Corona, CA, US",|jasonmartin,|jasonmaldin,1995-09-05,1995,641829.0,16429.0,b7811846,b7811846-dda8-4c4d-b549-73ccfd5b3893,martj009,martija03,martin007jas,16429.0,Martin,Jason,Jason,1995.0,9.0,5.0,2013.0,2024.0,2019.0,2021.0,Jason Martin,1995-09-05,|jasonmartin,|jasonmaldin,1995-09-05,1995.0,register_id,1.0
barnes006cha,Charlie Barnes,1995-10-01,"Sumter, SC, US",|barnescharlie,|balnesjalie,1995-10-01,1995,656212.0,19865.0,8a1da0aa,8a1da0aa-e8fb-4fe4-aea7-f27fb207e489,barnc002,barnech01,barnes006cha,19865.0,Barnes,Charlie,Charles Segars,1995.0,10.0,1.0,2017.0,2026.0,2021.0,2026.0,Charlie Barnes,1995-10-01,|barnescharlie,|balnesjalie,1995-10-01,1995.0,register_id,1.0
mccart000kir,Kirk McCarty,1995-10-12,"Hattiesburg, MS, US",|kirkmccarty,|gilgmgaldy,1995-10-12,1995,668948.0,20555.0,88f40ffa,88f40ffa-c443-4b42-a7d4-79f6f6b14e78,mccak003,mccarki01,mccart000kir,20555.0,McCarty,Kirk,Kirkland Morgan,1995.0,10.0,12.0,2017.0,2024.0,2022.0,2022.0,Kirk McCarty,1995-10-12,|kirkmccarty,|gilgmgaldy,1995-10-12,1995.0,register_id,1.0
kim---001ha-,Ha-Seong Kim,1995-10-17,"Bucheon, Gyeonggi, KR",KIM|haseong,KIM|hasong,1995-10-17,1995,673490.0,27506.0,ea8147e5,ea8147e5-fd5a-4f4e-9845-125085cefbf1,kim-h002,kimha01,kim---001ha-,27506.0,Kim,Ha-Seong,Ha-Seong,1995.0,10.0,17.0,2014.0,2026.0,2021.0,2026.0,Ha-Seong Kim,1995-10-17,KIM|haseong,KIM|hasong,1995-10-17,1995.0,register_id,1.0
beasle001jer,Jeremy Beasley,1995-11-20,"Lyons, GA, US",|beasleyjeremy,|beasleyjelemy,1995-11-20,1995,676886.0,20205.0,0262d3d7,0262d3d7-3033-48d3-a620-0cc56f4f56e2,beasj001,beaslje01,beasle001jer,20205.0,Beasley,Jeremy,Jeremy Lonnie,1995.0,11.0,20.0,2017.0,2026.0,2020.0,2022.0,Jeremy Beasley,1995-11-20,|beasleyjeremy,|beasleyjelemy,1995-11-20,1995.0,register_id,1.0
garret000sto,Stone Garrett,1995-11-22,"Sugar Land, TX, US",|garrettstone,|galedsdone,1995-11-22,1995,656448.0,19273.0,fd4a3ce6,fd4a3ce6-444d-406f-a606-f816e31a76ec,garrs003,garrest01,garret000sto,19273.0,Garrett,Stone,Gregory Stone,1995.0,11.0,22.0,2014.0,2025.0,2022.0,2024.0,Stone Garrett,1995-11-22,|garrettstone,|galedsdone,1995-11-22,1995.0,register_id,1.0
peters000dj-,DJ Peters,1995-12-12,"Glendora, CA, US",|djpeters,|bedelsdj,1995-12-12,1995,656847.0,19348.0,5ce841fc,5ce841fc-f3dc-4a70-afbf-d7c3f75e9785,peted004,peterdj01,peters000dj-,19348.0,Peters,DJ,Donald Scott,1995.0,12.0,12.0,2016.0,2024.0,2021.0,2021.0,DJ Peters,1995-12-12,|djpeters,|bedelsdj,1995-12-12,1995.0,register_id,1.0
libera000lui,Luis Liberato,1995-12-18,"La Canela, Santiago, DO",|liberatoluis,|libeladolis,1995-12-18,1995,642451.0,17307.0,e4c26dcf,e4c26dcf-35b9-47e7-abf3-135cd40f76bf,libel001,liberlu01,libera000lui,17307.0,Liberato,Luis,Luis David,1995.0,12.0,18.0,2013.0,2026.0,2022.0,2022.0,Luis Liberato,1995-12-18,|liberatoluis,|libeladolis,1995-12-18,1995.0,register_id,1.0
paddac000chr,Chris Paddack,1996-01-08,"Austin, TX, US",|chrispaddack,|badagjlis,1996-01-08,1996,663978.0,20099.0,606031bf,606031bf-cff1-4c35-98e9-aa8b24c0dbc7,paddc001,paddach01,paddac000chr,20099.0,Paddack,Chris,Christopher Joseph,1996.0,1.0,8.0,2015.0,2026.0,2019.0,2026.0,Chris Paddack,1996-01-08,|chrispaddack,|badagjlis,1996-01-08,1996.0,register_id,1.0
seabol000con,Connor Seabold,1996-01-24,"Laguna Hills, CA, US",|connorseabold,|gonolseabold,1996-01-24,1996,657756.0,19695.0,6a5ae81f,6a5ae81f-513e-413f-8f06-513e5b659919,seabc001,seaboco01,seabol000con,19695.0,Seabold,Connor,Connor,1996.0,1.0,24.0,2017.0,2026.0,2021.0,2026.0,Connor Seabold,1996-01-24,|connorseabold,|gonolseabold,1996-01-24,1996.0,register_id,1.0
jurado000ari,Ariel Jurado,1996-01-30,"Aguadulce, Cocle, PA",|arieljurado,|alieljolado,1996-01-30,1996,642558.0,17030.0,3ae1ff44,3ae1ff44-179c-4626-ade5-73bcc5af521b,juraa001,juradar01,jurado000ari,17030.0,Jurado,Ariel,Ariel Bolivar,1996.0,1.0,30.0,2013.0,2026.0,2018.0,2020.0,Ariel Jurado,1996-01-30,|arieljurado,|alieljolado,1996-01-30,1996.0,register_id,1.0
madris000bli,Bligh Madris,1996-02-29,"Las Vegas, NV, US",|blighmadris,|bligmadlis,1996-02-29,1996,676632.0,20054.0,1ca6b104,1ca6b104-0eaf-43b5-a897-5d982d5686de,madrb002,madribl01,madris000bli,20054.0,Madris,Bligh,Bligh John,1996.0,2.0,29.0,2017.0,2026.0,2022.0,2024.0,Bligh Madris,1996-02-29,|blighmadris,|bligmadlis,1996-02-29,1996.0,register_id,1.0
davids000tuc,Tucker Davidson,1996-03-25,"Amarillo, TX, US",|davidsontucker,|davidsondogel,1996-03-25,1996,656353.0,19871.0,4cdf1c3b,4cdf1c3b-4c02-421c-be03-cfe2a93cd998,davit005,davidtu01,davids000tuc,19871.0,Davidson,Tucker,Joseph Tucker,1996.0,3.0,25.0,2016.0,2026.0,2020.0,2024.0,Tucker Davidson,1996-03-25,|davidsontucker,|davidsondogel,1996-03-25,1996.0,register_id,1.0
logue-000zac,Zach Logue,1996-04-23,"Mason, OH, US",|loguezach,|logoezaj,1996-04-23,1996,656657.0,20231.0,c49fb440,c49fb440-0eab-4745-a52f-3836313e788b,loguz001,logueza01,logue-000zac,20231.0,Logue,Zach,Zach Michael,1996.0,4.0,23.0,2017.0,2026.0,2022.0,2024.0,Zach Logue,1996-04-23,|loguezach,|logoezaj,1996-04-23,1996.0,register_id,1.0
barria000jai,Jaime Barria,1996-07-18,"Panama, Panama, PA",|barriajaime,|baliajaime,1996-07-18,1996,642545.0,18356.0,07fce01b,07fce01b-a7dc-496f-9ce5-9c47f55d6f4c,barrj003,barrija01,barria000jai,18356.0,Barría,Jaime,Jaime Jonathan,1996.0,7.0,18.0,2013.0,2026.0,2018.0,2023.0,Jaime Barría,1996-07-18,|barriajaime,|baliajaime,1996-07-18,1996.0,register_id,1.0
alldre000cam,Cam Alldred,1996-07-25,"Batavia, OH, US",|alldredcam,|aldledgam,1996-07-25,1996,682027.0,25078.0,f47dcdd9,f47dcdd9-e7bf-4676-8be8-8a5ccb305d03,alldc001,alldrca01,alldre000cam,25078.0,Alldred,Cam,Cameron Mitchell,1996.0,7.0,25.0,2018.0,2026.0,2022.0,2022.0,Cam Alldred,1996-07-25,|alldredcam,|aldledgam,1996-07-25,1996.0,register_id,1.0
hiura-000kes,Keston Hiura,1996-08-02,"Valencia, CA, US",|hiurakeston,|gesdonhiola,1996-08-02,1996,669374.0,20003.0,a7ffba2f,a7ffba2f-1d43-40ba-af52-a6d4c7840ec5,hiurk001,hiurake01,hiura-000kes,20003.0,Hiura,Keston,Keston Wee Hing Natsuo,1996.0,8.0,2.0,2017.0,2026.0,2019.0,2025.0,Keston Hiura,1996-08-02,|hiurakeston,|gesdonhiola,1996-08-02,1996.0,register_id,1.0
song--000sun,Sung-Mun Song,1996-08-29,"Seoul, KR",SONG|munsung,SONG|monsong,1996-08-29,1996,823550.0,,1bcfaf3f,1bcfaf3f-4b88-4c88-8134-4805043516cb,,songsu01,song--000sun,,Song,Sung Mun,Sung Mun,1996.0,8.0,29.0,2015.0,2026.0,2026.0,2026.0,Sung Mun Song,1996-08-29,SONG|munsung,SONG|monsong,1996-08-29,1996.0,register_id,1.0
reyes-002den,Denyi Reyes,1996-11-02,"San Cristobal, San Cristobal, DO",|denyireyes,|denileyes,1996-11-02,1996,660593.0,20526.0,5bfc8402,5bfc8402-0397-45ee-8609-ef2a3d09d693,reyed002,reyesde02,reyes-002den,20526.0,Reyes,Denyi,Denyi,1996.0,11.0,2.0,2015.0,2026.0,2022.0,2023.0,Denyi Reyes,1996-11-02,|denyireyes,|denileyes,1996-11-02,1996.0,register_id,1.0
diaz--000lew,Lewin Díaz,1996-11-19,"Santiago, Santiago, DO",|diazlewin,|diazlewin,1996-11-19,1996,650331.0,18365.0,2c28236a,2c28236a-0920-4721-8ca9-3dbf9b6a48bc,diazl001,diazle01,diaz--000lew,18365.0,Díaz,Lewin,Lewin Jose,1996.0,11.0,19.0,2014.0,2026.0,2020.0,2022.0,Lewin Díaz,1996-11-19,|diazlewin,|diazlewin,1996-11-19,1996.0,register_id,1.0
weiss-000rya,Ryan Weiss,1996-12-10,"South Elgin, IL, US",|ryanweiss,|lyanweis,1996-12-10,1996,680802.0,,0b4b9e44,0b4b9e44-baa0-4757-a533-0a19d2d9702e,,weissry01,weiss-000rya,,Weiss,Ryan,Ryan,1996.0,12.0,10.0,2018.0,2026.0,2026.0,2026.0,Ryan Weiss,1996-12-10,|ryanweiss,|lyanweis,1996-12-10,1996.0,register_id,1.0
dejesu001enm,Enmanuel De Jesus,1996-12-10,"Valencia, Carabobo, VE",|deenmanueljesus,|deenmanoeljesos,1996-12-10,1996,646241.0,18554.0,add3cad1,add3cad1-3165-4cf9-a6eb-0b88d9066b14,dejee001,dejesen01,dejesu001enm,18554.0,De Jesus,Enmanuel,Enmanuel Jose,1996.0,12.0,10.0,2014.0,2026.0,2023.0,2026.0,Enmanuel De Jesus,1996-12-10,|deenmanueljesus,|deenmanoeljesos,1996-12-10,1996.0,register_id,1.0
medina000ado,Adonis Medina,1996-12-18,"Santo Domingo Centro, Distrito Nacional, DO",|adonismedina,|adonismedina,1996-12-18,1996,658431.0,19903.0,4262edec,4262edec-46b6-46f9-a9da-368a1efbca0a,media001,medinad01,medina000ado,19903.0,Medina,Adonis,Adonis,1996.0,12.0,18.0,2014.0,2026.0,2020.0,2022.0,Adonis Medina,1996-12-18,|adonismedina,|adonismedina,1996-12-18,1996.0,register_id,1.0
avila-003ped,Pedro Avila,1997-01-14,"Caracas, Distrito Federal, VE",|avilapedro,|avilabedlo,1997-01-14,1997,658648.0,18864.0,9bf5560e,9bf5560e-8c18-4843-81ee-1a7c7c38240d,avilp001,avilape01,avila-003ped,18864.0,Avila,Pedro,Pedro Manuel,1997.0,1.0,14.0,2015.0,2026.0,2019.0,2024.0,Pedro Avila,1997-01-14,|avilapedro,|avilabedlo,1997-01-14,1997.0,register_id,1.0
camero000daz,Daz Cameron,1997-01-15,"McDonough, GA, US",|camerondaz,|dazgamelon,1997-01-15,1997,663662.0,18353.0,de4d33e2,de4d33e2-7d08-4909-a8e4-172308a6cd51,camed001,camerda01,camero000daz,18353.0,Cameron,Daz,Dazmon Jaroid,1997.0,1.0,15.0,2015.0,2026.0,2020.0,2026.0,Daz Cameron,1997-01-15,|camerondaz,|dazgamelon,1997-01-15,1997.0,register_id,1.0
gamboa000ale,Alec Gamboa,1997-01-17,"Madera, CA, US",|alecgamboa,|aleggamboa,1997-01-17,1997,687941.0,,f9212e66,f9212e66-53cf-4cf6-a685-885a4001f7de,,gamboal01,gamboa000ale,,Gamboa,Alec,Alec Durbin,1997.0,1.0,17.0,2019.0,2026.0,2026.0,2026.0,Alec Gamboa,1997-01-17,|alecgamboa,|aleggamboa,1997-01-17,1997.0,register_id,1.0
sanche005ric,Ricardo Sánchez,1997-04-11,"Puerto Cabello, Carabobo, VE",|ricardosanchez,|ligaldosanjez,1997-04-11,1997,645307.0,17581.0,3a74da65,3a74da65-9542-4c90-904a-639c83b307c4,sancr003,sanchri01,sanche005ric,17581.0,Sánchez,Ricardo,Ricardo Jose,1997.0,4.0,11.0,2014.0,2026.0,2020.0,2020.0,Ricardo Sánchez,1997-04-11,|ricardosanchez,|ligaldosanjez,1997-04-11,1997.0,register_id,1.0
allen-000log,Logan Allen,1997-05-23,"West Palm Beach, FL, US",|allenlogan,|alenlogan,1997-05-23,1997,663531.0,18555.0,ef52e19c,ef52e19c-f385-400b-a683-284cf3f29e97,allel002,allenlo01,allen-000log,18555.0,Allen,Logan,Logan Shane,1997.0,5.0,23.0,2015.0,2026.0,2019.0,2024.0,Logan Allen,1997-05-23,|allenlogan,|alenlogan,1997-05-23,1997.0,register_id,1.0
daniel008dav,Davis Daniel,1997-06-11,"Atlanta, GA, US",|danieldavis,|danieldavis,1997-06-11,1997,669721.0,27582.0,a1e8accc,a1e8accc-d7f7-444b-a2bf-bba1a13ba110,danid001,danieda01,daniel008dav,27582.0,Daniel,Davis,Robert Davis,1997.0,6.0,11.0,2021.0,2026.0,2023.0,2025.0,Davis Daniel,1997-06-11,|danieldavis,|danieldavis,1997-06-11,1997.0,register_id,1.0
crim--000bla,Blaine Crim,1997-06-17,"Mobile, AL, US",|blainecrim,|blaineglim,1997-06-17,1997,688760.0,25714.0,11ca2cf2,11ca2cf2-74e4-4ce5-809f-d38401d458b5,crimb001,crimbl01,crim--000bla,25714.0,Crim,Blaine,Linton Blaine,1997.0,6.0,17.0,2019.0,2026.0,2025.0,2025.0,Blaine Crim,1997-06-17,|blainecrim,|blaineglim,1997-06-17,1997.0,register_id,1.0
venezi000ant,Anthony Veneziano,1997-09-01,"Hackettstown, NJ, US",|anthonyveneziano,|andonyveneziano,1997-09-01,1997,685107.0,27453.0,75a8d62c,75a8d62c-8d55-40ae-be83-49dd6593ed87,venea001,venezan01,venezi000ant,27453.0,Veneziano,Anthony,Anthony James,1997.0,9.0,1.0,2019.0,2026.0,2023.0,2025.0,Anthony Veneziano,1997-09-01,|anthonyveneziano,|andonyveneziano,1997-09-01,1997.0,register_id,1.0
floria000est,Estevan Florial,1997-11-25,"Barahona, Barahona, DO",|estevanflorial,|esdevanflolial,1997-11-25,1997,664314.0,19151.0,88154183,88154183-770b-484e-a96e-cfcde0c26475,flore001,flories01,floria000est,19151.0,Florial,Estevan,Estevan Haniel,1997.0,11.0,25.0,2015.0,2026.0,2020.0,2024.0,Estevan Florial,1997-11-25,|estevanflorial,|esdevanflolial,1997-11-25,1997.0,register_id,1.0
rodrig004elv,Elvin Rodríguez,1998-03-31,"San Cristobal, San Cristobal, DO",|elvinrodriguez,|elvinlodligoez,1998-03-31,1998,660730.0,20962.0,537c3ef4,537c3ef4-6faf-4f85-bb85-fb405c2a7a67,rodre005,rodriel02,rodrig004elv,20962.0,Rodríguez,Elvin,Elvin Miguel,1998.0,3.0,31.0,2015.0,2026.0,2022.0,2025.0,Elvin Rodríguez,1998-03-31,|elvinrodriguez,|elvinlodligoez,1998-03-31,1998.0,register_id,1.0
wiles-000nat,Nathan Wiles,1998-07-02,"Overland Park, KS, US",|nathanwiles,|nadanwiles,1998-07-02,1998,686249.0,25474.0,65608981,65608981-8fce-4573-a64b-066ae9faa461,wilen001,wilesna01,wiles-000nat,25474.0,Wiles,Nathan,Nathan Daniel,1998.0,7.0,2.0,2019.0,2026.0,2025.0,2025.0,Nathan Wiles,1998-07-02,|nathanwiles,|nadanwiles,1998-07-02,1998.0,register_id,1.0
ko----001woo,Woo-Suk Go,1998-08-06,"Ganghwa-gun, KR",KO|sukwoo,KO|sogwo,1998-08-06,1998,808970.0,,665a2f26,665a2f26-6348-4804-acc9-b723e69722c8,,gowo01,ko----001woo,,Go,Woo Suk,Woo Suk,1998.0,8.0,6.0,2017.0,2026.0,2026.0,2026.0,Woo Suk Go,1998-08-06,KO|sukwoo,KO|sogwo,1998-08-06,1998.0,register_id,1.0
lee---009jun,Jung Hoo Lee,1998-08-20,"Nagoya, Aichi, JP",LEE|hoojung,LEE|hojong,1998-08-20,1998,808982.0,33824.0,155c4b51,155c4b51-488b-4d8f-8ea2-8ec245fea6fa,lee-j001,leeju01,lee---009jun,33824.0,Lee,Jung Hoo,Jung Hoo,1998.0,8.0,20.0,2017.0,2026.0,2024.0,2026.0,Jung Hoo Lee,1998-08-20,LEE|hoojung,LEE|hojong,1998-08-20,1998.0,register_id,1.0
balazo000jor,Jordan Balazovic,1998-09-17,"Mississauga, ON, CA",|balazovicjordan,|balazovigjoldan,1998-09-17,1998,666364.0,21866.0,9e8503f6,9e8503f6-ea92-485f-838b-0791c15219d5,balaj001,balazjo02,balazo000jor,21866.0,Balazovic,Jordan,Jordan Blake,1998.0,9.0,17.0,2016.0,2026.0,2023.0,2023.0,Jordan Balazovic,1998-09-17,|balazovicjordan,|balazovigjoldan,1998-09-17,1998.0,register_id,1.0
sauer-000mat,Matt Sauer,1999-01-21,"Santa Maria, CA, US",|mattsauer,|madsaoel,1999-01-21,1999,669422.0,22284.0,5b39db1c,5b39db1c-993b-429c-af72-f80996966d08,sauem001,sauerma01,sauer-000mat,22284.0,Sauer,Matt,Matthew David,1999.0,1.0,21.0,2017.0,2026.0,2024.0,2025.0,Matt Sauer,1999-01-21,|mattsauer,|madsaoel,1999-01-21,1999.0,register_id,1.0
kim---016hye,Hyeseong Kim,1999-01-27,"Goyang, KR",KIM|hyeseong,KIM|hyesong,1999-01-27,1999,808975.0,35322.0,28d7dd04,28d7dd04-5799-4757-8b57-125b7ddc3b7a,kim-h003,kimhy02,kim---016hye,35322.0,Kim,Hyeseong,Hyeseong,1999.0,1.0,27.0,2017.0,2026.0,2025.0,2026.0,Hyeseong Kim,1999-01-27,KIM|hyeseong,KIM|hyesong,1999-01-27,1999.0,register_id,1.0
white-000owe,Owen White,1999-08-09,"Mount Ulla, NC, US",|owenwhite,|owenwhide,1999-08-09,1999,669391.0,22273.0,31805fb2,31805fb2-6684-4dcd-a278-02aea83b41d9,whito001,whiteow01,white-000owe,22273.0,White,Owen,William Timothy Owen,1999.0,8.0,9.0,2021.0,2026.0,2023.0,2025.0,Owen White,1999-08-09,|owenwhite,|owenwhide,1999-08-09,1999.0,register_id,1.0
olough000jac,Jack O'Loughlin,2000-03-14,"Adelaide, South Australia, AU",|jackoloughlin,|jagologhlin,2000-03-14,2000,672552.0,22690.0,267c5498,267c5498-643d-46af-9b54-f190baec5aef,olouj001,olougja01,olough000jac,22690.0,O'Loughlin,Jack,Jack Te Haki,2000.0,3.0,14.0,2016.0,2026.0,2024.0,2024.0,Jack O'Loughlin,2000-03-14,|jackoloughlin,|jagologhlin,2000-03-14,2000.0,register_id,1.0
